ISO-10303-21;
HEADER;
FILE_DESCRIPTION(('ViewDefinition [CoordinationView]'),'2;1');
FILE_NAME('\X2\D504B85CC81DD2B8\X0\3_IFC4_donghan_color_20260514_101938.ifc','2026-05-14T10:55:27+09:00',(''),(''),'IfcOpenShell 0.8.5-post1','Bonsai 0.8.5-post1','');
FILE_SCHEMA(('IFC4'));
ENDSEC;
DATA;
#1=IFCAXIS2PLACEMENT3D(#2,$,$);
#2=IFCCARTESIANPOINT((0.,0.,0.));
#3=IFCAXIS2PLACEMENT3D(#2,$,$);
#4=IFCAXIS2PLACEMENT3D(#2,$,$);
#5=IFCAXIS2PLACEMENT3D(#2,$,$);
#6=IFCAXIS2PLACEMENT3D(#2,$,$);
#7=IFCAXIS2PLACEMENT3D(#2,$,$);
#8=IFCAXIS2PLACEMENT3D(#2,$,$);
#9=IFCRECTANGLEPROFILEDEF(.AREA.,$,#10,914.99999999999989,2133.9999999999995);
#10=IFCAXIS2PLACEMENT2D(#11,#12);
#11=IFCCARTESIANPOINT((1066.9999999999998,457.50000000000006));
#12=IFCDIRECTION((0.,-1.));
#13=IFCAXIS2PLACEMENT3D(#2,#14,#15);
#14=IFCDIRECTION((0.,-1.,0.));
#15=IFCDIRECTION((0.,0.,1.));
#16=IFCEXTRUDEDAREASOLID(#9,#13,#15,200.);
#17=IFCSHAPEREPRESENTATION(#18,'Body','SweptSolid',(#16));
#18=IFCGEOMETRICREPRESENTATIONSUBCONTEXT('Body','Model',*,*,*,*,#19,$,.MODEL_VIEW.,$);
#19=IFCGEOMETRICREPRESENTATIONCONTEXT($,'Model',3,0.01,#20,#21);
#20=IFCAXIS2PLACEMENT3D(#2,$,$);
#21=IFCDIRECTION((0.,1.));
#22=IFCPRODUCTDEFINITIONSHAPE($,$,(#17));
#23=IFCCARTESIANPOINT((1415.,100.,0.));
#24=IFCAXIS2PLACEMENT3D(#23,$,$);
#25=IFCLOCALPLACEMENT(#26,#24);
#26=IFCLOCALPLACEMENT(#27,#34);
#27=IFCLOCALPLACEMENT(#28,#32);
#28=IFCLOCALPLACEMENT(#29,#31);
#29=IFCLOCALPLACEMENT($,#30);
#30=IFCAXIS2PLACEMENT3D(#2,$,$);
#31=IFCAXIS2PLACEMENT3D(#2,$,$);
#32=IFCAXIS2PLACEMENT3D(#33,$,$);
#33=IFCCARTESIANPOINT((0.,0.,2500.));
#34=IFCAXIS2PLACEMENT3D(#35,$,$);
#35=IFCCARTESIANPOINT((671.51514827818596,-9074.3420126071942,0.));
#36=IFCOPENINGELEMENT('0cH31EpfMxb9mvVVQ5Q6tD',#37,'\X2\B2E8C77C\X0\-\X2\D50CB7ECC2DC\X0\:0915 x 2134mm:152970:1',$,'Opening',#25,#22,'152970',$);
#37=IFCOWNERHISTORY(#38,#41,$,.NOCHANGE.,$,$,$,1778487490);
#38=IFCPERSONANDORGANIZATION(#39,#40,$);
#39=IFCPERSON($,'','hnn06134',$,$,$,$,$);
#40=IFCORGANIZATION($,'','',$,$);
#41=IFCAPPLICATION(#42,'2027','Autodesk Revit 2027 (KOR)','Revit');
#42=IFCORGANIZATION($,'Autodesk Revit 2027 (KOR)',$,$,$);
#43=IFCRELVOIDSELEMENT('2znubWhPDD4wn7FhKE24c3',#37,$,$,#44,#36);
#44=IFCWALLSTANDARDCASE('2znubWhPDD4wn7Fg4E24aw',#37,'\X2\AE30BCF8\X0\ \X2\BCBD\X0\:\X2\C77CBC18\X0\ - 200mm:152883',$,$,#26,#45,'152883',$);
#45=IFCPRODUCTDEFINITIONSHAPE($,$,(#46,#51));
#46=IFCSHAPEREPRESENTATION(#47,'Axis','Curve2D',(#48));
#47=IFCGEOMETRICREPRESENTATIONSUBCONTEXT('Axis','Model',*,*,*,*,#19,$,.GRAPH_VIEW.,$);
#48=IFCPOLYLINE((#49,#50));
#49=IFCCARTESIANPOINT((0.,0.));
#50=IFCCARTESIANPOINT((3113.3859588516943,0.));
#51=IFCSHAPEREPRESENTATION(#18,'Body','SweptSolid',(#52));
#52=IFCEXTRUDEDAREASOLID(#53,#57,#15,2500.);
#53=IFCRECTANGLEPROFILEDEF(.AREA.,$,#54,3113.3859588516943,200.);
#54=IFCAXIS2PLACEMENT2D(#55,#56);
#55=IFCCARTESIANPOINT((1556.6929794258472,0.));
#56=IFCDIRECTION((-1.,0.));
#57=IFCAXIS2PLACEMENT3D(#2,$,$);
#58=IFCRELFILLSELEMENT('3ffOS2HpWcG9JkPVWyOWyN',#37,$,$,#36,#59);
#59=IFCDOOR('2znubWhPDD4wn7Fg4E24c3',#37,'\X2\B2E8C77C\X0\-\X2\D50CB7ECC2DC\X0\:0915 x 2134mm:152970',$,$,#60,#63,'152970',2133.9999999999995,915.00000000000011,$,$,$);
#60=IFCLOCALPLACEMENT(#25,#61);
#61=IFCAXIS2PLACEMENT3D(#2,#15,#62);
#62=IFCDIRECTION((-1.,0.,0.));
#63=IFCPRODUCTDEFINITIONSHAPE($,$,(#64));
#64=IFCSHAPEREPRESENTATION(#18,'Body','MappedRepresentation',(#65));
#65=IFCMAPPEDITEM(#66,#103);
#66=IFCREPRESENTATIONMAP(#67,#68);
#67=IFCAXIS2PLACEMENT3D(#2,$,$);
#68=IFCSHAPEREPRESENTATION(#18,'Body','SweptSolid',(#69,#82,#96));
#69=IFCEXTRUDEDAREASOLID(#70,#80,#15,24.999999999994451);
#70=IFCARBITRARYCLOSEDPROFILEDEF(.AREA.,'0915 x 2134mm',#71);
#71=IFCPOLYLINE((#72,#73,#74,#75,#76,#77,#78,#79,#72));
#72=IFCCARTESIANPOINT((-533.49999999999989,-1124.));
#73=IFCCARTESIANPOINT((533.49999999999977,-1124.));
#74=IFCCARTESIANPOINT((533.49999999999977,1086.));
#75=IFCCARTESIANPOINT((457.49999999999977,1086.));
#76=IFCCARTESIANPOINT((457.49999999999977,-1048.));
#77=IFCCARTESIANPOINT((-457.4999999999996,-1048.));
#78=IFCCARTESIANPOINT((-457.4999999999996,1086.));
#79=IFCCARTESIANPOINT((-533.49999999999989,1086.));
#80=IFCAXIS2PLACEMENT3D(#81,#14,#62);
#81=IFCCARTESIANPOINT((457.50000000000023,225.,1086.));
#82=IFCEXTRUDEDAREASOLID(#83,#93,#15,25.000000000005567);
#83=IFCARBITRARYCLOSEDPROFILEDEF(.AREA.,'0915 x 2134mm',#84);
#84=IFCPOLYLINE((#85,#86,#87,#88,#89,#90,#91,#92,#85));
#85=IFCCARTESIANPOINT((-1124.,-533.49999999999727));
#86=IFCCARTESIANPOINT((1086.,-533.49999999999727));
#87=IFCCARTESIANPOINT((1086.,-457.50000000000716));
#88=IFCCARTESIANPOINT((-1048.,-457.50000000000716));
#89=IFCCARTESIANPOINT((-1048.,457.50000000000193));
#90=IFCCARTESIANPOINT((1086.,457.50000000000193));
#91=IFCCARTESIANPOINT((1086.,533.5000000000025));
#92=IFCCARTESIANPOINT((-1124.,533.5000000000025));
#93=IFCAXIS2PLACEMENT3D(#94,#14,#95);
#94=IFCCARTESIANPOINT((457.49999999999756,-0.,1086.));
#95=IFCDIRECTION((0.,0.,-1.));
#96=IFCEXTRUDEDAREASOLID(#97,#101,#15,2133.9999999999991);
#97=IFCRECTANGLEPROFILEDEF(.AREA.,'0915 x 2134mm',#98,914.99999999999977,51.);
#98=IFCAXIS2PLACEMENT2D(#99,#100);
#99=IFCCARTESIANPOINT((0.,5.3290705182007514E-15));
#100=IFCDIRECTION((1.,0.));
#101=IFCAXIS2PLACEMENT3D(#102,$,$);
#102=IFCCARTESIANPOINT((457.50000000000034,174.4999999999954,0.));
#103=IFCCARTESIANTRANSFORMATIONOPERATOR3D($,$,#2,1.,$);
#104=IFCCARTESIANPOINT((999.99999999999739,949.99999999999977));
#105=IFCAXIS2PLACEMENT2D(#104,#100);
#106=IFCRECTANGLEPROFILEDEF(.AREA.,$,#105,1999.9999999999952,1899.9999999999986);
#107=IFCAXIS2PLACEMENT3D(#2,#108,#15);
#108=IFCDIRECTION((0.,1.,0.));
#109=IFCEXTRUDEDAREASOLID(#106,#107,#15,200.);
#110=IFCSHAPEREPRESENTATION(#18,'Body','SweptSolid',(#109));
#111=IFCPRODUCTDEFINITIONSHAPE($,$,(#110));
#112=IFCCARTESIANPOINT((6819.0056982350825,-100.,520.));
#113=IFCAXIS2PLACEMENT3D(#112,$,$);
#114=IFCLOCALPLACEMENT(#115,#113);
#115=IFCLOCALPLACEMENT(#27,#116);
#116=IFCAXIS2PLACEMENT3D(#117,#15,#62);
#117=IFCCARTESIANPOINT((5490.5208465132628,-12780.963893809367,0.));
#118=IFCOPENINGELEMENT('1$Xwu99c$FuejYicDrCnOA',#37,'\X2\ACE0C815B428\X0\:0406 x 0610mm:189252:1',$,'Opening',#114,#111,'189252',$);
#119=IFCRELVOIDSELEMENT('3gwEtOFi5AUg4WUK_h2o3a',#37,$,$,#120,#118);
#120=IFCWALLSTANDARDCASE('2znubWhPDD4wn7Fg4E24i6',#37,'\X2\AE30BCF8\X0\ \X2\BCBD\X0\:\X2\C77CBC18\X0\ - 200mm:153359',$,$,#115,#121,'153359',$);
#121=IFCPRODUCTDEFINITIONSHAPE($,$,(#122,#125));
#122=IFCSHAPEREPRESENTATION(#47,'Axis','Curve2D',(#123));
#123=IFCPOLYLINE((#49,#124));
#124=IFCCARTESIANPOINT((9839.0056982350852,-0.));
#125=IFCSHAPEREPRESENTATION(#18,'Body','SweptSolid',(#126));
#126=IFCEXTRUDEDAREASOLID(#127,#130,#15,2500.);
#127=IFCRECTANGLEPROFILEDEF(.AREA.,$,#128,9839.0056982350834,200.00000000000216);
#128=IFCAXIS2PLACEMENT2D(#129,#56);
#129=IFCCARTESIANPOINT((4919.5028491175417,-3.2684965844964609E-13));
#130=IFCAXIS2PLACEMENT3D(#2,$,$);
#131=IFCRELFILLSELEMENT('26hYfK82fzvc3H4Tvz3lzM',#37,$,$,#118,#132);
#132=IFCWINDOW('3gwEtOFi5AUg4WULkh2o3a',#37,'\X2\ACE0C815B428\X0\:0406 x 0610mm:189252',$,$,#133,#135,'189252',1999.9999999999948,1899.9999999999984,$,$,$);
#133=IFCLOCALPLACEMENT(#114,#134);
#134=IFCAXIS2PLACEMENT3D(#2,$,$);
#135=IFCPRODUCTDEFINITIONSHAPE($,$,(#136));
#136=IFCSHAPEREPRESENTATION(#18,'Body','MappedRepresentation',(#137));
#137=IFCMAPPEDITEM(#138,#103);
#138=IFCREPRESENTATIONMAP(#139,#140);
#139=IFCAXIS2PLACEMENT3D(#2,$,$);
#140=IFCSHAPEREPRESENTATION(#18,'Body','SweptSolid',(#141,#147,#162,#176));
#141=IFCEXTRUDEDAREASOLID(#142,#145,#15,1874.0000000000043);
#142=IFCRECTANGLEPROFILEDEF(.AREA.,'0406 x 0610mm',#143,11.999999999999996,1773.9999999999959);
#143=IFCAXIS2PLACEMENT2D(#144,#100);
#144=IFCCARTESIANPOINT((8.4376949871511897E-15,0.));
#145=IFCAXIS2PLACEMENT3D(#146,#15,#14);
#146=IFCCARTESIANPOINT((950.,159.,63.));
#147=IFCEXTRUDEDAREASOLID(#148,#159,#15,44.000000000027441);
#148=IFCARBITRARYPROFILEDEFWITHVOIDS(.AREA.,'0406 x 0610mm',#149,(#154));
#149=IFCPOLYLINE((#150,#151,#152,#153,#150));
#150=IFCCARTESIANPOINT((-931.,-981.));
#151=IFCCARTESIANPOINT((931.,-981.));
#152=IFCCARTESIANPOINT((931.,981.));
#153=IFCCARTESIANPOINT((-931.,981.));
#154=IFCPOLYLINE((#155,#156,#157,#158,#155));
#155=IFCCARTESIANPOINT((-887.,-937.));
#156=IFCCARTESIANPOINT((-887.,937.));
#157=IFCCARTESIANPOINT((887.,937.));
#158=IFCCARTESIANPOINT((887.,-937.));
#159=IFCAXIS2PLACEMENT3D(#160,#108,#161);
#160=IFCCARTESIANPOINT((950.,137.,1000.));
#161=IFCDIRECTION((1.,0.,0.));
#162=IFCEXTRUDEDAREASOLID(#163,#174,#15,63.000000000027434);
#163=IFCARBITRARYPROFILEDEFWITHVOIDS(.AREA.,'0406 x 0610mm',#164,(#169));
#164=IFCPOLYLINE((#165,#166,#167,#168,#165));
#165=IFCCARTESIANPOINT((-950.,-1000.));
#166=IFCCARTESIANPOINT((950.,-1000.));
#167=IFCCARTESIANPOINT((950.,1000.));
#168=IFCCARTESIANPOINT((-950.,1000.));
#169=IFCPOLYLINE((#170,#171,#172,#173,#170));
#170=IFCCARTESIANPOINT((-931.,-981.));
#171=IFCCARTESIANPOINT((-931.,981.));
#172=IFCCARTESIANPOINT((931.,981.));
#173=IFCCARTESIANPOINT((931.,-981.));
#174=IFCAXIS2PLACEMENT3D(#175,#108,#161);
#175=IFCCARTESIANPOINT((950.,137.,1000.));
#176=IFCEXTRUDEDAREASOLID(#177,#188,#15,136.99999999997257);
#177=IFCARBITRARYPROFILEDEFWITHVOIDS(.AREA.,'0406 x 0610mm',#178,(#183));
#178=IFCPOLYLINE((#179,#180,#181,#182,#179));
#179=IFCCARTESIANPOINT((-950.,-1000.));
#180=IFCCARTESIANPOINT((950.,-1000.));
#181=IFCCARTESIANPOINT((950.,1000.));
#182=IFCCARTESIANPOINT((-950.,1000.));
#183=IFCPOLYLINE((#184,#185,#186,#187,#184));
#184=IFCCARTESIANPOINT((-918.,-968.));
#185=IFCCARTESIANPOINT((-918.,968.));
#186=IFCCARTESIANPOINT((918.,968.));
#187=IFCCARTESIANPOINT((918.,-968.));
#188=IFCAXIS2PLACEMENT3D(#189,#108,#161);
#189=IFCCARTESIANPOINT((950.,-0.,1000.));
#190=IFCCARTESIANPOINT((999.99999999999739,949.99999999999977));
#191=IFCAXIS2PLACEMENT2D(#190,#100);
#192=IFCRECTANGLEPROFILEDEF(.AREA.,$,#191,1999.9999999999952,1899.9999999999986);
#193=IFCAXIS2PLACEMENT3D(#2,#108,#15);
#194=IFCEXTRUDEDAREASOLID(#192,#193,#15,200.);
#195=IFCSHAPEREPRESENTATION(#18,'Body','SweptSolid',(#194));
#196=IFCPRODUCTDEFINITIONSHAPE($,$,(#195));
#197=IFCCARTESIANPOINT((4919.0056982350834,-100.,520.));
#198=IFCAXIS2PLACEMENT3D(#197,$,$);
#199=IFCLOCALPLACEMENT(#115,#198);
#200=IFCOPENINGELEMENT('2orlbzWXg5oiBKe1cfZ2x5',#37,'\X2\ACE0C815B428\X0\:0406 x 0610mm:189424:1',$,'Opening',#199,#196,'189424',$);
#201=IFCRELVOIDSELEMENT('3gwEtOFi5AUg4WUK_h2o1G',#37,$,$,#120,#200);
#202=IFCRELFILLSELEMENT('2Nh59p1xV0h6wFitD86lRs',#37,$,$,#200,#203);
#203=IFCWINDOW('3gwEtOFi5AUg4WULkh2o1G',#37,'\X2\ACE0C815B428\X0\:0406 x 0610mm:189424',$,$,#204,#206,'189424',1999.9999999999948,1899.9999999999984,$,$,$);
#204=IFCLOCALPLACEMENT(#199,#205);
#205=IFCAXIS2PLACEMENT3D(#2,$,$);
#206=IFCPRODUCTDEFINITIONSHAPE($,$,(#207));
#207=IFCSHAPEREPRESENTATION(#18,'Body','MappedRepresentation',(#208));
#208=IFCMAPPEDITEM(#138,#103);
#209=IFCCARTESIANPOINT((1066.9999999999998,457.50000000000011));
#210=IFCAXIS2PLACEMENT2D(#209,#12);
#211=IFCRECTANGLEPROFILEDEF(.AREA.,$,#210,914.99999999999977,2133.9999999999995);
#212=IFCAXIS2PLACEMENT3D(#2,#108,#15);
#213=IFCEXTRUDEDAREASOLID(#211,#212,#15,200.);
#214=IFCSHAPEREPRESENTATION(#18,'Body','SweptSolid',(#213));
#215=IFCPRODUCTDEFINITIONSHAPE($,$,(#214));
#216=IFCCARTESIANPOINT((100.,-100.,0.));
#217=IFCAXIS2PLACEMENT3D(#216,$,$);
#218=IFCLOCALPLACEMENT(#219,#217);
#219=IFCLOCALPLACEMENT(#27,#220);
#220=IFCAXIS2PLACEMENT3D(#221,#15,#108);
#221=IFCCARTESIANPOINT((571.51514827818994,-7374.3420126071942,0.));
#222=IFCOPENINGELEMENT('2eacg2mDMZr5O8vWsbhect',#37,'\X2\B2E8C77C\X0\-\X2\D50CB7ECC2DC\X0\:0915 x 2134mm:182597:1',$,'Opening',#218,#215,'182597',$);
#223=IFCRELVOIDSELEMENT('2QLDczdKX9Fg7Ur5brIUVf',#37,$,$,#224,#222);
#224=IFCWALLSTANDARDCASE('2QLDczdKX9Fg7Ur4rrIUPb',#37,'\X2\AE30BCF8\X0\ \X2\BCBD\X0\:\X2\C77CBC18\X0\ - 200mm:182473',$,$,#219,#225,'182473',$);
#225=IFCPRODUCTDEFINITIONSHAPE($,$,(#226,#229));
#226=IFCSHAPEREPRESENTATION(#47,'Axis','Curve2D',(#227));
#227=IFCPOLYLINE((#49,#228));
#228=IFCCARTESIANPOINT((4672.2327504355362,-0.));
#229=IFCSHAPEREPRESENTATION(#18,'Body','SweptSolid',(#230));
#230=IFCEXTRUDEDAREASOLID(#231,#234,#15,2500.);
#231=IFCRECTANGLEPROFILEDEF(.AREA.,$,#232,4672.2327504355353,200.);
#232=IFCAXIS2PLACEMENT2D(#233,#100);
#233=IFCCARTESIANPOINT((2336.1163752177681,-2.1316282072803006E-14));
#234=IFCAXIS2PLACEMENT3D(#2,$,$);
#235=IFCRELFILLSELEMENT('1teMFVNW83QPmy_Z3BTvha',#37,$,$,#222,#236);
#236=IFCDOOR('2QLDczdKX9Fg7Ur4rrIUVf',#37,'\X2\B2E8C77C\X0\-\X2\D50CB7ECC2DC\X0\:0915 x 2134mm:182597',$,$,#237,#239,'182597',2133.9999999999995,914.99999999999989,$,$,$);
#237=IFCLOCALPLACEMENT(#218,#238);
#238=IFCAXIS2PLACEMENT3D(#2,$,$);
#239=IFCPRODUCTDEFINITIONSHAPE($,$,(#240));
#240=IFCSHAPEREPRESENTATION(#18,'Body','MappedRepresentation',(#241));
#241=IFCMAPPEDITEM(#66,#103);
#242=IFCUNITASSIGNMENT((#243,#244,#245,#246,#250));
#243=IFCSIUNIT(*,.LENGTHUNIT.,.MILLI.,.METRE.);
#244=IFCSIUNIT(*,.AREAUNIT.,$,.SQUARE_METRE.);
#245=IFCSIUNIT(*,.VOLUMEUNIT.,$,.CUBIC_METRE.);
#246=IFCCONVERSIONBASEDUNIT(#247,.PLANEANGLEUNIT.,'DEGREE',#248);
#247=IFCDIMENSIONALEXPONENTS(0,0,0,0,0,0,0);
#248=IFCMEASUREWITHUNIT(IFCPLANEANGLEMEASURE(0.017453292519943278),#249);
#249=IFCSIUNIT(*,.PLANEANGLEUNIT.,$,.RADIAN.);
#250=IFCDERIVEDUNIT((#251,#253,#255),.THERMALTRANSMITTANCEUNIT.,$);
#251=IFCDERIVEDUNITELEMENT(#252,1);
#252=IFCSIUNIT(*,.MASSUNIT.,.KILO.,.GRAM.);
#253=IFCDERIVEDUNITELEMENT(#254,-1);
#254=IFCSIUNIT(*,.THERMODYNAMICTEMPERATUREUNIT.,$,.KELVIN.);
#255=IFCDERIVEDUNITELEMENT(#256,-3);
#256=IFCSIUNIT(*,.TIMEUNIT.,$,.SECOND.);
#257=IFCAXIS2PLACEMENT3D(#2,$,$);
#258=IFCAXIS2PLACEMENT3D(#2,$,$);
#259=IFCAXIS2PLACEMENT3D(#2,$,$);
#260=IFCAXIS2PLACEMENT3D(#2,$,$);
#261=IFCAXIS2PLACEMENT3D(#2,$,$);
#262=IFCAXIS2PLACEMENT3D(#2,$,$);
#263=IFCLOCALPLACEMENT(#264,#262);
#264=IFCLOCALPLACEMENT(#265,#270);
#265=IFCLOCALPLACEMENT(#266,#268);
#266=IFCLOCALPLACEMENT(#28,#267);
#267=IFCAXIS2PLACEMENT3D(#2,$,$);
#268=IFCAXIS2PLACEMENT3D(#269,#15,#14);
#269=IFCCARTESIANPOINT((8290.5208465132691,-2864.6438757783503,0.));
#270=IFCAXIS2PLACEMENT3D(#271,$,$);
#271=IFCCARTESIANPOINT((400.,-100.,915.));
#272=IFCCARTESIANPOINT((609.99999999999886,202.99999999999989));
#273=IFCAXIS2PLACEMENT2D(#272,#100);
#274=IFCRECTANGLEPROFILEDEF(.AREA.,$,#273,1219.9999999999977,405.99999999999977);
#275=IFCAXIS2PLACEMENT3D(#2,#108,#15);
#276=IFCEXTRUDEDAREASOLID(#274,#275,#15,200.);
#277=IFCSHAPEREPRESENTATION(#18,'Body','SweptSolid',(#276));
#278=IFCPRODUCTDEFINITIONSHAPE($,$,(#277));
#279=IFCCARTESIANPOINT((2020.1009901886769,-100.,915.));
#280=IFCAXIS2PLACEMENT3D(#279,$,$);
#281=IFCLOCALPLACEMENT(#265,#280);
#282=IFCOPENINGELEMENT('3OLhglTyvN1GyFV3xjq2L5',#37,'\X2\ACE0C815B428\X0\:0406 x 1220mm:148309:1',$,'Opening',#281,#278,'148309',$);
#283=IFCRELVOIDSELEMENT('2znubWhPDD4wn7FhKE25zS',#37,$,$,#284,#282);
#284=IFCWALLSTANDARDCASE('2znubWhPDD4wn7Fg4E23JJ',#37,'\X2\AE30BCF8\X0\ \X2\BCBD\X0\:\X2\C77CBC18\X0\ - 200mm:141530',$,$,#265,#285,'141530',$);
#285=IFCPRODUCTDEFINITIONSHAPE($,$,(#286,#289));
#286=IFCSHAPEREPRESENTATION(#47,'Axis','Curve2D',(#287));
#287=IFCPOLYLINE((#49,#288));
#288=IFCCARTESIANPOINT((5200.,0.));
#289=IFCSHAPEREPRESENTATION(#18,'Body','SweptSolid',(#290));
#290=IFCEXTRUDEDAREASOLID(#291,#294,#15,2500.);
#291=IFCRECTANGLEPROFILEDEF(.AREA.,$,#292,5200.0000000000073,200.);
#292=IFCAXIS2PLACEMENT2D(#293,#56);
#293=IFCCARTESIANPOINT((2600.0000000000036,0.));
#294=IFCAXIS2PLACEMENT3D(#2,$,$);
#295=IFCRELFILLSELEMENT('26$HLVxLN2ff6FL93itebC',#37,$,$,#282,#296);
#296=IFCWINDOW('2znubWhPDD4wn7Fg4E25zS',#37,'\X2\ACE0C815B428\X0\:0406 x 1220mm:148309',$,$,#297,#299,'148309',1219.9999999999977,405.99999999999977,$,$,$);
#297=IFCLOCALPLACEMENT(#281,#298);
#298=IFCAXIS2PLACEMENT3D(#2,$,$);
#299=IFCPRODUCTDEFINITIONSHAPE($,$,(#300));
#300=IFCSHAPEREPRESENTATION(#18,'Body','MappedRepresentation',(#301));
#301=IFCMAPPEDITEM(#302,#103);
#302=IFCREPRESENTATIONMAP(#303,#304);
#303=IFCAXIS2PLACEMENT3D(#2,$,$);
#304=IFCSHAPEREPRESENTATION(#18,'Body','SweptSolid',(#305,#311,#325,#339));
#305=IFCEXTRUDEDAREASOLID(#306,#309,#15,1094.0000000000068);
#306=IFCRECTANGLEPROFILEDEF(.AREA.,'0406 x 1220mm',#307,11.999999999999996,279.99999999999733);
#307=IFCAXIS2PLACEMENT2D(#308,#100);
#308=IFCCARTESIANPOINT((8.4376949871511897E-15,0.));
#309=IFCAXIS2PLACEMENT3D(#310,#15,#14);
#310=IFCCARTESIANPOINT((203.,159.,63.));
#311=IFCEXTRUDEDAREASOLID(#312,#323,#15,44.000000000027441);
#312=IFCARBITRARYPROFILEDEFWITHVOIDS(.AREA.,'0406 x 1220mm',#313,(#318));
#313=IFCPOLYLINE((#314,#315,#316,#317,#314));
#314=IFCCARTESIANPOINT((-184.,-591.));
#315=IFCCARTESIANPOINT((184.,-591.));
#316=IFCCARTESIANPOINT((184.,591.));
#317=IFCCARTESIANPOINT((-184.,591.));
#318=IFCPOLYLINE((#319,#320,#321,#322,#319));
#319=IFCCARTESIANPOINT((-140.,-547.));
#320=IFCCARTESIANPOINT((-140.,547.));
#321=IFCCARTESIANPOINT((140.,547.));
#322=IFCCARTESIANPOINT((140.,-547.));
#323=IFCAXIS2PLACEMENT3D(#324,#108,#161);
#324=IFCCARTESIANPOINT((203.,137.,610.));
#325=IFCEXTRUDEDAREASOLID(#326,#337,#15,63.000000000027434);
#326=IFCARBITRARYPROFILEDEFWITHVOIDS(.AREA.,'0406 x 1220mm',#327,(#332));
#327=IFCPOLYLINE((#328,#329,#330,#331,#328));
#328=IFCCARTESIANPOINT((-203.,-610.));
#329=IFCCARTESIANPOINT((203.,-610.));
#330=IFCCARTESIANPOINT((203.,610.));
#331=IFCCARTESIANPOINT((-203.,610.));
#332=IFCPOLYLINE((#333,#334,#335,#336,#333));
#333=IFCCARTESIANPOINT((-184.,-591.));
#334=IFCCARTESIANPOINT((-184.,591.));
#335=IFCCARTESIANPOINT((184.,591.));
#336=IFCCARTESIANPOINT((184.,-591.));
#337=IFCAXIS2PLACEMENT3D(#338,#108,#161);
#338=IFCCARTESIANPOINT((203.,137.,610.));
#339=IFCEXTRUDEDAREASOLID(#340,#351,#15,136.99999999997257);
#340=IFCARBITRARYPROFILEDEFWITHVOIDS(.AREA.,'0406 x 1220mm',#341,(#346));
#341=IFCPOLYLINE((#342,#343,#344,#345,#342));
#342=IFCCARTESIANPOINT((-203.,-610.));
#343=IFCCARTESIANPOINT((203.,-610.));
#344=IFCCARTESIANPOINT((203.,610.));
#345=IFCCARTESIANPOINT((-203.,610.));
#346=IFCPOLYLINE((#347,#348,#349,#350,#347));
#347=IFCCARTESIANPOINT((-171.,-578.));
#348=IFCCARTESIANPOINT((-171.,578.));
#349=IFCCARTESIANPOINT((171.,578.));
#350=IFCCARTESIANPOINT((171.,-578.));
#351=IFCAXIS2PLACEMENT3D(#352,#108,#161);
#352=IFCCARTESIANPOINT((203.,0.,610.));
#353=IFCCARTESIANPOINT((1066.9999999999998,457.49999999999949));
#354=IFCAXIS2PLACEMENT2D(#353,#21);
#355=IFCRECTANGLEPROFILEDEF(.AREA.,$,#354,914.99999999999977,2133.9999999999995);
#356=IFCAXIS2PLACEMENT3D(#2,#108,#15);
#357=IFCEXTRUDEDAREASOLID(#355,#356,#15,200.);
#358=IFCSHAPEREPRESENTATION(#18,'Body','SweptSolid',(#357));
#359=IFCPRODUCTDEFINITIONSHAPE($,$,(#358));
#360=IFCCARTESIANPOINT((2291.10099018868,-100.,0.));
#361=IFCAXIS2PLACEMENT3D(#360,$,$);
#362=IFCLOCALPLACEMENT(#363,#361);
#363=IFCLOCALPLACEMENT(#266,#364);
#364=IFCAXIS2PLACEMENT3D(#365,#15,#14);
#365=IFCCARTESIANPOINT((5765.7383521797174,-2864.6438757783426,0.));
#366=IFCOPENINGELEMENT('0SG$ZStsGs3laYSEtfkkWP',#37,'\X2\B2E8C77C\X0\-\X2\D50CB7ECC2DC\X0\:0915 x 2134mm:143518:1',$,'Opening',#362,#359,'143518',$);
#367=IFCRELVOIDSELEMENT('2znubWhPDD4wn7FhKE22oN',#37,$,$,#368,#366);
#368=IFCWALLSTANDARDCASE('2znubWhPDD4wn7Fg4E23Ru',#37,'\X2\AE30BCF8\X0\ \X2\BCBD\X0\:\X2\C77CBC18\X0\ - 200mm:142065',$,$,#363,#369,'142065',$);
#369=IFCPRODUCTDEFINITIONSHAPE($,$,(#370,#373));
#370=IFCSHAPEREPRESENTATION(#47,'Axis','Curve2D',(#371));
#371=IFCPOLYLINE((#49,#372));
#372=IFCCARTESIANPOINT((3226.1009901886764,-0.));
#373=IFCSHAPEREPRESENTATION(#18,'Body','SweptSolid',(#374));
#374=IFCEXTRUDEDAREASOLID(#375,#378,#15,2500.);
#375=IFCRECTANGLEPROFILEDEF(.AREA.,$,#376,3226.1009901886764,200.);
#376=IFCAXIS2PLACEMENT2D(#377,#56);
#377=IFCCARTESIANPOINT((1613.0504950943382,-1.5631940186722204E-13));
#378=IFCAXIS2PLACEMENT3D(#2,$,$);
#379=IFCRELFILLSELEMENT('2btteyUvDOYildvcog9zhX',#37,$,$,#366,#380);
#380=IFCDOOR('2znubWhPDD4wn7Fg4E22oN',#37,'\X2\B2E8C77C\X0\-\X2\D50CB7ECC2DC\X0\:0915 x 2134mm:143518',$,$,#381,#383,'143518',2133.9999999999995,914.99999999999989,$,$,$);
#381=IFCLOCALPLACEMENT(#362,#382);
#382=IFCAXIS2PLACEMENT3D(#2,$,$);
#383=IFCPRODUCTDEFINITIONSHAPE($,$,(#384));
#384=IFCSHAPEREPRESENTATION(#18,'Body','MappedRepresentation',(#385));
#385=IFCMAPPEDITEM(#386,#103);
#386=IFCREPRESENTATIONMAP(#387,#388);
#387=IFCAXIS2PLACEMENT3D(#2,$,$);
#388=IFCSHAPEREPRESENTATION(#18,'Body','SweptSolid',(#389,#402,#415));
#389=IFCEXTRUDEDAREASOLID(#390,#400,#15,24.999999999994451);
#390=IFCARBITRARYCLOSEDPROFILEDEF(.AREA.,'0915 x 2134mm',#391);
#391=IFCPOLYLINE((#392,#393,#394,#395,#396,#397,#398,#399,#392));
#392=IFCCARTESIANPOINT((-533.49999999999989,-1124.));
#393=IFCCARTESIANPOINT((533.49999999999977,-1124.));
#394=IFCCARTESIANPOINT((533.49999999999977,1086.));
#395=IFCCARTESIANPOINT((457.49999999999977,1086.));
#396=IFCCARTESIANPOINT((457.49999999999977,-1048.));
#397=IFCCARTESIANPOINT((-457.4999999999996,-1048.));
#398=IFCCARTESIANPOINT((-457.4999999999996,1086.));
#399=IFCCARTESIANPOINT((-533.49999999999989,1086.));
#400=IFCAXIS2PLACEMENT3D(#401,#108,#161);
#401=IFCCARTESIANPOINT((457.50000000000057,200.,1086.));
#402=IFCEXTRUDEDAREASOLID(#403,#413,#15,25.000000000005567);
#403=IFCARBITRARYCLOSEDPROFILEDEF(.AREA.,'0915 x 2134mm',#404);
#404=IFCPOLYLINE((#405,#406,#407,#408,#409,#410,#411,#412,#405));
#405=IFCCARTESIANPOINT((-1124.,-533.49999999999727));
#406=IFCCARTESIANPOINT((1086.,-533.49999999999727));
#407=IFCCARTESIANPOINT((1086.,-457.50000000000716));
#408=IFCCARTESIANPOINT((-1048.,-457.50000000000716));
#409=IFCCARTESIANPOINT((-1048.,457.50000000000193));
#410=IFCCARTESIANPOINT((1086.,457.50000000000193));
#411=IFCCARTESIANPOINT((1086.,533.5000000000025));
#412=IFCCARTESIANPOINT((-1124.,533.5000000000025));
#413=IFCAXIS2PLACEMENT3D(#414,#108,#95);
#414=IFCCARTESIANPOINT((457.50000000000318,-25.,1086.));
#415=IFCEXTRUDEDAREASOLID(#416,#419,#15,2133.9999999999991);
#416=IFCRECTANGLEPROFILEDEF(.AREA.,'0915 x 2134mm',#417,51.,914.99999999999977);
#417=IFCAXIS2PLACEMENT2D(#418,#100);
#418=IFCCARTESIANPOINT((-5.3290705182007514E-15,0.));
#419=IFCAXIS2PLACEMENT3D(#420,#15,#108);
#420=IFCCARTESIANPOINT((457.50000000000034,174.49999999999918,0.));
#421=IFCCARTESIANPOINT((999.99999999999795,949.9999999999992));
#422=IFCAXIS2PLACEMENT2D(#421,#100);
#423=IFCRECTANGLEPROFILEDEF(.AREA.,$,#422,1999.9999999999952,1899.9999999999984);
#424=IFCAXIS2PLACEMENT3D(#2,#14,#15);
#425=IFCEXTRUDEDAREASOLID(#423,#424,#15,200.);
#426=IFCSHAPEREPRESENTATION(#18,'Body','SweptSolid',(#425));
#427=IFCPRODUCTDEFINITIONSHAPE($,$,(#426));
#428=IFCCARTESIANPOINT((3560.,100.,915.));
#429=IFCAXIS2PLACEMENT3D(#428,$,$);
#430=IFCLOCALPLACEMENT(#431,#429);
#431=IFCLOCALPLACEMENT(#27,#432);
#432=IFCAXIS2PLACEMENT3D(#433,$,$);
#433=IFCCARTESIANPOINT((-4548.4848517218061,-2602.1092621716411,0.));
#434=IFCOPENINGELEMENT('0vet7fzY3XsI0qgtbavvS4',#37,'\X2\ACE0C815B428\X0\:0406 x 0610mm:189190:1',$,'Opening',#430,#427,'189190',$);
#435=IFCRELVOIDSELEMENT('3gwEtOFi5AUg4WUK_h2o2c',#37,$,$,#436,#434);
#436=IFCWALLSTANDARDCASE('2znubWhPDD4wn7Fg4E25Bw',#37,'\X2\AE30BCF8\X0\ \X2\BCBD\X0\:\X2\C77CBC18\X0\ - 200mm:151283',$,$,#431,#437,'151283',$);
#437=IFCPRODUCTDEFINITIONSHAPE($,$,(#438,#441));
#438=IFCSHAPEREPRESENTATION(#47,'Axis','Curve2D',(#439));
#439=IFCPOLYLINE((#49,#440));
#440=IFCCARTESIANPOINT((6614.2232039015134,0.));
#441=IFCSHAPEREPRESENTATION(#18,'Body','SweptSolid',(#442));
#442=IFCEXTRUDEDAREASOLID(#443,#446,#15,2500.);
#443=IFCRECTANGLEPROFILEDEF(.AREA.,$,#444,6614.2232039015107,200.);
#444=IFCAXIS2PLACEMENT2D(#445,#56);
#445=IFCCARTESIANPOINT((3307.1116019507563,0.));
#446=IFCAXIS2PLACEMENT3D(#2,$,$);
#447=IFCRELFILLSELEMENT('2rUIII9fVpmNo5qO9QmjPy',#37,$,$,#434,#448);
#448=IFCWINDOW('3gwEtOFi5AUg4WULkh2o2c',#37,'\X2\ACE0C815B428\X0\:0406 x 0610mm:189190',$,$,#449,#451,'189190',1999.9999999999959,1899.9999999999984,$,$,$);
#449=IFCLOCALPLACEMENT(#430,#450);
#450=IFCAXIS2PLACEMENT3D(#2,#15,#62);
#451=IFCPRODUCTDEFINITIONSHAPE($,$,(#452));
#452=IFCSHAPEREPRESENTATION(#18,'Body','MappedRepresentation',(#453));
#453=IFCMAPPEDITEM(#138,#103);
#454=IFCCARTESIANPOINT((999.99999999999795,949.99999999999977));
#455=IFCAXIS2PLACEMENT2D(#454,#100);
#456=IFCRECTANGLEPROFILEDEF(.AREA.,$,#455,1999.9999999999952,1899.9999999999986);
#457=IFCAXIS2PLACEMENT3D(#2,#108,#15);
#458=IFCEXTRUDEDAREASOLID(#456,#457,#15,200.);
#459=IFCSHAPEREPRESENTATION(#18,'Body','SweptSolid',(#458));
#460=IFCPRODUCTDEFINITIONSHAPE($,$,(#459));
#461=IFCCARTESIANPOINT((6246.621881202158,-100.,915.));
#462=IFCAXIS2PLACEMENT3D(#461,$,$);
#463=IFCLOCALPLACEMENT(#464,#462);
#464=IFCLOCALPLACEMENT(#27,#465);
#465=IFCAXIS2PLACEMENT3D(#466,#15,#108);
#466=IFCCARTESIANPOINT((-4448.4848517218215,-12880.963893809336,0.));
#467=IFCOPENINGELEMENT('0KJVqCrksqdRY7UfG4Hqw6',#37,'\X2\ACE0C815B428\X0\:0406 x 0610mm:189034:1',$,'Opening',#463,#460,'189034',$);
#468=IFCRELVOIDSELEMENT('3gwEtOFi5AUg4WUK_h2o7A',#37,$,$,#469,#467);
#469=IFCWALLSTANDARDCASE('2znubWhPDD4wn7Fg4E24rL',#37,'\X2\AE30BCF8\X0\ \X2\BCBD\X0\:\X2\C77CBC18\X0\ - 200mm:151900',$,$,#464,#470,'151900',$);
#470=IFCPRODUCTDEFINITIONSHAPE($,$,(#471,#474));
#471=IFCSHAPEREPRESENTATION(#47,'Axis','Curve2D',(#472));
#472=IFCPOLYLINE((#49,#473));
#473=IFCCARTESIANPOINT((10178.854631637694,0.));
#474=IFCSHAPEREPRESENTATION(#18,'Body','SweptSolid',(#475));
#475=IFCEXTRUDEDAREASOLID(#476,#479,#15,2500.);
#476=IFCRECTANGLEPROFILEDEF(.AREA.,$,#477,10178.854631637694,200.00000000000057);
#477=IFCAXIS2PLACEMENT2D(#478,#56);
#478=IFCCARTESIANPOINT((5089.4273158188471,-1.4921397450962104E-13));
#479=IFCAXIS2PLACEMENT3D(#2,$,$);
#480=IFCRELFILLSELEMENT('3I2DuTbiljOlA0lPdLKlFr',#37,$,$,#467,#481);
#481=IFCWINDOW('3gwEtOFi5AUg4WULkh2o7A',#37,'\X2\ACE0C815B428\X0\:0406 x 0610mm:189034',$,$,#482,#484,'189034',1999.9999999999959,1899.9999999999984,$,$,$);
#482=IFCLOCALPLACEMENT(#463,#483);
#483=IFCAXIS2PLACEMENT3D(#2,$,$);
#484=IFCPRODUCTDEFINITIONSHAPE($,$,(#485));
#485=IFCSHAPEREPRESENTATION(#18,'Body','MappedRepresentation',(#486));
#486=IFCMAPPEDITEM(#138,#103);
#487=IFCLOCALPLACEMENT(#488,#491);
#488=IFCLOCALPLACEMENT(#266,#489);
#489=IFCAXIS2PLACEMENT3D(#490,#15,#14);
#490=IFCCARTESIANPOINT((5590.5208465132628,-6290.7448659670181,0.));
#491=IFCAXIS2PLACEMENT3D(#492,$,$);
#492=IFCCARTESIANPOINT((478.89900981133655,-100.,0.));
#493=IFCOPENINGELEMENT('0WxHRosqtkZrVaZ2xTNzo_',#37,'\X2\B2E8C77C\X0\-\X2\D50CB7ECC2DC\X0\:0915 x 2134mm:143060:1',$,'Opening',#487,#494,'143060',$);
#494=IFCPRODUCTDEFINITIONSHAPE($,$,(#495));
#495=IFCSHAPEREPRESENTATION(#18,'Body','SweptSolid',(#496));
#496=IFCEXTRUDEDAREASOLID(#497,#500,#15,200.);
#497=IFCRECTANGLEPROFILEDEF(.AREA.,$,#498,914.99999999999977,2133.9999999999995);
#498=IFCAXIS2PLACEMENT2D(#499,#21);
#499=IFCCARTESIANPOINT((1066.9999999999998,457.5));
#500=IFCAXIS2PLACEMENT3D(#2,#108,#15);
#501=IFCRELVOIDSELEMENT('2znubWhPDD4wn7FhKE23BT',#37,$,$,#502,#493);
#502=IFCWALLSTANDARDCASE('2znubWhPDD4wn7Fg4E23hO',#37,'\X2\AE30BCF8\X0\ \X2\BCBD\X0\:\X2\C77CBC18\X0\ - 200mm:141009',$,$,#488,#503,'141009',$);
#503=IFCPRODUCTDEFINITIONSHAPE($,$,(#504,#507));
#504=IFCSHAPEREPRESENTATION(#47,'Axis','Curve2D',(#505));
#505=IFCPOLYLINE((#49,#506));
#506=IFCCARTESIANPOINT((7570.2190278423486,-0.));
#507=IFCSHAPEREPRESENTATION(#18,'Body','SweptSolid',(#508));
#508=IFCEXTRUDEDAREASOLID(#509,#512,#15,2500.);
#509=IFCRECTANGLEPROFILEDEF(.AREA.,$,#510,7570.2190278423486,200.);
#510=IFCAXIS2PLACEMENT2D(#511,#56);
#511=IFCCARTESIANPOINT((3785.1095139211743,-1.4210854715202004E-14));
#512=IFCAXIS2PLACEMENT3D(#2,$,$);
#513=IFCRELFILLSELEMENT('3LzgFjgwAuImYejCdjOJ2u',#37,$,$,#493,#514);
#514=IFCDOOR('2znubWhPDD4wn7Fg4E23BT',#37,'\X2\B2E8C77C\X0\-\X2\D50CB7ECC2DC\X0\:0915 x 2134mm:143060',$,$,#515,#517,'143060',2133.9999999999995,914.99999999999989,$,$,$);
#515=IFCLOCALPLACEMENT(#487,#516);
#516=IFCAXIS2PLACEMENT3D(#2,$,$);
#517=IFCPRODUCTDEFINITIONSHAPE($,$,(#518));
#518=IFCSHAPEREPRESENTATION(#18,'Body','MappedRepresentation',(#519));
#519=IFCMAPPEDITEM(#386,#103);
#520=IFCCARTESIANPOINT((609.99999999999886,203.00000000000097));
#521=IFCAXIS2PLACEMENT2D(#520,#100);
#522=IFCRECTANGLEPROFILEDEF(.AREA.,$,#521,1219.9999999999977,405.99999999999977);
#523=IFCAXIS2PLACEMENT3D(#2,#108,#15);
#524=IFCEXTRUDEDAREASOLID(#522,#523,#15,200.);
#525=IFCSHAPEREPRESENTATION(#18,'Body','SweptSolid',(#524));
#526=IFCPRODUCTDEFINITIONSHAPE($,$,(#525));
#527=IFCCARTESIANPOINT((6664.2190278423486,-100.,915.));
#528=IFCAXIS2PLACEMENT3D(#527,$,$);
#529=IFCLOCALPLACEMENT(#488,#528);
#530=IFCOPENINGELEMENT('1fhKC6DkSXKiGx4KLjsDDB',#37,'\X2\ACE0C815B428\X0\:0406 x 1220mm:149368:1',$,'Opening',#529,#526,'149368',$);
#531=IFCRELVOIDSELEMENT('2znubWhPDD4wn7FhKE25jn',#37,$,$,#502,#530);
#532=IFCRELFILLSELEMENT('0IseRGEQAYJ6h3LGyJHQjL',#37,$,$,#530,#533);
#533=IFCWINDOW('2znubWhPDD4wn7Fg4E25jn',#37,'\X2\ACE0C815B428\X0\:0406 x 1220mm:149368',$,$,#534,#536,'149368',1219.9999999999977,406.00000000000085,$,$,$);
#534=IFCLOCALPLACEMENT(#529,#535);
#535=IFCAXIS2PLACEMENT3D(#2,$,$);
#536=IFCPRODUCTDEFINITIONSHAPE($,$,(#537));
#537=IFCSHAPEREPRESENTATION(#18,'Body','MappedRepresentation',(#538));
#538=IFCMAPPEDITEM(#302,#103);
#539=IFCCARTESIANPOINT((609.99999999999886,203.00000000000097));
#540=IFCAXIS2PLACEMENT2D(#539,#100);
#541=IFCRECTANGLEPROFILEDEF(.AREA.,$,#540,1219.9999999999977,405.99999999999977);
#542=IFCAXIS2PLACEMENT3D(#2,#14,#15);
#543=IFCEXTRUDEDAREASOLID(#541,#542,#15,200.);
#544=IFCSHAPEREPRESENTATION(#18,'Body','SweptSolid',(#543));
#545=IFCPRODUCTDEFINITIONSHAPE($,$,(#544));
#546=IFCCARTESIANPOINT((5916.219027842345,100.,915.));
#547=IFCAXIS2PLACEMENT3D(#546,$,$);
#548=IFCLOCALPLACEMENT(#488,#547);
#549=IFCOPENINGELEMENT('1KcOjpdWvjvCbwwDRSum2O',#37,'\X2\ACE0C815B428\X0\:0406 x 1220mm:149306:1',$,'Opening',#548,#545,'149306',$);
#550=IFCRELVOIDSELEMENT('2znubWhPDD4wn7FhKE25ip',#37,$,$,#502,#549);
#551=IFCRELFILLSELEMENT('0WXqtHZQO_c3zXM4dqxuWV',#37,$,$,#549,#552);
#552=IFCWINDOW('2znubWhPDD4wn7Fg4E25ip',#37,'\X2\ACE0C815B428\X0\:0406 x 1220mm:149306',$,$,#553,#555,'149306',1219.9999999999977,406.00000000000085,$,$,$);
#553=IFCLOCALPLACEMENT(#548,#554);
#554=IFCAXIS2PLACEMENT3D(#2,#15,#62);
#555=IFCPRODUCTDEFINITIONSHAPE($,$,(#556));
#556=IFCSHAPEREPRESENTATION(#18,'Body','MappedRepresentation',(#557));
#557=IFCMAPPEDITEM(#302,#103);
#558=IFCCARTESIANPOINT((609.99999999999886,202.99999999999989));
#559=IFCAXIS2PLACEMENT2D(#558,#100);
#560=IFCRECTANGLEPROFILEDEF(.AREA.,$,#559,1219.9999999999977,405.99999999999977);
#561=IFCAXIS2PLACEMENT3D(#2,#14,#15);
#562=IFCEXTRUDEDAREASOLID(#560,#561,#15,200.);
#563=IFCSHAPEREPRESENTATION(#18,'Body','SweptSolid',(#562));
#564=IFCPRODUCTDEFINITIONSHAPE($,$,(#563));
#565=IFCCARTESIANPOINT((4416.0504950943359,100.,915.));
#566=IFCAXIS2PLACEMENT3D(#565,$,$);
#567=IFCLOCALPLACEMENT(#265,#566);
#568=IFCOPENINGELEMENT('1RYtR0jpXOKatp6y8eD2Sr',#37,'\X2\ACE0C815B428\X0\:0406 x 1220mm:148065:1',$,'Opening',#567,#564,'148065',$);
#569=IFCRELVOIDSELEMENT('2znubWhPDD4wn7FhKE25ve',#37,$,$,#284,#568);
#570=IFCRELFILLSELEMENT('1ti4wXwtS0aHQMG19iw77g',#37,$,$,#568,#571);
#571=IFCWINDOW('2znubWhPDD4wn7Fg4E25ve',#37,'\X2\ACE0C815B428\X0\:0406 x 1220mm:148065',$,$,#572,#574,'148065',1219.9999999999977,405.99999999999977,$,$,$);
#572=IFCLOCALPLACEMENT(#567,#573);
#573=IFCAXIS2PLACEMENT3D(#2,#15,#62);
#574=IFCPRODUCTDEFINITIONSHAPE($,$,(#575));
#575=IFCSHAPEREPRESENTATION(#18,'Body','MappedRepresentation',(#576));
#576=IFCMAPPEDITEM(#302,#103);
#577=IFCCARTESIANPOINT((609.99999999999886,202.99999999999989));
#578=IFCAXIS2PLACEMENT2D(#577,#100);
#579=IFCRECTANGLEPROFILEDEF(.AREA.,$,#578,1219.9999999999977,405.99999999999977);
#580=IFCAXIS2PLACEMENT3D(#2,#108,#15);
#581=IFCEXTRUDEDAREASOLID(#579,#580,#15,200.);
#582=IFCSHAPEREPRESENTATION(#18,'Body','SweptSolid',(#581));
#583=IFCPRODUCTDEFINITIONSHAPE($,$,(#582));
#584=IFCOPENINGELEMENT('21GPR72AIKy9TGGw2gE_2_',#37,'\X2\ACE0C815B428\X0\:0406 x 1220mm:148119:1',$,'Opening',#264,#583,'148119',$);
#585=IFCRELVOIDSELEMENT('2znubWhPDD4wn7FhKE25wU',#37,$,$,#284,#584);
#586=IFCRELFILLSELEMENT('2iH7akFMY45ZnA0FufZH0j',#37,$,$,#584,#587);
#587=IFCWINDOW('2znubWhPDD4wn7Fg4E25wU',#37,'\X2\ACE0C815B428\X0\:0406 x 1220mm:148119',$,$,#263,#588,'148119',1219.9999999999977,405.99999999999977,$,$,$);
#588=IFCPRODUCTDEFINITIONSHAPE($,$,(#589));
#589=IFCSHAPEREPRESENTATION(#18,'Body','MappedRepresentation',(#590));
#590=IFCMAPPEDITEM(#302,#103);
#591=IFCPRODUCTDEFINITIONSHAPE($,$,(#592));
#592=IFCSHAPEREPRESENTATION(#18,'Body','SweptSolid',(#593));
#593=IFCEXTRUDEDAREASOLID(#594,#597,#15,200.);
#594=IFCRECTANGLEPROFILEDEF(.AREA.,$,#595,1999.9999999999952,1899.9999999999986);
#595=IFCAXIS2PLACEMENT2D(#596,#100);
#596=IFCCARTESIANPOINT((999.99999999999761,949.99999999999977));
#597=IFCAXIS2PLACEMENT3D(#2,#108,#15);
#598=IFCCARTESIANPOINT((1974.5146225845747,-100.,0.));
#599=IFCAXIS2PLACEMENT3D(#598,$,$);
#600=IFCLOCALPLACEMENT(#601,#599);
#601=IFCLOCALPLACEMENT(#266,#602);
#602=IFCAXIS2PLACEMENT3D(#603,#15,#108);
#603=IFCCARTESIANPOINT((-4448.4848517218215,-13139.15849836286,0.));
#604=IFCOPENINGELEMENT('2HhwgLBFQ6fhMAeURBcksg',#37,'\X2\ACE0C815B428\X0\:0406 x 0610mm:144564:1',$,'Opening',#600,#591,'144564',$);
#605=IFCRELVOIDSELEMENT('2znubWhPDD4wn7FhKE22Yz',#37,$,$,#606,#604);
#606=IFCWALLSTANDARDCASE('2znubWhPDD4wn7Fg4E23tS',#37,'\X2\AE30BCF8\X0\ \X2\BCBD\X0\:\X2\C77CBC18\X0\ - 200mm:139733',$,$,#601,#607,'139733',$);
#607=IFCPRODUCTDEFINITIONSHAPE($,$,(#608,#611));
#608=IFCSHAPEREPRESENTATION(#47,'Axis','Curve2D',(#609));
#609=IFCPOLYLINE((#49,#610));
#610=IFCCARTESIANPOINT((5074.514622584572,-0.));
#611=IFCSHAPEREPRESENTATION(#18,'Body','SweptSolid',(#612));
#612=IFCEXTRUDEDAREASOLID(#613,#616,#15,2500.);
#613=IFCRECTANGLEPROFILEDEF(.AREA.,$,#614,5074.514622584572,200.);
#614=IFCAXIS2PLACEMENT2D(#615,#56);
#615=IFCCARTESIANPOINT((2537.257311292286,-7.815970093361102E-14));
#616=IFCAXIS2PLACEMENT3D(#2,$,$);
#617=IFCRELFILLSELEMENT('3SaF4kLrixmFjEaQav5Z6v',#37,$,$,#604,#618);
#618=IFCWINDOW('2znubWhPDD4wn7Fg4E22Yz',#37,'\X2\ACE0C815B428\X0\:0406 x 0610mm:144564',$,$,#619,#621,'144564',1999.9999999999952,1899.9999999999991,$,$,$);
#619=IFCLOCALPLACEMENT(#600,#620);
#620=IFCAXIS2PLACEMENT3D(#2,$,$);
#621=IFCPRODUCTDEFINITIONSHAPE($,$,(#622));
#622=IFCSHAPEREPRESENTATION(#18,'Body','MappedRepresentation',(#623));
#623=IFCMAPPEDITEM(#138,#103);
#624=IFCCARTESIANPOINT((999.99999999999761,949.9999999999992));
#625=IFCAXIS2PLACEMENT2D(#624,#100);
#626=IFCRECTANGLEPROFILEDEF(.AREA.,$,#625,1999.9999999999952,1899.9999999999984);
#627=IFCAXIS2PLACEMENT3D(#2,#108,#15);
#628=IFCEXTRUDEDAREASOLID(#626,#627,#15,200.);
#629=IFCSHAPEREPRESENTATION(#18,'Body','SweptSolid',(#628));
#630=IFCPRODUCTDEFINITIONSHAPE($,$,(#629));
#631=IFCCARTESIANPOINT((1100.,-100.,0.));
#632=IFCAXIS2PLACEMENT3D(#631,$,$);
#633=IFCLOCALPLACEMENT(#634,#632);
#634=IFCLOCALPLACEMENT(#266,#635);
#635=IFCAXIS2PLACEMENT3D(#636,#15,#62);
#636=IFCCARTESIANPOINT((1965.7383521796889,-14764.643875778307,0.));
#637=IFCOPENINGELEMENT('3EtNTEMLOM5oCWtI1R3TTw',#37,'\X2\ACE0C815B428\X0\:0406 x 0610mm:188170:1',$,'Opening',#633,#630,'188170',$);
#638=IFCRELVOIDSELEMENT('3gwEtOFi5AUg4WUK_h2nog',#37,$,$,#639,#637);
#639=IFCWALLSTANDARDCASE('2znubWhPDD4wn7Fg4E23_q',#37,'\X2\AE30BCF8\X0\ \X2\BCBD\X0\:\X2\C77CBC18\X0\ - 200mm:140221',$,$,#634,#640,'140221',$);
#640=IFCPRODUCTDEFINITIONSHAPE($,$,(#641,#644));
#641=IFCSHAPEREPRESENTATION(#47,'Axis','Curve2D',(#642));
#642=IFCPOLYLINE((#49,#643));
#643=IFCCARTESIANPOINT((6513.4857587797951,0.));
#644=IFCSHAPEREPRESENTATION(#18,'Body','SweptSolid',(#645));
#645=IFCEXTRUDEDAREASOLID(#646,#649,#15,2500.);
#646=IFCRECTANGLEPROFILEDEF(.AREA.,$,#647,6513.4857587797951,199.99999999999784);
#647=IFCAXIS2PLACEMENT2D(#648,#56);
#648=IFCCARTESIANPOINT((3256.7428793898976,0.));
#649=IFCAXIS2PLACEMENT3D(#2,$,$);
#650=IFCRELFILLSELEMENT('2v8c8DlFWcpyYHaYhg04Ys',#37,$,$,#637,#651);
#651=IFCWINDOW('3gwEtOFi5AUg4WULkh2nog',#37,'\X2\ACE0C815B428\X0\:0406 x 0610mm:188170',$,$,#652,#654,'188170',1999.9999999999952,1899.9999999999984,$,$,$);
#652=IFCLOCALPLACEMENT(#633,#653);
#653=IFCAXIS2PLACEMENT3D(#2,$,$);
#654=IFCPRODUCTDEFINITIONSHAPE($,$,(#655));
#655=IFCSHAPEREPRESENTATION(#18,'Body','MappedRepresentation',(#656));
#656=IFCMAPPEDITEM(#138,#103);
#657=IFCCARTESIANPOINT((999.99999999999761,949.9999999999992));
#658=IFCAXIS2PLACEMENT2D(#657,#100);
#659=IFCRECTANGLEPROFILEDEF(.AREA.,$,#658,1999.9999999999952,1899.9999999999984);
#660=IFCAXIS2PLACEMENT3D(#2,#108,#15);
#661=IFCEXTRUDEDAREASOLID(#659,#660,#15,200.);
#662=IFCSHAPEREPRESENTATION(#18,'Body','SweptSolid',(#661));
#663=IFCPRODUCTDEFINITIONSHAPE($,$,(#662));
#664=IFCCARTESIANPOINT((3020.,-100.,0.));
#665=IFCAXIS2PLACEMENT3D(#664,$,$);
#666=IFCLOCALPLACEMENT(#634,#665);
#667=IFCOPENINGELEMENT('0CQ1Iou2TmMNdab0VvRvgs',#37,'\X2\ACE0C815B428\X0\:0406 x 0610mm:188066:1',$,'Opening',#666,#663,'188066',$);
#668=IFCRELVOIDSELEMENT('3gwEtOFi5AUg4WUK_h2nq2',#37,$,$,#639,#667);
#669=IFCRELFILLSELEMENT('2fu6q$FyxyTfanh2iU1zV3',#37,$,$,#667,#670);
#670=IFCWINDOW('3gwEtOFi5AUg4WULkh2nq2',#37,'\X2\ACE0C815B428\X0\:0406 x 0610mm:188066',$,$,#671,#673,'188066',1999.9999999999952,1899.9999999999984,$,$,$);
#671=IFCLOCALPLACEMENT(#666,#672);
#672=IFCAXIS2PLACEMENT3D(#2,$,$);
#673=IFCPRODUCTDEFINITIONSHAPE($,$,(#674));
#674=IFCSHAPEREPRESENTATION(#18,'Body','MappedRepresentation',(#675));
#675=IFCMAPPEDITEM(#138,#103);
#676=IFCCARTESIANPOINT((1066.9999999999998,457.50000000000045));
#677=IFCAXIS2PLACEMENT2D(#676,#12);
#678=IFCRECTANGLEPROFILEDEF(.AREA.,$,#677,915.00000000000034,2133.9999999999995);
#679=IFCAXIS2PLACEMENT3D(#2,#14,#15);
#680=IFCEXTRUDEDAREASOLID(#678,#679,#15,200.);
#681=IFCSHAPEREPRESENTATION(#18,'Body','SweptSolid',(#680));
#682=IFCPRODUCTDEFINITIONSHAPE($,$,(#681));
#683=IFCCARTESIANPOINT((2424.782494333575,100.,0.));
#684=IFCAXIS2PLACEMENT3D(#683,$,$);
#685=IFCLOCALPLACEMENT(#686,#684);
#686=IFCLOCALPLACEMENT(#266,#687);
#687=IFCAXIS2PLACEMENT3D(#688,$,$);
#688=IFCCARTESIANPOINT((2165.7383521796892,-13960.963893809352,0.));
#689=IFCOPENINGELEMENT('0gFDGh1kd6qIeO6VMVsF$N',#37,'\X2\B2E8C77C\X0\-\X2\D50CB7ECC2DC\X0\:0915 x 2134mm:144293:1',$,'Opening',#685,#682,'144293',$);
#690=IFCRELVOIDSELEMENT('2znubWhPDD4wn7FhKE22_i',#37,$,$,#691,#689);
#691=IFCWALLSTANDARDCASE('2znubWhPDD4wn7Fg4E23fj',#37,'\X2\AE30BCF8\X0\ \X2\BCBD\X0\:\X2\C77CBC18\X0\ - 200mm:140900',$,$,#686,#692,'140900',$);
#692=IFCPRODUCTDEFINITIONSHAPE($,$,(#693,#696));
#693=IFCSHAPEREPRESENTATION(#47,'Axis','Curve2D',(#694));
#694=IFCPOLYLINE((#49,#695));
#695=IFCCARTESIANPOINT((3524.7824943335727,0.));
#696=IFCSHAPEREPRESENTATION(#18,'Body','SweptSolid',(#697));
#697=IFCEXTRUDEDAREASOLID(#698,#701,#15,2500.);
#698=IFCRECTANGLEPROFILEDEF(.AREA.,$,#699,3524.7824943335727,200.);
#699=IFCAXIS2PLACEMENT2D(#700,#100);
#700=IFCCARTESIANPOINT((1762.3912471667857,-1.0871303857129533E-12));
#701=IFCAXIS2PLACEMENT3D(#2,$,$);
#702=IFCRELFILLSELEMENT('0N1FL_c9KotCBSwlCzwGjz',#37,$,$,#689,#703);
#703=IFCDOOR('2znubWhPDD4wn7Fg4E22_i',#37,'\X2\B2E8C77C\X0\-\X2\D50CB7ECC2DC\X0\:0915 x 2134mm:144293',$,$,#704,#706,'144293',2133.9999999999995,915.00000000000045,$,$,$);
#704=IFCLOCALPLACEMENT(#685,#705);
#705=IFCAXIS2PLACEMENT3D(#2,#15,#62);
#706=IFCPRODUCTDEFINITIONSHAPE($,$,(#707));
#707=IFCSHAPEREPRESENTATION(#18,'Body','MappedRepresentation',(#708));
#708=IFCMAPPEDITEM(#66,#103);
#709=IFCRELCONNECTSPATHELEMENTS('2AuY64XXj3Y4dpWqWpUvZd',#37,'2znubWhPDD4wn7Fg4E24rL|2znubWhPDD4wn7Fg4E24$Z','Structural',$,#469,#710,(),(),.ATSTART.,.ATPATH.);
#710=IFCWALLSTANDARDCASE('2znubWhPDD4wn7Fg4E24$Z',#37,'\X2\AE30BCF8\X0\ \X2\BCBD\X0\:\X2\C77CBC18\X0\ - 200mm:152554',$,$,#711,#714,'152554',$);
#711=IFCLOCALPLACEMENT(#27,#712);
#712=IFCAXIS2PLACEMENT3D(#713,$,$);
#713=IFCCARTESIANPOINT((-4348.4848517218134,-7474.3420126071778,0.));
#714=IFCPRODUCTDEFINITIONSHAPE($,$,(#715,#718));
#715=IFCSHAPEREPRESENTATION(#47,'Axis','Curve2D',(#716));
#716=IFCPOLYLINE((#49,#717));
#717=IFCCARTESIANPOINT((5020.,0.));
#718=IFCSHAPEREPRESENTATION(#18,'Body','SweptSolid',(#719));
#719=IFCEXTRUDEDAREASOLID(#720,#723,#15,2500.);
#720=IFCRECTANGLEPROFILEDEF(.AREA.,$,#721,5020.0000000000027,200.);
#721=IFCAXIS2PLACEMENT2D(#722,#56);
#722=IFCCARTESIANPOINT((2510.0000000000014,-1.4210854715202004E-14));
#723=IFCAXIS2PLACEMENT3D(#2,$,$);
#724=IFCRELCONNECTSPATHELEMENTS('1FFWK6srzwN74QGcWwO_nD',#37,'2znubWhPDD4wn7Fg4E24$Z|2znubWhPDD4wn7Fg4E24Xw','Structural',$,#710,#725,(),(),.ATSTART.,.ATEND.);
#725=IFCWALLSTANDARDCASE('2znubWhPDD4wn7Fg4E24Xw',#37,'\X2\AE30BCF8\X0\ \X2\BCBD\X0\:\X2\C77CBC18\X0\ - 200mm:152691',$,$,#726,#729,'152691',$);
#726=IFCLOCALPLACEMENT(#27,#727);
#727=IFCAXIS2PLACEMENT3D(#728,#15,#14);
#728=IFCCARTESIANPOINT((571.51514827818858,-7574.3420126071933,0.));
#729=IFCPRODUCTDEFINITIONSHAPE($,$,(#730,#733));
#730=IFCSHAPEREPRESENTATION(#47,'Axis','Curve2D',(#731));
#731=IFCPOLYLINE((#49,#732));
#732=IFCCARTESIANPOINT((1600.,0.));
#733=IFCSHAPEREPRESENTATION(#18,'Body','SweptSolid',(#734));
#734=IFCEXTRUDEDAREASOLID(#735,#738,#15,2500.);
#735=IFCRECTANGLEPROFILEDEF(.AREA.,$,#736,1600.0000000000011,200.);
#736=IFCAXIS2PLACEMENT2D(#737,#56);
#737=IFCCARTESIANPOINT((800.00000000000057,1.4210854715202004E-14));
#738=IFCAXIS2PLACEMENT3D(#2,$,$);
#739=IFCRELCONNECTSPATHELEMENTS('3HIs6gYyuTAkgk7EZr8rWK',#37,'2znubWhPDD4wn7Fg4E24$Z|2QLDczdKX9Fg7Ur4rrIUPb','Structural',$,#710,#224,(),(),.ATSTART.,.ATEND.);
#740=IFCRELCONNECTSPATHELEMENTS('0q9bYzRPwP6oxdIFw7aGiI',#37,'2znubWhPDD4wn7Fg4E24Xw|2QLDczdKX9Fg7Ur4rrIUPb','Structural',$,#725,#224,(),(),.ATSTART.,.ATSTART.);
#741=IFCRELCONNECTSPATHELEMENTS('20GAuxXXWHd2yCpJGx69NH',#37,'2znubWhPDD4wn7Fg4E24Xw|2znubWhPDD4wn7Fg4E24aw','Structural',$,#725,#44,(),(),.ATSTART.,.ATEND.);
#742=IFCRELCONNECTSPATHELEMENTS('3ZngnT9LraGZPg7g4jTEOE',#37,'2znubWhPDD4wn7Fg4E24i6|2znubWhPDD4wn7Fg4E24k8','Structural',$,#120,#743,(),(),.ATSTART.,.ATPATH.);
#743=IFCWALLSTANDARDCASE('2znubWhPDD4wn7Fg4E24k8',#37,'\X2\AE30BCF8\X0\ \X2\BCBD\X0\:\X2\C77CBC18\X0\ - 200mm:153473',$,$,#744,#747,'153473',$);
#744=IFCLOCALPLACEMENT(#27,#745);
#745=IFCAXIS2PLACEMENT3D(#746,#15,#14);
#746=IFCCARTESIANPOINT((-4228.4848517218197,-12880.963893809336,0.));
#747=IFCPRODUCTDEFINITIONSHAPE($,$,(#748,#751));
#748=IFCSHAPEREPRESENTATION(#47,'Axis','Curve2D',(#749));
#749=IFCPOLYLINE((#49,#750));
#750=IFCCARTESIANPOINT((1380.,0.));
#751=IFCSHAPEREPRESENTATION(#18,'Body','SweptSolid',(#752));
#752=IFCEXTRUDEDAREASOLID(#753,#756,#15,1500.);
#753=IFCRECTANGLEPROFILEDEF(.AREA.,$,#754,1379.9999999999982,200.);
#754=IFCAXIS2PLACEMENT2D(#755,#56);
#755=IFCCARTESIANPOINT((689.99999999999909,8.5265128291212022E-14));
#756=IFCAXIS2PLACEMENT3D(#2,$,$);
#757=IFCRELCONNECTSPATHELEMENTS('3vidHmQnYzHV9bCduba_Dl',#37,'2znubWhPDD4wn7Fg4E24k8|2znubWhPDD4wn7Fg4E24GR','Structural',$,#743,#758,(),(),.ATSTART.,.ATEND.);
#758=IFCWALLSTANDARDCASE('2znubWhPDD4wn7Fg4E24GR',#37,'\X2\AE30BCF8\X0\ \X2\BCBD\X0\:\X2\C77CBC18\X0\ - 200mm:153618',$,$,#759,#762,'153618',$);
#759=IFCLOCALPLACEMENT(#27,#760);
#760=IFCAXIS2PLACEMENT3D(#761,$,$);
#761=IFCCARTESIANPOINT((-4128.4848517218225,-14160.963893809336,0.));
#762=IFCPRODUCTDEFINITIONSHAPE($,$,(#763,#766));
#763=IFCSHAPEREPRESENTATION(#47,'Axis','Curve2D',(#764));
#764=IFCPOLYLINE((#49,#765));
#765=IFCCARTESIANPOINT((6294.2232039015098,-0.));
#766=IFCSHAPEREPRESENTATION(#18,'Body','SweptSolid',(#767));
#767=IFCEXTRUDEDAREASOLID(#768,#771,#15,1500.);
#768=IFCRECTANGLEPROFILEDEF(.AREA.,$,#769,6294.2232039015116,200.00000000000219);
#769=IFCAXIS2PLACEMENT2D(#770,#56);
#770=IFCCARTESIANPOINT((3147.1116019507558,-1.7763568394002505E-13));
#771=IFCAXIS2PLACEMENT3D(#2,$,$);
#772=IFCRELCONNECTSPATHELEMENTS('1Oq_D$ceM7EYipc$WObo5I',#37,'2znubWhPDD4wn7Fg4E24GR|2znubWhPDD4wn7Fg4E24Nq','Structural',$,#758,#773,(),(),.ATSTART.,.ATEND.);
#773=IFCWALLSTANDARDCASE('2znubWhPDD4wn7Fg4E24Nq',#37,'\X2\AE30BCF8\X0\ \X2\BCBD\X0\:\X2\C77CBC18\X0\ - 200mm:154109',$,$,#774,#777,'154109',$);
#774=IFCLOCALPLACEMENT(#27,#775);
#775=IFCAXIS2PLACEMENT3D(#776,#15,#108);
#776=IFCCARTESIANPOINT((2065.7383521796892,-14060.963893809356,0.));
#777=IFCPRODUCTDEFINITIONSHAPE($,$,(#778,#781));
#778=IFCSHAPEREPRESENTATION(#47,'Axis','Curve2D',(#779));
#779=IFCPOLYLINE((#49,#780));
#780=IFCCARTESIANPOINT((1180.,-0.));
#781=IFCSHAPEREPRESENTATION(#18,'Body','SweptSolid',(#782));
#782=IFCEXTRUDEDAREASOLID(#783,#786,#15,1500.);
#783=IFCRECTANGLEPROFILEDEF(.AREA.,$,#784,1179.9999999999982,200.);
#784=IFCAXIS2PLACEMENT2D(#785,#56);
#785=IFCCARTESIANPOINT((589.99999999999909,-2.1316282072803006E-14));
#786=IFCAXIS2PLACEMENT3D(#2,$,$);
#787=IFCRELCONNECTSPATHELEMENTS('3FSdxC77z$MlM9Zz0foS5v',#37,'2znubWhPDD4wn7Fg4E24i6|2znubWhPDD4wn7Fg4E24Nq','Structural',$,#120,#773,(),(),.ATEND.,.ATPATH.);
#788=IFCRELCONNECTSPATHELEMENTS('0UPwDHGs$cpGy57DavQg$l',#37,'2znubWhPDD4wn7Fg4E20CS|2QLDczdKX9Fg7Ur4rrIQBE','Structural',$,#789,#803,(),(),.ATSTART.,.ATPATH.);
#789=IFCWALLSTANDARDCASE('2znubWhPDD4wn7Fg4E20CS',#37,'\X2\AE30BCF8\X0\ \X2\BCBD\X0\:\X2\C77CBC18\X0\ - 200mm:139029',$,$,#790,#793,'139029',$);
#790=IFCLOCALPLACEMENT(#266,#791);
#791=IFCAXIS2PLACEMENT3D(#792,$,$);
#792=IFCCARTESIANPOINT((-8334.2616478202835,-1664.6438757782973,0.));
#793=IFCPRODUCTDEFINITIONSHAPE($,$,(#794,#797));
#794=IFCSHAPEREPRESENTATION(#47,'Axis','Curve2D',(#795));
#795=IFCPOLYLINE((#49,#796));
#796=IFCCARTESIANPOINT((12000.,0.));
#797=IFCSHAPEREPRESENTATION(#18,'Body','SweptSolid',(#798));
#798=IFCEXTRUDEDAREASOLID(#799,#802,#15,2500.);
#799=IFCRECTANGLEPROFILEDEF(.AREA.,$,#800,12000.000000000004,200.);
#800=IFCAXIS2PLACEMENT2D(#801,#56);
#801=IFCCARTESIANPOINT((6000.0000000000018,0.));
#802=IFCAXIS2PLACEMENT3D(#2,$,$);
#803=IFCWALLSTANDARDCASE('2QLDczdKX9Fg7Ur4rrIQBE',#37,'\X2\AE30BCF8\X0\ \X2\BCBD\X0\:\X2\C77CBC18\X0\ - 200mm:167010',$,$,#804,#807,'167010',$);
#804=IFCLOCALPLACEMENT(#266,#805);
#805=IFCAXIS2PLACEMENT3D(#806,#15,#14);
#806=IFCCARTESIANPOINT((-2834.2616478203099,-1764.6438757783146,0.));
#807=IFCPRODUCTDEFINITIONSHAPE($,$,(#808,#811));
#808=IFCSHAPEREPRESENTATION(#47,'Axis','Curve2D',(#809));
#809=IFCPOLYLINE((#49,#810));
#810=IFCCARTESIANPOINT((1500.,0.));
#811=IFCSHAPEREPRESENTATION(#18,'Body','SweptSolid',(#812));
#812=IFCEXTRUDEDAREASOLID(#813,#816,#15,2500.);
#813=IFCRECTANGLEPROFILEDEF(.AREA.,$,#814,1500.0000000000009,200.);
#814=IFCAXIS2PLACEMENT2D(#815,#56);
#815=IFCCARTESIANPOINT((750.00000000000045,2.8421709430404007E-14));
#816=IFCAXIS2PLACEMENT3D(#2,$,$);
#817=IFCRELCONNECTSPATHELEMENTS('2vnjzAOpogxuV8jKJQ4tqJ',#37,'2znubWhPDD4wn7Fg4E25Bw|2QLDczdKX9Fg7Ur4rrIUPb','Structural',$,#436,#224,(),(),.ATEND.,.ATPATH.);
#818=IFCRELCONNECTSPATHELEMENTS('1WSteIx7427Tt$uBUO_9$V',#37,'2znubWhPDD4wn7Fg4E24aw|2QLDczdKX9Fg7Ur4rrIUKm','Structural',$,#44,#819,(),(),.ATSTART.,.ATPATH.);
#819=IFCWALLSTANDARDCASE('2QLDczdKX9Fg7Ur4rrIUKm',#37,'\X2\AE30BCF8\X0\ \X2\BCBD\X0\:\X2\C77CBC18\X0\ - 200mm:183196',$,$,#820,#823,'183196',$);
#820=IFCLOCALPLACEMENT(#27,#821);
#821=IFCAXIS2PLACEMENT3D(#822,#15,#14);
#822=IFCCARTESIANPOINT((3665.738352179691,-9174.3420126072033,0.));
#823=IFCPRODUCTDEFINITIONSHAPE($,$,(#824,#827));
#824=IFCSHAPEREPRESENTATION(#47,'Axis','Curve2D',(#825));
#825=IFCPOLYLINE((#49,#826));
#826=IFCCARTESIANPOINT((3506.6218812021589,0.));
#827=IFCSHAPEREPRESENTATION(#18,'Body','SweptSolid',(#828));
#828=IFCEXTRUDEDAREASOLID(#829,#832,#15,2500.);
#829=IFCRECTANGLEPROFILEDEF(.AREA.,$,#830,3506.6218812021589,200.);
#830=IFCAXIS2PLACEMENT2D(#831,#56);
#831=IFCCARTESIANPOINT((1753.3109406010794,0.));
#832=IFCAXIS2PLACEMENT3D(#2,$,$);
#833=IFCRELCONNECTSPATHELEMENTS('2oP9tX1kGi1lzHbG_j1wSx',#37,'2znubWhPDD4wn7Fg4E24i6|2QLDczdKX9Fg7Ur4rrIUKm','Structural',$,#120,#819,(),(),.ATEND.,.ATPATH.);
#834=IFCCARTESIANPOINT((999.99999999999761,949.9999999999992));
#835=IFCAXIS2PLACEMENT2D(#834,#100);
#836=IFCRECTANGLEPROFILEDEF(.AREA.,$,#835,1999.9999999999952,1899.9999999999984);
#837=IFCAXIS2PLACEMENT3D(#2,#14,#15);
#838=IFCEXTRUDEDAREASOLID(#836,#837,#15,200.);
#839=IFCSHAPEREPRESENTATION(#18,'Body','SweptSolid',(#838));
#840=IFCPRODUCTDEFINITIONSHAPE($,$,(#839));
#841=IFCCARTESIANPOINT((4800.,100.,0.));
#842=IFCAXIS2PLACEMENT3D(#841,$,$);
#843=IFCLOCALPLACEMENT(#844,#842);
#844=IFCLOCALPLACEMENT(#266,#845);
#845=IFCAXIS2PLACEMENT3D(#846,#15,#14);
#846=IFCCARTESIANPOINT((-8234.2616478202835,-1764.6438757782967,0.));
#847=IFCOPENINGELEMENT('2RhURAFtAtD9gYd6MvnUfo',#37,'\X2\ACE0C815B428\X0\:0406 x 0610mm:148572:1',$,'Opening',#843,#840,'148572',$);
#848=IFCRELVOIDSELEMENT('2znubWhPDD4wn7FhKE25XL',#37,$,$,#849,#847);
#849=IFCWALLSTANDARDCASE('2znubWhPDD4wn7Fg4E23pi',#37,'\X2\AE30BCF8\X0\ \X2\BCBD\X0\:\X2\C77CBC18\X0\ - 200mm:139493',$,$,#844,#850,'139493',$);
#850=IFCPRODUCTDEFINITIONSHAPE($,$,(#851,#854));
#851=IFCSHAPEREPRESENTATION(#47,'Axis','Curve2D',(#852));
#852=IFCPOLYLINE((#49,#853));
#853=IFCCARTESIANPOINT((6300.,0.));
#854=IFCSHAPEREPRESENTATION(#18,'Body','SweptSolid',(#855));
#855=IFCEXTRUDEDAREASOLID(#856,#859,#15,2500.);
#856=IFCRECTANGLEPROFILEDEF(.AREA.,$,#857,6299.9999999999691,200.);
#857=IFCAXIS2PLACEMENT2D(#858,#56);
#858=IFCCARTESIANPOINT((3149.9999999999845,0.));
#859=IFCAXIS2PLACEMENT3D(#2,$,$);
#860=IFCRELFILLSELEMENT('3zpgJArZJxPNQ$_ZVBQD6a',#37,$,$,#847,#861);
#861=IFCWINDOW('2znubWhPDD4wn7Fg4E25XL',#37,'\X2\ACE0C815B428\X0\:0406 x 0610mm:148572',$,$,#862,#864,'148572',1999.9999999999952,1899.999999999998,$,$,$);
#862=IFCLOCALPLACEMENT(#843,#863);
#863=IFCAXIS2PLACEMENT3D(#2,#15,#62);
#864=IFCPRODUCTDEFINITIONSHAPE($,$,(#865));
#865=IFCSHAPEREPRESENTATION(#18,'Body','MappedRepresentation',(#866));
#866=IFCMAPPEDITEM(#138,#103);
#867=IFCCARTESIANPOINT((999.99999999999761,949.99999999999955));
#868=IFCAXIS2PLACEMENT2D(#867,#100);
#869=IFCRECTANGLEPROFILEDEF(.AREA.,$,#868,1999.9999999999952,1899.9999999999986);
#870=IFCAXIS2PLACEMENT3D(#2,#14,#15);
#871=IFCEXTRUDEDAREASOLID(#869,#870,#15,200.);
#872=IFCSHAPEREPRESENTATION(#18,'Body','SweptSolid',(#871));
#873=IFCPRODUCTDEFINITIONSHAPE($,$,(#872));
#874=IFCCARTESIANPOINT((2880.,100.,0.));
#875=IFCAXIS2PLACEMENT3D(#874,$,$);
#876=IFCLOCALPLACEMENT(#844,#875);
#877=IFCOPENINGELEMENT('3NHwK$0Bd$$3iw4i2YQgss',#37,'\X2\ACE0C815B428\X0\:0406 x 0610mm:148460:1',$,'Opening',#876,#873,'148460',$);
#878=IFCRELVOIDSELEMENT('2znubWhPDD4wn7FhKE25$b',#37,$,$,#849,#877);
#879=IFCRELFILLSELEMENT('0hb2SgXZEJ1YyJzR1GGmwK',#37,$,$,#877,#880);
#880=IFCWINDOW('2znubWhPDD4wn7Fg4E25$b',#37,'\X2\ACE0C815B428\X0\:0406 x 0610mm:148460',$,$,#881,#883,'148460',1999.9999999999952,1899.9999999999984,$,$,$);
#881=IFCLOCALPLACEMENT(#876,#882);
#882=IFCAXIS2PLACEMENT3D(#2,#15,#62);
#883=IFCPRODUCTDEFINITIONSHAPE($,$,(#884));
#884=IFCSHAPEREPRESENTATION(#18,'Body','MappedRepresentation',(#885));
#885=IFCMAPPEDITEM(#138,#103);
#886=IFCCARTESIANPOINT((999.99999999999761,949.99999999999977));
#887=IFCAXIS2PLACEMENT2D(#886,#100);
#888=IFCRECTANGLEPROFILEDEF(.AREA.,$,#887,1999.9999999999952,1899.9999999999986);
#889=IFCAXIS2PLACEMENT3D(#2,#108,#15);
#890=IFCEXTRUDEDAREASOLID(#888,#889,#15,200.);
#891=IFCSHAPEREPRESENTATION(#18,'Body','SweptSolid',(#890));
#892=IFCPRODUCTDEFINITIONSHAPE($,$,(#891));
#893=IFCCARTESIANPOINT((74.51462258457569,-100.,0.));
#894=IFCAXIS2PLACEMENT3D(#893,$,$);
#895=IFCLOCALPLACEMENT(#601,#894);
#896=IFCOPENINGELEMENT('332lk8i7QnVQFhUrIkAPlh',#37,'\X2\ACE0C815B428\X0\:0406 x 0610mm:150077:1',$,'Opening',#895,#892,'150077',$);
#897=IFCRELVOIDSELEMENT('2znubWhPDD4wn7FhKE25Oq',#37,$,$,#606,#896);
#898=IFCRELFILLSELEMENT('3rKM4TgSmX9j53fHozK5Vh',#37,$,$,#896,#899);
#899=IFCWINDOW('2znubWhPDD4wn7Fg4E25Oq',#37,'\X2\ACE0C815B428\X0\:0406 x 0610mm:150077',$,$,#900,#902,'150077',1999.9999999999952,1899.9999999999991,$,$,$);
#900=IFCLOCALPLACEMENT(#895,#901);
#901=IFCAXIS2PLACEMENT3D(#2,$,$);
#902=IFCPRODUCTDEFINITIONSHAPE($,$,(#903));
#903=IFCSHAPEREPRESENTATION(#18,'Body','MappedRepresentation',(#904));
#904=IFCMAPPEDITEM(#138,#103);
#905=IFCRELASSOCIATESMATERIAL('3UGAgqjWlo0aEP78xVu9Ad',#37,$,$,(#710),#906);
#906=IFCMATERIALLAYERSETUSAGE(#907,.AXIS2.,.NEGATIVE.,100.,$);
#907=IFCMATERIALLAYERSET((#908),'\X2\AE30BCF8\X0\ \X2\BCBD\X0\:\X2\C77CBC18\X0\ - 200mm',$);
#908=IFCMATERIALLAYER(#909,200.,$,$,$,$,$);
#909=IFCMATERIAL('\X2\AE30BCF8\X0\ \X2\BCBD\X0\',$,$);
#910=IFCRELASSOCIATESMATERIAL('2b3m5CrfLaHJl9R3CMvD0L',#37,$,$,(#725),#911);
#911=IFCMATERIALLAYERSETUSAGE(#907,.AXIS2.,.NEGATIVE.,100.,$);
#912=IFCRELASSOCIATESMATERIAL('3qSqLMrMzGu5B5wks4ze_M',#37,$,$,(#44),#913);
#913=IFCMATERIALLAYERSETUSAGE(#907,.AXIS2.,.NEGATIVE.,100.,$);
#914=IFCRELASSOCIATESMATERIAL('3BDRH3iQhi0s1DFNEgazvz',#37,$,$,(#120),#915);
#915=IFCMATERIALLAYERSETUSAGE(#907,.AXIS2.,.NEGATIVE.,100.,$);
#916=IFCRELASSOCIATESMATERIAL('2q7eRTz_fNRVU7lzdoLXLy',#37,$,$,(#743),#917);
#917=IFCMATERIALLAYERSETUSAGE(#907,.AXIS2.,.NEGATIVE.,100.,$);
#918=IFCRELASSOCIATESMATERIAL('37ZyRnR5cl88iIVThjrAhD',#37,$,$,(#758),#919);
#919=IFCMATERIALLAYERSETUSAGE(#907,.AXIS2.,.NEGATIVE.,100.,$);
#920=IFCRELASSOCIATESMATERIAL('2VlFeh_KmTjD1pYg$i3YKP',#37,$,$,(#773),#921);
#921=IFCMATERIALLAYERSETUSAGE(#907,.AXIS2.,.NEGATIVE.,100.,$);
#922=IFCRELASSOCIATESMATERIAL('0qxoI_mvedTcfuCht3e$gZ',#37,$,$,(#803),#923);
#923=IFCMATERIALLAYERSETUSAGE(#907,.AXIS2.,.NEGATIVE.,100.,$);
#924=IFCRELASSOCIATESMATERIAL('27iLKFRDXq7Soz2da_NtLv',#37,$,$,(#925),#949);
#925=IFCCOVERING('2QLDczdKX9Fg7Ur4rrIPQg',#37,'\X2\BCF5D569\X0\ \X2\CC9CC7A5\X0\:\X2\D50CB808C778\X0\:178182',$,$,#926,#928,'178182',.CEILING.);
#926=IFCLOCALPLACEMENT(#266,#927);
#927=IFCAXIS2PLACEMENT3D(#2,$,$);
#928=IFCPRODUCTDEFINITIONSHAPE($,$,(#929));
#929=IFCSHAPEREPRESENTATION(#18,'Body','SweptSolid',(#930));
#930=IFCEXTRUDEDAREASOLID(#931,#947,#15,57.000000000000036);
#931=IFCARBITRARYCLOSEDPROFILEDEF(.AREA.,'\X2\D50CB808C778\X0\',#932);
#932=IFCPOLYLINE((#933,#934,#935,#936,#937,#938,#939,#940,#941,#942,#943,#944,#945,#946,#933));
#933=IFCCARTESIANPOINT((5298.9875435166114,-1523.4304754779662));
#934=IFCCARTESIANPOINT((5299.2135281233686,4887.8384295971));
#935=IFCCARTESIANPOINT((627.5884661441205,4887.5245563557555));
#936=IFCCARTESIANPOINT((626.73651330471068,-129.28139757416099));
#937=IFCCARTESIANPOINT((-969.29294999602257,-129.35115223879168));
#938=IFCCARTESIANPOINT((-969.99754204622138,-3241.9114995374712));
#939=IFCCARTESIANPOINT((-1169.9447395667285,-3241.9289085670207));
#940=IFCCARTESIANPOINT((-1169.2858439303425,68.458076332428377));
#941=IFCCARTESIANPOINT((426.72838805091089,68.358606888634796));
#942=IFCCARTESIANPOINT((427.62866641414337,4887.5202172256695));
#943=IFCCARTESIANPOINT((-4676.2147281054458,4887.7938353473519));
#944=IFCCARTESIANPOINT((-4676.2191617032277,-4947.7625003834301));
#945=IFCCARTESIANPOINT((461.00117496035409,-4947.4936050038023));
#946=IFCCARTESIANPOINT((460.80427849080286,-1522.7496774339411));
#947=IFCAXIS2PLACEMENT3D(#948,#15,#108);
#948=IFCCARTESIANPOINT((541.03155699079946,-8003.057871459876,2600.));
#949=IFCMATERIALLAYERSETUSAGE(#950,.AXIS3.,.NEGATIVE.,56.999999999999993,$);
#950=IFCMATERIALLAYERSET((#951,#953),'\X2\BCF5D569\X0\ \X2\CC9CC7A5\X0\:\X2\D50CB808C778\X0\',$);
#951=IFCMATERIALLAYER(#952,45.,$,$,$,$,$);
#952=IFCMATERIAL('\X2\CCA0C7AC\X0\ \X2\C2A4D130B4DC\X0\ \X2\B808C774C5B4\X0\',$,$);
#953=IFCMATERIALLAYER(#954,11.999999999999998,$,$,$,$,$);
#954=IFCMATERIAL('\X2\C11DACE0\X0\ \X2\BCBD\X0\ \X2\BCF4B4DC\X0\',$,$);
#955=IFCRELASSOCIATESMATERIAL('1KenUp1Em2nAd0zPTU9XSR',#37,$,$,(#956),#980);
#956=IFCCOVERING('2QLDczdKX9Fg7Ur4rrIPQq',#37,'\X2\BCF5D569\X0\ \X2\CC9CC7A5\X0\:\X2\D50CB808C778\X0\:178200',$,$,#957,#959,'178200',.CEILING.);
#957=IFCLOCALPLACEMENT(#266,#958);
#958=IFCAXIS2PLACEMENT3D(#2,$,$);
#959=IFCPRODUCTDEFINITIONSHAPE($,$,(#960));
#960=IFCSHAPEREPRESENTATION(#18,'Body','SweptSolid',(#961));
#961=IFCEXTRUDEDAREASOLID(#962,#978,#15,57.000000000000036);
#962=IFCARBITRARYCLOSEDPROFILEDEF(.AREA.,'\X2\D50CB808C778\X0\',#963);
#963=IFCPOLYLINE((#964,#965,#966,#967,#968,#969,#970,#971,#972,#973,#974,#975,#976,#977,#964));
#964=IFCCARTESIANPOINT((5298.9875435166114,-1523.4304754779662));
#965=IFCCARTESIANPOINT((5299.2135281233686,4887.8384295971));
#966=IFCCARTESIANPOINT((627.5884661441205,4887.5245563557555));
#967=IFCCARTESIANPOINT((626.73651330471068,-129.28139757416099));
#968=IFCCARTESIANPOINT((-969.29294999602257,-129.35115223879168));
#969=IFCCARTESIANPOINT((-969.99754204622138,-3241.9114995374712));
#970=IFCCARTESIANPOINT((-1169.9447395667285,-3241.9289085670207));
#971=IFCCARTESIANPOINT((-1169.2858439303425,68.458076332428377));
#972=IFCCARTESIANPOINT((426.72838805091089,68.358606888634796));
#973=IFCCARTESIANPOINT((427.62866641414337,4887.5202172256695));
#974=IFCCARTESIANPOINT((-4676.2147281054458,4887.7938353473519));
#975=IFCCARTESIANPOINT((-4676.2191617032277,-4947.7625003834301));
#976=IFCCARTESIANPOINT((461.00117496035409,-4947.4936050038023));
#977=IFCCARTESIANPOINT((460.80427849080286,-1522.7496774339411));
#978=IFCAXIS2PLACEMENT3D(#979,#15,#108);
#979=IFCCARTESIANPOINT((541.03155699079946,-8003.057871459876,2600.));
#980=IFCMATERIALLAYERSETUSAGE(#950,.AXIS3.,.NEGATIVE.,56.999999999999993,$);
#981=IFCRELASSOCIATESMATERIAL('3i2UEQ4NMaphWfYPhLS33h',#37,$,$,(#224),#982);
#982=IFCMATERIALLAYERSETUSAGE(#907,.AXIS2.,.NEGATIVE.,100.,$);
#983=IFCRELASSOCIATESMATERIAL('2jYd_SKMMWaxL1N2DanppH',#37,$,$,(#819),#984);
#984=IFCMATERIALLAYERSETUSAGE(#907,.AXIS2.,.NEGATIVE.,100.,$);
#985=IFCRELASSOCIATESMATERIAL('0YSF1fPbL4ssHAOeJTrhSj',#37,$,$,(#986),#1008);
#986=IFCCOVERING('2QLDczdKX9Fg7Ur4rrIUAH',#6015,'\X2\BCF5D569\X0\ \X2\CC9CC7A5\X0\:\X2\D50CB808C778\X0\:183357',$,$,#6014,#989,'183357',.CEILING.);
#989=IFCPRODUCTDEFINITIONSHAPE($,$,(#990));
#990=IFCSHAPEREPRESENTATION(#18,'Body','SweptSolid',(#991));
#991=IFCEXTRUDEDAREASOLID(#992,#1006,#15,57.000000000000036);
#992=IFCARBITRARYCLOSEDPROFILEDEF(.AREA.,'\X2\D50CB808C778\X0\',#993);
#993=IFCPOLYLINE((#994,#995,#996,#997,#998,#999,#1000,#1001,#1002,#1003,#1004,#1005,#994));
#994=IFCCARTESIANPOINT((9504.0708845399186,-6647.8134659865391));
#995=IFCCARTESIANPOINT((9503.8904198564032,-148.37102435552015));
#996=IFCCARTESIANPOINT((5718.1138393352521,-148.36067291462717));
#997=IFCCARTESIANPOINT((5718.4614359173202,6648.8551676442239));
#998=IFCCARTESIANPOINT((-992.96193655994853,6648.6243079748001));
#999=IFCCARTESIANPOINT((-992.94215768919901,5844.947483904376));
#1000=IFCCARTESIANPOINT((-4517.2806501391606,5845.1421400473255));
#1001=IFCCARTESIANPOINT((-4516.8927381504627,-148.35377191070475));
#1002=IFCCARTESIANPOINT((-7216.8924090551673,-148.36607064140964));
#1003=IFCCARTESIANPOINT((-7217.0993732800016,-5547.7772184834712));
#1004=IFCCARTESIANPOINT((-2492.6998137797877,-5547.4745341528296));
#1005=IFCCARTESIANPOINT((-2492.75855773383,-6647.4503485059031));
#1006=IFCAXIS2PLACEMENT3D(#1007,#15,#62);
#1007=IFCCARTESIANPOINT((1171.6286496406328,-8214.0305454501558,2600.));
#1008=IFCMATERIALLAYERSETUSAGE(#950,.AXIS3.,.NEGATIVE.,56.999999999999993,$);
#1009=IFCRELASSOCIATESMATERIAL('1FBcsxci5NGNK_0iq8Wd89',#37,$,$,(#1010),#1032);
#1010=IFCCOVERING('2QLDczdKX9Fg7Ur4rrIU4B',#6021,'\X2\BCF5D569\X0\ \X2\CC9CC7A5\X0\:\X2\D50CB808C778\X0\:184231',$,$,#6020,#1013,'184231',.CEILING.);
#1013=IFCPRODUCTDEFINITIONSHAPE($,$,(#1014));
#1014=IFCSHAPEREPRESENTATION(#18,'Body','SweptSolid',(#1015));
#1015=IFCEXTRUDEDAREASOLID(#1016,#1030,#95,57.000000000000036);
#1016=IFCARBITRARYCLOSEDPROFILEDEF(.AREA.,'\X2\D50CB808C778\X0\',#1017);
#1017=IFCPOLYLINE((#1018,#1019,#1020,#1021,#1022,#1023,#1024,#1025,#1026,#1027,#1028,#1029,#1018));
#1018=IFCCARTESIANPOINT((-6648.8551676442385,-5718.4614359173365));
#1019=IFCCARTESIANPOINT((148.36067291463905,-5718.1138393352576));
#1020=IFCCARTESIANPOINT((148.37102435553874,-9503.8904198563814));
#1021=IFCCARTESIANPOINT((6647.8134659865573,-9504.0708845398858));
#1022=IFCCARTESIANPOINT((6647.4503485059031,2492.7585577338295));
#1023=IFCCARTESIANPOINT((5547.4745341528287,2492.6998137797864));
#1024=IFCCARTESIANPOINT((5547.7772184834639,7217.0993732800071));
#1025=IFCCARTESIANPOINT((148.36607064140034,7216.8924090551636));
#1026=IFCCARTESIANPOINT((148.35377191070103,4516.8927381504664));
#1027=IFCCARTESIANPOINT((-5845.1421400473282,4517.2806501391551));
#1028=IFCCARTESIANPOINT((-5844.9474839043714,992.94215768918377));
#1029=IFCCARTESIANPOINT((-6648.6243079748238,992.96193655993261));
#1030=IFCAXIS2PLACEMENT3D(#1031,#95,#108);
#1031=IFCCARTESIANPOINT((1171.6286496406385,-8214.0305454501577,2600.));
#1032=IFCMATERIALLAYERSETUSAGE(#950,.AXIS3.,.NEGATIVE.,56.999999999999993,$);
#1033=IFCRELASSOCIATESMATERIAL('297DtlPLESY6mFNh08aMXn',#37,$,$,(#1034),#1056);
#1034=IFCSLAB('2QLDczdKX9Fg7Ur4rrIVtI',#37,'\X2\BC14B2E5\X0\:\X2\CF58D06CB9ACD2B8\X0\-\X2\C0C1C6A9\X0\ 362mm:185214',$,$,#1035,#1037,'185214',.FLOOR.);
#1035=IFCLOCALPLACEMENT(#266,#1036);
#1036=IFCAXIS2PLACEMENT3D(#2,$,$);
#1037=IFCPRODUCTDEFINITIONSHAPE($,$,(#1038));
#1038=IFCSHAPEREPRESENTATION(#18,'Body','SweptSolid',(#1039));
#1039=IFCEXTRUDEDAREASOLID(#1040,#1054,#15,362.);
#1040=IFCARBITRARYCLOSEDPROFILEDEF(.AREA.,$,#1041);
#1041=IFCPOLYLINE((#1042,#1043,#1044,#1045,#1046,#1047,#1048,#1049,#1050,#1051,#1052,#1053,#1042));
#1042=IFCCARTESIANPOINT((-9505.8902974609409,-6649.3866696718278));
#1043=IFCCARTESIANPOINT((2494.109702539055,-6649.3866696718269));
#1044=IFCCARTESIANPOINT((2494.1097025390573,-5549.3866696718269));
#1045=IFCCARTESIANPOINT((7218.8921968726154,-5549.3866696718278));
#1046=IFCCARTESIANPOINT((7218.8921968726245,-149.38666967182149));
#1047=IFCCARTESIANPOINT((4518.8921968726318,-149.38666967182144));
#1048=IFCCARTESIANPOINT((4518.8921968726427,5846.9333483591945));
#1049=IFCCARTESIANPOINT((994.10970253906919,5846.9333483591945));
#1050=IFCCARTESIANPOINT((994.1097025390718,6650.6133303281431));
#1051=IFCCARTESIANPOINT((-5720.1135013624407,6650.6133303281431));
#1052=IFCCARTESIANPOINT((-5720.1135013624507,-149.38666967185986));
#1053=IFCCARTESIANPOINT((-9505.8902974609318,-149.3866696718585));
#1054=IFCAXIS2PLACEMENT3D(#1055,#95,#161);
#1055=IFCCARTESIANPOINT((1171.6286496406381,-8214.0305454501558,0.));
#1056=IFCMATERIALLAYERSETUSAGE(#1057,.AXIS3.,.POSITIVE.,0.,$);
#1057=IFCMATERIALLAYERSET((#1058,#1060,#1062),'\X2\BC14B2E5\X0\:\X2\CF58D06CB9ACD2B8\X0\-\X2\C0C1C6A9\X0\ 362mm',$);
#1058=IFCMATERIALLAYER(#1059,200.,$,$,$,$,$);
#1059=IFCMATERIAL('\X2\CF58D06CB9ACD2B8\X0\, \X2\D604C7A5CE58AE30\X0\',$,$);
#1060=IFCMATERIALLAYER(#1061,11.999999999999998,$,$,$,$,$);
#1061=IFCMATERIAL('\X2\BAA8B798\X0\',$,$);
#1062=IFCMATERIALLAYER(#1063,149.99999999999997,$,$,$,$,$);
#1063=IFCMATERIAL('\X2\B300C9C0\X0\ - \X2\D558B4DCCF54C5B4\X0\',$,$);
#1064=IFCRELASSOCIATESMATERIAL('2$FnW73bFyJRI6M98U1zg3',#37,$,$,(#1065),#1081);
#1065=IFCCOVERING('2fJd5P2ULAuO12Ns0rUn4f',#6027,'\X2\BCF5D569\X0\ \X2\CC9CC7A5\X0\:\X2\D50CB808C778\X0\:186811',$,$,#6026,#1068,'186811',.CEILING.);
#1068=IFCPRODUCTDEFINITIONSHAPE($,$,(#1069));
#1069=IFCSHAPEREPRESENTATION(#18,'Body','SweptSolid',(#1070));
#1070=IFCEXTRUDEDAREASOLID(#1071,#1079,#15,57.000000000000036);
#1071=IFCARBITRARYCLOSEDPROFILEDEF(.AREA.,'\X2\D50CB808C778\X0\',#1072);
#1072=IFCPOLYLINE((#1073,#1074,#1075,#1076,#1077,#1078,#1073));
#1073=IFCCARTESIANPOINT((-5683.6786323983197,-5305.6025015156165));
#1074=IFCCARTESIANPOINT((4553.9447493453508,-5305.5260696126334));
#1075=IFCCARTESIANPOINT((4553.5973781650437,233.66387608552247));
#1076=IFCCARTESIANPOINT((1128.8343026600066,233.51254993908833));
#1077=IFCCARTESIANPOINT((1129.5961670948136,5071.5936724411522));
#1078=IFCCARTESIANPOINT((-5683.6635140869612,5071.903942884669));
#1079=IFCAXIS2PLACEMENT3D(#1080,$,$);
#1080=IFCCARTESIANPOINT((1135.9247823237185,-7574.6790165967886,2600.));
#1081=IFCMATERIALLAYERSETUSAGE(#950,.AXIS3.,.NEGATIVE.,56.999999999999993,$);
#1082=IFCRELASSOCIATESMATERIAL('3hVg9TXWWnDhOcA14ZLfi0',#37,$,$,(#1083),#907);
#1083=IFCWALLTYPE('3kSL0VGKv3gxJCujeqtuWE',#37,'\X2\AE30BCF8\X0\ \X2\BCBD\X0\:\X2\C77CBC18\X0\ - 200mm',$,$,$,$,'1740',$,.STANDARD.);
#1084=IFCRELASSOCIATESMATERIAL('0cvJSB_grOVfCKYxXvZ6$f',#37,$,$,(#1085,#1230,#1245,#1260,#1796),#2332);
#1085=IFCSTAIRFLIGHT('2znubWhPDD4wn7Fg4E22lW',#37,'\X2\C870D569B41C\X0\ \X2\ACC4B2E8\X0\:\X2\ACC4B2E8\X0\:145090 Run 1',$,$,#1086,#1090,'145385',$,11,0.58586426696662919,0.82020997375328075,$);
#1086=IFCLOCALPLACEMENT(#1087,#1089);
#1087=IFCLOCALPLACEMENT(#266,#1088);
#1088=IFCAXIS2PLACEMENT3D(#2,$,$);
#1089=IFCAXIS2PLACEMENT3D(#2,$,$);
#1090=IFCPRODUCTDEFINITIONSHAPE($,$,(#1091));
#1091=IFCSHAPEREPRESENTATION(#18,'Body','SweptSolid',(#1092,#1098,#1104,#1110,#1116,#1122,#1128,#1134,#1140,#1146,#1152,#1158,#1164,#1170,#1176,#1182,#1188,#1194,#1200,#1206,#1212,#1218,#1224));
#1092=IFCEXTRUDEDAREASOLID(#1093,#1096,#15,128.57142857142858);
#1093=IFCRECTANGLEPROFILEDEF(.AREA.,'50mm \X2\B514B524D310\X0\ 12mm \X2\CC4CD310\X0\',#1094,1600.,11.999999999999439);
#1094=IFCAXIS2PLACEMENT2D(#1095,#100);
#1095=IFCCARTESIANPOINT((0.,-1.0831335828243027E-12));
#1096=IFCAXIS2PLACEMENT3D(#1097,#15,#62);
#1097=IFCCARTESIANPOINT((4634.9011071298773,-11269.344154425977,0.));
#1098=IFCEXTRUDEDAREASOLID(#1099,#1102,#15,50.);
#1099=IFCRECTANGLEPROFILEDEF(.AREA.,'50mm \X2\B514B524D310\X0\ 12mm \X2\CC4CD310\X0\',#1100,250.00000000000165,1599.9999999999995);
#1100=IFCAXIS2PLACEMENT2D(#1101,#100);
#1101=IFCCARTESIANPOINT((-1.0800249583553523E-12,2.8421709430404007E-13));
#1102=IFCAXIS2PLACEMENT3D(#1103,#15,#14);
#1103=IFCCARTESIANPOINT((4634.9011071298773,-11150.344154425977,128.57142857142858));
#1104=IFCEXTRUDEDAREASOLID(#1105,#1108,#15,178.57142857142858);
#1105=IFCRECTANGLEPROFILEDEF(.AREA.,'50mm \X2\B514B524D310\X0\ 12mm \X2\CC4CD310\X0\',#1106,1599.9999999999995,11.999999999999439);
#1106=IFCAXIS2PLACEMENT2D(#1107,#100);
#1107=IFCCARTESIANPOINT((-2.2737367544323206E-13,1.0831335828243027E-12));
#1108=IFCAXIS2PLACEMENT3D(#1109,#15,#62);
#1109=IFCCARTESIANPOINT((4634.9011071298773,-11019.344154425975,128.57142857142858));
#1110=IFCEXTRUDEDAREASOLID(#1111,#1114,#15,50.);
#1111=IFCRECTANGLEPROFILEDEF(.AREA.,'50mm \X2\B514B524D310\X0\ 12mm \X2\CC4CD310\X0\',#1112,249.99999999999949,1600.0000000000005);
#1112=IFCAXIS2PLACEMENT2D(#1113,#100);
#1113=IFCCARTESIANPOINT((0.,-2.2737367544323206E-13));
#1114=IFCAXIS2PLACEMENT3D(#1115,#15,#14);
#1115=IFCCARTESIANPOINT((4634.9011071298773,-10900.344154425977,307.14285714285717));
#1116=IFCEXTRUDEDAREASOLID(#1117,#1120,#15,178.57142857142858);
#1117=IFCRECTANGLEPROFILEDEF(.AREA.,'50mm \X2\B514B524D310\X0\ 12mm \X2\CC4CD310\X0\',#1118,1599.9999999999995,11.999999999999439);
#1118=IFCAXIS2PLACEMENT2D(#1119,#100);
#1119=IFCCARTESIANPOINT((0.,-1.0831335828243027E-12));
#1120=IFCAXIS2PLACEMENT3D(#1121,#15,#62);
#1121=IFCCARTESIANPOINT((4634.9011071298773,-10769.344154425977,307.14285714285717));
#1122=IFCEXTRUDEDAREASOLID(#1123,#1126,#15,50.);
#1123=IFCRECTANGLEPROFILEDEF(.AREA.,'50mm \X2\B514B524D310\X0\ 12mm \X2\CC4CD310\X0\',#1124,249.99999999999949,1600.0000000000014);
#1124=IFCAXIS2PLACEMENT2D(#1125,#100);
#1125=IFCCARTESIANPOINT((0.,0.));
#1126=IFCAXIS2PLACEMENT3D(#1127,#15,#14);
#1127=IFCCARTESIANPOINT((4634.9011071298773,-10650.344154425975,485.71428571428572));
#1128=IFCEXTRUDEDAREASOLID(#1129,#1132,#15,178.57142857142858);
#1129=IFCRECTANGLEPROFILEDEF(.AREA.,'50mm \X2\B514B524D310\X0\ 12mm \X2\CC4CD310\X0\',#1130,1599.9999999999995,11.999999999999439);
#1130=IFCAXIS2PLACEMENT2D(#1131,#100);
#1131=IFCCARTESIANPOINT((-2.8421709430404007E-13,1.0831335828243027E-12));
#1132=IFCAXIS2PLACEMENT3D(#1133,#15,#62);
#1133=IFCCARTESIANPOINT((4634.9011071298773,-10519.344154425977,485.71428571428572));
#1134=IFCEXTRUDEDAREASOLID(#1135,#1138,#15,50.);
#1135=IFCRECTANGLEPROFILEDEF(.AREA.,'50mm \X2\B514B524D310\X0\ 12mm \X2\CC4CD310\X0\',#1136,249.99999999999949,1600.0000000000007);
#1136=IFCAXIS2PLACEMENT2D(#1137,#100);
#1137=IFCCARTESIANPOINT((0.,2.2737367544323206E-13));
#1138=IFCAXIS2PLACEMENT3D(#1139,#15,#14);
#1139=IFCCARTESIANPOINT((4634.9011071298783,-10400.344154425979,664.28571428571433));
#1140=IFCEXTRUDEDAREASOLID(#1141,#1144,#15,178.57142857142858);
#1141=IFCRECTANGLEPROFILEDEF(.AREA.,'50mm \X2\B514B524D310\X0\ 12mm \X2\CC4CD310\X0\',#1142,1599.9999999999995,11.999999999999439);
#1142=IFCAXIS2PLACEMENT2D(#1143,#100);
#1143=IFCCARTESIANPOINT((-5.6843418860808015E-13,-1.0831335828243027E-12));
#1144=IFCAXIS2PLACEMENT3D(#1145,#15,#62);
#1145=IFCCARTESIANPOINT((4634.9011071298773,-10269.344154425977,664.28571428571433));
#1146=IFCEXTRUDEDAREASOLID(#1147,#1150,#15,50.);
#1147=IFCRECTANGLEPROFILEDEF(.AREA.,'50mm \X2\B514B524D310\X0\ 12mm \X2\CC4CD310\X0\',#1148,249.99999999999949,1600.);
#1148=IFCAXIS2PLACEMENT2D(#1149,#100);
#1149=IFCCARTESIANPOINT((0.,0.));
#1150=IFCAXIS2PLACEMENT3D(#1151,#15,#14);
#1151=IFCCARTESIANPOINT((4634.9011071298792,-10150.344154425977,842.85714285714289));
#1152=IFCEXTRUDEDAREASOLID(#1153,#1156,#15,178.57142857142858);
#1153=IFCRECTANGLEPROFILEDEF(.AREA.,'50mm \X2\B514B524D310\X0\ 12mm \X2\CC4CD310\X0\',#1154,1599.9999999999995,11.999999999999439);
#1154=IFCAXIS2PLACEMENT2D(#1155,#100);
#1155=IFCCARTESIANPOINT((-5.6843418860808015E-13,1.0831335828243027E-12));
#1156=IFCAXIS2PLACEMENT3D(#1157,#15,#62);
#1157=IFCCARTESIANPOINT((4634.9011071298773,-10019.344154425975,842.85714285714289));
#1158=IFCEXTRUDEDAREASOLID(#1159,#1162,#15,50.);
#1159=IFCRECTANGLEPROFILEDEF(.AREA.,'50mm \X2\B514B524D310\X0\ 12mm \X2\CC4CD310\X0\',#1160,249.99999999999949,1600.);
#1160=IFCAXIS2PLACEMENT2D(#1161,#100);
#1161=IFCCARTESIANPOINT((0.,0.));
#1162=IFCAXIS2PLACEMENT3D(#1163,#15,#14);
#1163=IFCCARTESIANPOINT((4634.9011071298792,-9900.3441544259767,1021.4285714285714));
#1164=IFCEXTRUDEDAREASOLID(#1165,#1168,#15,178.57142857142858);
#1165=IFCRECTANGLEPROFILEDEF(.AREA.,'50mm \X2\B514B524D310\X0\ 12mm \X2\CC4CD310\X0\',#1166,1599.9999999999995,11.999999999999439);
#1166=IFCAXIS2PLACEMENT2D(#1167,#100);
#1167=IFCCARTESIANPOINT((-8.5265128291212022E-13,1.0831335828243027E-12));
#1168=IFCAXIS2PLACEMENT3D(#1169,#15,#62);
#1169=IFCCARTESIANPOINT((4634.9011071298773,-9769.3441544259786,1021.4285714285714));
#1170=IFCEXTRUDEDAREASOLID(#1171,#1174,#15,50.);
#1171=IFCRECTANGLEPROFILEDEF(.AREA.,'50mm \X2\B514B524D310\X0\ 12mm \X2\CC4CD310\X0\',#1172,249.99999999999949,1600.0000000000007);
#1172=IFCAXIS2PLACEMENT2D(#1173,#100);
#1173=IFCCARTESIANPOINT((0.,2.2737367544323206E-13));
#1174=IFCAXIS2PLACEMENT3D(#1175,#15,#14);
#1175=IFCCARTESIANPOINT((4634.9011071298792,-9650.3441544259786,1200.));
#1176=IFCEXTRUDEDAREASOLID(#1177,#1180,#15,178.57142857142858);
#1177=IFCRECTANGLEPROFILEDEF(.AREA.,'50mm \X2\B514B524D310\X0\ 12mm \X2\CC4CD310\X0\',#1178,1599.9999999999995,11.999999999999437);
#1178=IFCAXIS2PLACEMENT2D(#1179,#100);
#1179=IFCCARTESIANPOINT((-5.6843418860808015E-13,0.));
#1180=IFCAXIS2PLACEMENT3D(#1181,#15,#62);
#1181=IFCCARTESIANPOINT((4634.9011071298783,-9519.3441544259767,1200.));
#1182=IFCEXTRUDEDAREASOLID(#1183,#1186,#15,50.);
#1183=IFCRECTANGLEPROFILEDEF(.AREA.,'50mm \X2\B514B524D310\X0\ 12mm \X2\CC4CD310\X0\',#1184,249.99999999999949,1600.0000000000014);
#1184=IFCAXIS2PLACEMENT2D(#1185,#100);
#1185=IFCCARTESIANPOINT((0.,0.));
#1186=IFCAXIS2PLACEMENT3D(#1187,#15,#14);
#1187=IFCCARTESIANPOINT((4634.9011071298801,-9400.3441544259786,1378.5714285714287));
#1188=IFCEXTRUDEDAREASOLID(#1189,#1192,#15,178.57142857142858);
#1189=IFCRECTANGLEPROFILEDEF(.AREA.,'50mm \X2\B514B524D310\X0\ 12mm \X2\CC4CD310\X0\',#1190,1599.9999999999995,11.999999999999437);
#1190=IFCAXIS2PLACEMENT2D(#1191,#100);
#1191=IFCCARTESIANPOINT((-7.9580786405131221E-13,0.));
#1192=IFCAXIS2PLACEMENT3D(#1193,#15,#62);
#1193=IFCCARTESIANPOINT((4634.9011071298783,-9269.3441544259767,1378.5714285714287));
#1194=IFCEXTRUDEDAREASOLID(#1195,#1198,#15,50.);
#1195=IFCRECTANGLEPROFILEDEF(.AREA.,'50mm \X2\B514B524D310\X0\ 12mm \X2\CC4CD310\X0\',#1196,249.99999999999949,1600.0000000000007);
#1196=IFCAXIS2PLACEMENT2D(#1197,#100);
#1197=IFCCARTESIANPOINT((0.,2.2737367544323206E-13));
#1198=IFCAXIS2PLACEMENT3D(#1199,#15,#14);
#1199=IFCCARTESIANPOINT((4634.9011071298801,-9150.3441544259786,1557.1428571428573));
#1200=IFCEXTRUDEDAREASOLID(#1201,#1204,#15,178.57142857142858);
#1201=IFCRECTANGLEPROFILEDEF(.AREA.,'50mm \X2\B514B524D310\X0\ 12mm \X2\CC4CD310\X0\',#1202,1599.9999999999995,11.999999999999437);
#1202=IFCAXIS2PLACEMENT2D(#1203,#100);
#1203=IFCCARTESIANPOINT((-7.9580786405131221E-13,0.));
#1204=IFCAXIS2PLACEMENT3D(#1205,#15,#62);
#1205=IFCCARTESIANPOINT((4634.9011071298783,-9019.3441544259786,1557.1428571428573));
#1206=IFCEXTRUDEDAREASOLID(#1207,#1210,#15,50.);
#1207=IFCRECTANGLEPROFILEDEF(.AREA.,'50mm \X2\B514B524D310\X0\ 12mm \X2\CC4CD310\X0\',#1208,249.99999999999949,1600.0000000000007);
#1208=IFCAXIS2PLACEMENT2D(#1209,#100);
#1209=IFCCARTESIANPOINT((0.,2.2737367544323206E-13));
#1210=IFCAXIS2PLACEMENT3D(#1211,#15,#14);
#1211=IFCCARTESIANPOINT((4634.9011071298801,-8900.3441544259786,1735.7142857142858));
#1212=IFCEXTRUDEDAREASOLID(#1213,#1216,#15,178.57142857142858);
#1213=IFCRECTANGLEPROFILEDEF(.AREA.,'50mm \X2\B514B524D310\X0\ 12mm \X2\CC4CD310\X0\',#1214,1599.9999999999995,11.999999999999439);
#1214=IFCAXIS2PLACEMENT2D(#1215,#100);
#1215=IFCCARTESIANPOINT((-1.0800249583553523E-12,-1.0831335828243027E-12));
#1216=IFCAXIS2PLACEMENT3D(#1217,#15,#62);
#1217=IFCCARTESIANPOINT((4634.9011071298783,-8769.3441544259804,1735.7142857142858));
#1218=IFCEXTRUDEDAREASOLID(#1219,#1222,#15,178.57142857142858);
#1219=IFCRECTANGLEPROFILEDEF(.AREA.,'50mm \X2\B514B524D310\X0\ 12mm \X2\CC4CD310\X0\',#1220,1600.,12.00000000000052);
#1220=IFCAXIS2PLACEMENT2D(#1221,#100);
#1221=IFCCARTESIANPOINT((0.,5.4178883601707639E-13));
#1222=IFCAXIS2PLACEMENT3D(#1223,#15,#62);
#1223=IFCCARTESIANPOINT((4634.9011071298819,-8519.3441544259749,1914.2857142857144));
#1224=IFCEXTRUDEDAREASOLID(#1225,#1228,#15,50.);
#1225=IFCRECTANGLEPROFILEDEF(.AREA.,'50mm \X2\B514B524D310\X0\ 12mm \X2\CC4CD310\X0\',#1226,249.99999999999949,1600.);
#1226=IFCAXIS2PLACEMENT2D(#1227,#100);
#1227=IFCCARTESIANPOINT((0.,0.));
#1228=IFCAXIS2PLACEMENT3D(#1229,#15,#14);
#1229=IFCCARTESIANPOINT((4634.9011071298819,-8650.3441544259804,1914.2857142857144));
#1230=IFCMEMBER('2znubWhPDD4wn7Fg4E22lY',#37,'\X2\C870D569B41C\X0\ \X2\ACC4B2E8\X0\:\X2\ACC4B2E8\X0\:145090 Stringer 1',$,$,#1231,#1233,'145387',$);
#1231=IFCLOCALPLACEMENT(#1087,#1232);
#1232=IFCAXIS2PLACEMENT3D(#2,$,$);
#1233=IFCPRODUCTDEFINITIONSHAPE($,$,(#1234));
#1234=IFCSHAPEREPRESENTATION(#18,'Body','SweptSolid',(#1235));
#1235=IFCEXTRUDEDAREASOLID(#1236,#1243,#15,50.);
#1236=IFCARBITRARYCLOSEDPROFILEDEF(.AREA.,'\X2\ACC4B2E8C606D310\X0\ - 50mm \X2\D3ED\X0\',#1237);
#1237=IFCPOLYLINE((#1238,#1239,#1240,#1241,#1242,#1238));
#1238=IFCCARTESIANPOINT((-1168.0139516022523,-836.5946812418556));
#1239=IFCCARTESIANPOINT((-827.94419359097492,-836.5946812418556));
#1240=IFCCARTESIANPOINT((1581.9860483977473,884.78406303580391));
#1241=IFCCARTESIANPOINT((1581.9860483977473,1376.3455068668111));
#1242=IFCCARTESIANPOINT((-1168.0139516022523,-587.94020741890336));
#1243=IFCAXIS2PLACEMENT3D(#1244,#161,#108);
#1244=IFCCARTESIANPOINT((3784.9011071298801,-10107.330202823721,836.5946812418556));
#1245=IFCMEMBER('2znubWhPDD4wn7Fg4E22lb',#37,'\X2\C870D569B41C\X0\ \X2\ACC4B2E8\X0\:\X2\ACC4B2E8\X0\:145090 Stringer 2',$,$,#1246,#1248,'145388',$);
#1246=IFCLOCALPLACEMENT(#1087,#1247);
#1247=IFCAXIS2PLACEMENT3D(#2,$,$);
#1248=IFCPRODUCTDEFINITIONSHAPE($,$,(#1249));
#1249=IFCSHAPEREPRESENTATION(#18,'Body','SweptSolid',(#1250));
#1250=IFCEXTRUDEDAREASOLID(#1251,#1258,#15,49.99999999999946);
#1251=IFCARBITRARYCLOSEDPROFILEDEF(.AREA.,'\X2\ACC4B2E8C606D310\X0\ - 50mm \X2\D3ED\X0\',#1252);
#1252=IFCPOLYLINE((#1253,#1254,#1255,#1256,#1257,#1253));
#1253=IFCCARTESIANPOINT((-1168.0139516022566,-836.59468124185366));
#1254=IFCCARTESIANPOINT((-827.94419359097492,-836.59468124185366));
#1255=IFCCARTESIANPOINT((1581.986048397742,884.78406303580175));
#1256=IFCCARTESIANPOINT((1581.9860483977429,1376.34550686681));
#1257=IFCCARTESIANPOINT((-1168.0139516022566,-587.94020741890461));
#1258=IFCAXIS2PLACEMENT3D(#1259,#161,#108);
#1259=IFCCARTESIANPOINT((5434.9011071298792,-10107.330202823721,836.59468124185366));
#1260=IFCRAILING('2znubWhPDD4wn7Fg4E22MQ',#37,'\X2\B09CAC04\X0\:900mm \X2\BC30AD00\X0\:145811',$,$,#1261,#1264,'145811',.NOTDEFINED.);
#1261=IFCLOCALPLACEMENT(#1087,#1262);
#1262=IFCAXIS2PLACEMENT3D(#1263,$,$);
#1263=IFCCARTESIANPOINT((5387.9058348939616,-11276.931654425976,178.57142857142838));
#1264=IFCPRODUCTDEFINITIONSHAPE($,$,(#1265));
#1265=IFCSHAPEREPRESENTATION(#18,'Body','Brep',(#1266,#1306,#1346,#1386,#1426,#1500,#1574,#1648,#1722));
#1266=IFCFACETEDBREP(#1267);
#1267=IFCCLOSEDSHELL((#1268,#1274,#1278,#1283,#1286,#1290,#1294,#1297,#1300,#1303));
#1268=IFCFACE((#1269));
#1269=IFCFACEOUTERBOUND(#1270,.T.);
#1270=IFCPOLYLOOP((#1271,#1272,#1273));
#1271=IFCCARTESIANPOINT((34.095272235919765,2001.5875000000015,1428.5714285714284));
#1272=IFCCARTESIANPOINT((24.376783910372978,2013.7740989022732,2288.1199976899511));
#1273=IFCCARTESIANPOINT((34.095272235919765,2001.5875000000015,2279.4152841883279));
#1274=IFCFACE((#1275));
#1275=IFCFACEOUTERBOUND(#1276,.T.);
#1276=IFCPOLYLOOP((#1272,#1271,#1277));
#1277=IFCCARTESIANPOINT((21.595272235918856,2014.0875000000015,1428.5714285714284));
#1278=IFCFACE((#1279));
#1279=IFCFACEOUTERBOUND(#1280,.T.);
#1280=IFCPOLYLOOP((#1277,#1281,#1282));
#1281=IFCCARTESIANPOINT((9.0952722359188556,2001.5875000000015,1428.5714285714284));
#1282=IFCCARTESIANPOINT((9.0952722359188556,2001.5875000000015,2279.4152841883279));
#1283=IFCFACE((#1284));
#1284=IFCFACEOUTERBOUND(#1285,.T.);
#1285=IFCPOLYLOOP((#1277,#1282,#1272));
#1286=IFCFACE((#1287));
#1287=IFCFACEOUTERBOUND(#1288,.T.);
#1288=IFCPOLYLOOP((#1282,#1281,#1289));
#1289=IFCCARTESIANPOINT((18.813760561465642,1989.4009010977279,2270.7105706867042));
#1290=IFCFACE((#1291));
#1291=IFCFACEOUTERBOUND(#1292,.T.);
#1292=IFCPOLYLOOP((#1289,#1281,#1293));
#1293=IFCCARTESIANPOINT((21.595272235918856,1989.0874999999996,1428.5714285714284));
#1294=IFCFACE((#1295));
#1295=IFCFACEOUTERBOUND(#1296,.T.);
#1296=IFCPOLYLOOP((#1293,#1271,#1273));
#1297=IFCFACE((#1298));
#1298=IFCFACEOUTERBOUND(#1299,.T.);
#1299=IFCPOLYLOOP((#1293,#1273,#1289));
#1300=IFCFACE((#1301));
#1301=IFCFACEOUTERBOUND(#1302,.T.);
#1302=IFCPOLYLOOP((#1273,#1272,#1282,#1289));
#1303=IFCFACE((#1304));
#1304=IFCFACEOUTERBOUND(#1305,.T.);
#1305=IFCPOLYLOOP((#1277,#1271,#1293,#1281));
#1306=IFCFACETEDBREP(#1307);
#1307=IFCCLOSEDSHELL((#1308,#1314,#1318,#1323,#1326,#1330,#1334,#1337,#1340,#1343));
#1308=IFCFACE((#1309));
#1309=IFCFACEOUTERBOUND(#1310,.T.);
#1310=IFCPOLYLOOP((#1311,#1312,#1313));
#1311=IFCCARTESIANPOINT((34.095272235917946,1001.5874999999996,714.28571428571422));
#1312=IFCCARTESIANPOINT((24.376783910371159,1013.7740989022732,1573.8342834042367));
#1313=IFCCARTESIANPOINT((34.095272235917946,1001.5874999999996,1565.1295699026132));
#1314=IFCFACE((#1315));
#1315=IFCFACEOUTERBOUND(#1316,.T.);
#1316=IFCPOLYLOOP((#1312,#1311,#1317));
#1317=IFCCARTESIANPOINT((21.595272235917037,1014.0874999999996,714.28571428571422));
#1318=IFCFACE((#1319));
#1319=IFCFACEOUTERBOUND(#1320,.T.);
#1320=IFCPOLYLOOP((#1317,#1321,#1322));
#1321=IFCCARTESIANPOINT((9.0952722359170366,1001.5874999999996,714.28571428571422));
#1322=IFCCARTESIANPOINT((9.0952722359170366,1001.5874999999996,1565.1295699026134));
#1323=IFCFACE((#1324));
#1324=IFCFACEOUTERBOUND(#1325,.T.);
#1325=IFCPOLYLOOP((#1317,#1322,#1312));
#1326=IFCFACE((#1327));
#1327=IFCFACEOUTERBOUND(#1328,.T.);
#1328=IFCPOLYLOOP((#1322,#1321,#1329));
#1329=IFCCARTESIANPOINT((18.813760561462914,989.40090109772791,1556.4248564009899));
#1330=IFCFACE((#1331));
#1331=IFCFACEOUTERBOUND(#1332,.T.);
#1332=IFCPOLYLOOP((#1329,#1321,#1333));
#1333=IFCCARTESIANPOINT((21.595272235917037,989.08750000000146,714.28571428571422));
#1334=IFCFACE((#1335));
#1335=IFCFACEOUTERBOUND(#1336,.T.);
#1336=IFCPOLYLOOP((#1333,#1311,#1313));
#1337=IFCFACE((#1338));
#1338=IFCFACEOUTERBOUND(#1339,.T.);
#1339=IFCPOLYLOOP((#1333,#1313,#1329));
#1340=IFCFACE((#1341));
#1341=IFCFACEOUTERBOUND(#1342,.T.);
#1342=IFCPOLYLOOP((#1313,#1312,#1322,#1329));
#1343=IFCFACE((#1344));
#1344=IFCFACEOUTERBOUND(#1345,.T.);
#1345=IFCPOLYLOOP((#1317,#1311,#1333,#1321));
#1346=IFCFACETEDBREP(#1347);
#1347=IFCCLOSEDSHELL((#1348,#1354,#1358,#1363,#1366,#1370,#1374,#1377,#1380,#1383));
#1348=IFCFACE((#1349));
#1349=IFCFACEOUTERBOUND(#1350,.T.);
#1350=IFCPOLYLOOP((#1351,#1352,#1353));
#1351=IFCCARTESIANPOINT((34.095272235920675,2739.0874999999996,1785.7142857142858));
#1352=IFCCARTESIANPOINT((24.376783910374797,2751.2740989022732,2814.9057119756653));
#1353=IFCCARTESIANPOINT((34.095272235920675,2739.0874999999996,2806.2009984740416));
#1354=IFCFACE((#1355));
#1355=IFCFACEOUTERBOUND(#1356,.T.);
#1356=IFCPOLYLOOP((#1352,#1351,#1357));
#1357=IFCCARTESIANPOINT((21.595272235920675,2751.5874999999996,1785.7142857142858));
#1358=IFCFACE((#1359));
#1359=IFCFACEOUTERBOUND(#1360,.T.);
#1360=IFCPOLYLOOP((#1357,#1361,#1362));
#1361=IFCCARTESIANPOINT((9.0952722359197651,2739.0874999999996,1785.7142857142858));
#1362=IFCCARTESIANPOINT((9.0952722359197651,2739.0874999999996,2806.2009984740421));
#1363=IFCFACE((#1364));
#1364=IFCFACEOUTERBOUND(#1365,.T.);
#1365=IFCPOLYLOOP((#1357,#1362,#1352));
#1366=IFCFACE((#1367));
#1367=IFCFACEOUTERBOUND(#1368,.T.);
#1368=IFCPOLYLOOP((#1362,#1361,#1369));
#1369=IFCCARTESIANPOINT((18.813760561466552,2726.9009010977261,2797.4962849724184));
#1370=IFCFACE((#1371));
#1371=IFCFACEOUTERBOUND(#1372,.T.);
#1372=IFCPOLYLOOP((#1369,#1361,#1373));
#1373=IFCCARTESIANPOINT((21.595272235920675,2726.5874999999996,1785.7142857142858));
#1374=IFCFACE((#1375));
#1375=IFCFACEOUTERBOUND(#1376,.T.);
#1376=IFCPOLYLOOP((#1373,#1351,#1353));
#1377=IFCFACE((#1378));
#1378=IFCFACEOUTERBOUND(#1379,.T.);
#1379=IFCPOLYLOOP((#1373,#1353,#1369));
#1380=IFCFACE((#1381));
#1381=IFCFACEOUTERBOUND(#1382,.T.);
#1382=IFCPOLYLOOP((#1353,#1352,#1362,#1369));
#1383=IFCFACE((#1384));
#1384=IFCFACEOUTERBOUND(#1385,.T.);
#1385=IFCPOLYLOOP((#1357,#1351,#1373,#1361));
#1386=IFCFACETEDBREP(#1387);
#1387=IFCCLOSEDSHELL((#1388,#1394,#1398,#1403,#1406,#1410,#1414,#1417,#1420,#1423));
#1388=IFCFACE((#1389));
#1389=IFCFACEOUTERBOUND(#1390,.T.);
#1390=IFCPOLYLOOP((#1391,#1392,#1393));
#1391=IFCCARTESIANPOINT((34.095272235916127,14.087499999999636,-0.));
#1392=IFCCARTESIANPOINT((24.37678391037025,26.274098902271362,868.49399735170505));
#1393=IFCCARTESIANPOINT((34.095272235916127,14.087499999999636,859.63101633187034));
#1394=IFCFACE((#1395));
#1395=IFCFACEOUTERBOUND(#1396,.T.);
#1396=IFCPOLYLOOP((#1392,#1391,#1397));
#1397=IFCCARTESIANPOINT((21.595272235916127,26.587499999999636,-0.));
#1398=IFCFACE((#1399));
#1399=IFCFACEOUTERBOUND(#1400,.T.);
#1400=IFCPOLYLOOP((#1397,#1401,#1402));
#1401=IFCCARTESIANPOINT((9.0952722359152176,14.087499999999636,-0.));
#1402=IFCCARTESIANPOINT((9.0952722359152176,14.087499999999636,859.63101633187034));
#1403=IFCFACE((#1404));
#1404=IFCFACEOUTERBOUND(#1405,.T.);
#1405=IFCPOLYLOOP((#1397,#1402,#1392));
#1406=IFCFACE((#1407));
#1407=IFCFACEOUTERBOUND(#1408,.T.);
#1408=IFCPOLYLOOP((#1402,#1401,#1409));
#1409=IFCCARTESIANPOINT((18.813760561462004,1.9009010977279104,850.76803531203564));
#1410=IFCFACE((#1411));
#1411=IFCFACEOUTERBOUND(#1412,.T.);
#1412=IFCPOLYLOOP((#1409,#1401,#1413));
#1413=IFCCARTESIANPOINT((21.595272235916127,1.5874999999996362,-0.));
#1414=IFCFACE((#1415));
#1415=IFCFACEOUTERBOUND(#1416,.T.);
#1416=IFCPOLYLOOP((#1413,#1391,#1393));
#1417=IFCFACE((#1418));
#1418=IFCFACEOUTERBOUND(#1419,.T.);
#1419=IFCPOLYLOOP((#1413,#1393,#1409));
#1420=IFCFACE((#1421));
#1421=IFCFACEOUTERBOUND(#1422,.T.);
#1422=IFCPOLYLOOP((#1393,#1392,#1402,#1409));
#1423=IFCFACE((#1424));
#1424=IFCFACEOUTERBOUND(#1425,.T.);
#1425=IFCPOLYLOOP((#1397,#1391,#1413,#1401));
#1426=IFCFACETEDBREP(#1427);
#1427=IFCCLOSEDSHELL((#1428,#1455,#1482,#1485,#1488,#1491,#1494,#1497));
#1428=IFCFACE((#1429));
#1429=IFCFACEOUTERBOUND(#1430,.T.);
#1430=IFCPOLYLOOP((#1431,#1432,#1433,#1434,#1435,#1436,#1437,#1438,#1439,#1440,#1441,#1442,#1443,#1444,#1445,#1446,#1447,#1448,#1449,#1450,#1451,#1452,#1453,#1454));
#1431=IFCCARTESIANPOINT((29.095272235916127,1.5874999999996362,665.60251968588841));
#1432=IFCCARTESIANPOINT((30.970272235915218,1.5874999999996362,669.5935012285006));
#1433=IFCCARTESIANPOINT((32.845272235915218,1.5874999999996362,673.58448277111279));
#1434=IFCCARTESIANPOINT((34.720272235916127,1.5874999999996362,677.57546431372498));
#1435=IFCCARTESIANPOINT((36.595272235916127,1.5874999999996362,681.56644585633694));
#1436=IFCCARTESIANPOINT((34.999695488979341,1.5874999999996362,684.96266844132106));
#1437=IFCCARTESIANPOINT((33.404118742042556,1.5874999999996362,688.3588910263054));
#1438=IFCCARTESIANPOINT((31.249695488980251,1.5875000000032742,692.94463152654521));
#1439=IFCCARTESIANPOINT((29.095272235916127,1.5874999999996362,697.53037202678547));
#1440=IFCCARTESIANPOINT((25.345272235916127,1.5874999999996362,697.53037202678502));
#1441=IFCCARTESIANPOINT((21.595272235917037,1.5874999999996362,697.53037202678502));
#1442=IFCCARTESIANPOINT((17.845272235917037,1.5874999999996362,697.53037202678502));
#1443=IFCCARTESIANPOINT((14.095272235915218,1.5874999999996362,697.53037202678547));
#1444=IFCCARTESIANPOINT((12.220272235916127,1.5874999999996362,693.53939048417305));
#1445=IFCCARTESIANPOINT((10.345272235916127,1.5874999999996362,689.54840894156087));
#1446=IFCCARTESIANPOINT((8.1908489828529127,1.5874999999996362,684.96266844132128));
#1447=IFCCARTESIANPOINT((6.5952722359161271,1.5874999999996362,681.56644585633694));
#1448=IFCCARTESIANPOINT((8.4702722359161271,1.5874999999996362,677.57546431372498));
#1449=IFCCARTESIANPOINT((10.345272235915218,1.5874999999978172,673.58448277111279));
#1450=IFCCARTESIANPOINT((12.220272235916127,1.5874999999996362,669.5935012285006));
#1451=IFCCARTESIANPOINT((14.095272235915218,1.5874999999996362,665.60251968588818));
#1452=IFCCARTESIANPOINT((17.845272235916127,1.5874999999996362,665.60251968588864));
#1453=IFCCARTESIANPOINT((21.595272235915218,1.5874999999996362,665.60251968588864));
#1454=IFCCARTESIANPOINT((25.345272235915218,1.5874999999996362,665.60251968588886));
#1455=IFCFACE((#1456));
#1456=IFCFACEOUTERBOUND(#1457,.T.);
#1457=IFCPOLYLOOP((#1458,#1459,#1460,#1461,#1462,#1463,#1464,#1465,#1466,#1467,#1468,#1469,#1470,#1471,#1472,#1473,#1474,#1475,#1476,#1477,#1478,#1479,#1480,#1481));
#1458=IFCCARTESIANPOINT((11.94084898285837,2751.5874999999996,2634.4739744718386));
#1459=IFCCARTESIANPOINT((9.7864257297987933,2751.5874999999996,2639.0597149720729));
#1460=IFCCARTESIANPOINT((8.1908489828592792,2751.5874999999996,2642.455937557062));
#1461=IFCCARTESIANPOINT((6.5952722359206746,2751.5874999999996,2645.8521601420512));
#1462=IFCCARTESIANPOINT((8.4702722359197651,2751.5875000000015,2649.8431416846634));
#1463=IFCCARTESIANPOINT((10.345272235919765,2751.5875000000015,2653.8341232272755));
#1464=IFCCARTESIANPOINT((12.220272235920675,2751.5875000000015,2657.8251047698877));
#1465=IFCCARTESIANPOINT((14.095272235919765,2751.5874999999996,2661.8160863125004));
#1466=IFCCARTESIANPOINT((17.845272235919765,2751.5875000000015,2661.8160863124999));
#1467=IFCCARTESIANPOINT((21.595272235920675,2751.5875000000015,2661.8160863124999));
#1468=IFCCARTESIANPOINT((25.345272235920675,2751.5875000000015,2661.8160863124999));
#1469=IFCCARTESIANPOINT((29.095272235920675,2751.5874999999996,2661.8160863125004));
#1470=IFCCARTESIANPOINT((30.970272235920675,2751.5875000000015,2657.8251047698877));
#1471=IFCCARTESIANPOINT((32.845272235920675,2751.5875000000015,2653.8341232272755));
#1472=IFCCARTESIANPOINT((34.720272235920675,2751.5874999999996,2649.8431416846634));
#1473=IFCCARTESIANPOINT((36.595272235919765,2751.5874999999996,2645.8521601420521));
#1474=IFCCARTESIANPOINT((34.999695488982979,2751.5874999999996,2642.4559375570661));
#1475=IFCCARTESIANPOINT((32.845272235919765,2751.5874999999996,2637.8701970568277));
#1476=IFCCARTESIANPOINT((30.970272235919765,2751.5875000000015,2633.8792155142155));
#1477=IFCCARTESIANPOINT((29.095272235920675,2751.5874999999996,2629.8882339716029));
#1478=IFCCARTESIANPOINT((25.345272235919765,2751.5874999999996,2629.8882339716042));
#1479=IFCCARTESIANPOINT((21.595272235918856,2751.5874999999996,2629.8882339716042));
#1480=IFCCARTESIANPOINT((17.845272235919765,2751.5874999999996,2629.8882339716042));
#1481=IFCCARTESIANPOINT((14.095272235919765,2751.5874999999996,2629.8882339716029));
#1482=IFCFACE((#1483));
#1483=IFCFACEOUTERBOUND(#1484,.T.);
#1484=IFCPOLYLOOP((#1449,#1448,#1447,#1461,#1460,#1459,#1458,#1481,#1451,#1450));
#1485=IFCFACE((#1486));
#1486=IFCFACEOUTERBOUND(#1487,.T.);
#1487=IFCPOLYLOOP((#1478,#1477,#1431,#1454,#1453,#1452,#1451,#1481,#1480,#1479));
#1488=IFCFACE((#1489));
#1489=IFCFACEOUTERBOUND(#1490,.T.);
#1490=IFCPOLYLOOP((#1474,#1473,#1435,#1434,#1433,#1432,#1431,#1477,#1476,#1475));
#1491=IFCFACE((#1492));
#1492=IFCFACEOUTERBOUND(#1493,.T.);
#1493=IFCPOLYLOOP((#1437,#1436,#1435,#1473,#1472,#1471,#1470,#1469,#1439,#1438));
#1494=IFCFACE((#1495));
#1495=IFCFACEOUTERBOUND(#1496,.T.);
#1496=IFCPOLYLOOP((#1445,#1444,#1443,#1465,#1464,#1463,#1462,#1461,#1447,#1446));
#1497=IFCFACE((#1498));
#1498=IFCFACEOUTERBOUND(#1499,.T.);
#1499=IFCPOLYLOOP((#1441,#1440,#1439,#1469,#1468,#1467,#1466,#1465,#1443,#1442));
#1500=IFCFACETEDBREP(#1501);
#1501=IFCCLOSEDSHELL((#1502,#1529,#1556,#1559,#1562,#1565,#1568,#1571));
#1502=IFCFACE((#1503));
#1503=IFCFACEOUTERBOUND(#1504,.T.);
#1504=IFCPOLYLOOP((#1505,#1506,#1507,#1508,#1509,#1510,#1511,#1512,#1513,#1514,#1515,#1516,#1517,#1518,#1519,#1520,#1521,#1522,#1523,#1524,#1525,#1526,#1527,#1528));
#1505=IFCCARTESIANPOINT((29.095272235915218,1.5874999999996362,465.60251968588665));
#1506=IFCCARTESIANPOINT((30.970272235915218,1.5874999999996362,469.59350122849906));
#1507=IFCCARTESIANPOINT((32.845272235914308,1.5874999999996362,473.58448277111114));
#1508=IFCCARTESIANPOINT((34.720272235914308,1.5874999999996362,477.57546431372333));
#1509=IFCCARTESIANPOINT((36.595272235915218,1.5874999999996362,481.56644585633541));
#1510=IFCCARTESIANPOINT((34.999695488979341,1.5874999999996362,484.96266844131952));
#1511=IFCCARTESIANPOINT((33.404118742042556,1.5874999999996362,488.35889102630387));
#1512=IFCCARTESIANPOINT((31.249695488977522,1.5875000000032742,492.94463152654367));
#1513=IFCCARTESIANPOINT((29.095272235915218,1.5874999999996362,497.53037202678394));
#1514=IFCCARTESIANPOINT((25.345272235915218,1.5874999999996362,497.53037202678348));
#1515=IFCCARTESIANPOINT((21.595272235915218,1.5874999999996362,497.53037202678348));
#1516=IFCCARTESIANPOINT((17.845272235916127,1.5874999999996362,497.53037202678348));
#1517=IFCCARTESIANPOINT((14.095272235914308,1.5874999999996362,497.53037202678394));
#1518=IFCCARTESIANPOINT((12.220272235915218,1.5874999999996362,493.53939048417141));
#1519=IFCCARTESIANPOINT((10.345272235915218,1.5874999999996362,489.54840894155944));
#1520=IFCCARTESIANPOINT((8.1908489828520032,1.5874999999996362,484.96266844131975));
#1521=IFCCARTESIANPOINT((6.5952722359152176,1.5874999999996362,481.56644585633541));
#1522=IFCCARTESIANPOINT((8.4702722359143081,1.5874999999996362,477.57546431372333));
#1523=IFCCARTESIANPOINT((10.345272235915218,1.5874999999978172,473.58448277111125));
#1524=IFCCARTESIANPOINT((12.220272235915218,1.5874999999996362,469.59350122849929));
#1525=IFCCARTESIANPOINT((14.095272235914308,1.5874999999996362,465.60251968588665));
#1526=IFCCARTESIANPOINT((17.845272235913399,1.5874999999996362,465.60251968588722));
#1527=IFCCARTESIANPOINT((21.595272235915218,1.5874999999996362,465.60251968588722));
#1528=IFCCARTESIANPOINT((25.345272235914308,1.5874999999996362,465.60251968588722));
#1529=IFCFACE((#1530));
#1530=IFCFACEOUTERBOUND(#1531,.T.);
#1531=IFCPOLYLOOP((#1532,#1533,#1534,#1535,#1536,#1537,#1538,#1539,#1540,#1541,#1542,#1543,#1544,#1545,#1546,#1547,#1548,#1549,#1550,#1551,#1552,#1553,#1554,#1555));
#1532=IFCCARTESIANPOINT((11.94084898285837,2751.5875000000015,2434.4739744718368));
#1533=IFCCARTESIANPOINT((9.7864257297978838,2751.5874999999996,2439.0597149720725));
#1534=IFCCARTESIANPOINT((8.1908489828583697,2751.5874999999996,2442.4559375570616));
#1535=IFCCARTESIANPOINT((6.5952722359197651,2751.5874999999996,2445.8521601420503));
#1536=IFCCARTESIANPOINT((8.4702722359197651,2751.5874999999996,2449.8431416846629));
#1537=IFCCARTESIANPOINT((10.345272235919765,2751.5875000000015,2453.8341232272751));
#1538=IFCCARTESIANPOINT((12.220272235918856,2751.5875000000015,2457.8251047698873));
#1539=IFCCARTESIANPOINT((14.095272235918856,2751.5874999999996,2461.8160863124986));
#1540=IFCCARTESIANPOINT((17.845272235918856,2751.5875000000015,2461.8160863124986));
#1541=IFCCARTESIANPOINT((21.595272235918856,2751.5875000000015,2461.8160863124986));
#1542=IFCCARTESIANPOINT((25.345272235919765,2751.5875000000015,2461.8160863124981));
#1543=IFCCARTESIANPOINT((29.095272235919765,2751.5874999999996,2461.8160863124986));
#1544=IFCCARTESIANPOINT((30.970272235919765,2751.5875000000015,2457.8251047698864));
#1545=IFCCARTESIANPOINT((32.845272235918856,2751.5875000000015,2453.8341232272746));
#1546=IFCCARTESIANPOINT((34.720272235919765,2751.5875000000015,2449.8431416846629));
#1547=IFCCARTESIANPOINT((36.595272235918856,2751.5874999999996,2445.8521601420503));
#1548=IFCCARTESIANPOINT((34.99969548898207,2751.5874999999996,2442.4559375570661));
#1549=IFCCARTESIANPOINT((32.845272235918856,2751.5875000000015,2437.8701970568272));
#1550=IFCCARTESIANPOINT((30.970272235919765,2751.5875000000015,2433.8792155142146));
#1551=IFCCARTESIANPOINT((29.095272235919765,2751.5874999999996,2429.8882339716019));
#1552=IFCCARTESIANPOINT((25.345272235919765,2751.5875000000015,2429.8882339716024));
#1553=IFCCARTESIANPOINT((21.595272235918856,2751.5875000000015,2429.8882339716019));
#1554=IFCCARTESIANPOINT((17.845272235918856,2751.5874999999996,2429.8882339716019));
#1555=IFCCARTESIANPOINT((14.095272235918856,2751.5874999999996,2429.8882339716015));
#1556=IFCFACE((#1557));
#1557=IFCFACEOUTERBOUND(#1558,.T.);
#1558=IFCPOLYLOOP((#1523,#1522,#1521,#1535,#1534,#1533,#1532,#1555,#1525,#1524));
#1559=IFCFACE((#1560));
#1560=IFCFACEOUTERBOUND(#1561,.T.);
#1561=IFCPOLYLOOP((#1552,#1551,#1505,#1528,#1527,#1526,#1525,#1555,#1554,#1553));
#1562=IFCFACE((#1563));
#1563=IFCFACEOUTERBOUND(#1564,.T.);
#1564=IFCPOLYLOOP((#1548,#1547,#1509,#1508,#1507,#1506,#1505,#1551,#1550,#1549));
#1565=IFCFACE((#1566));
#1566=IFCFACEOUTERBOUND(#1567,.T.);
#1567=IFCPOLYLOOP((#1511,#1510,#1509,#1547,#1546,#1545,#1544,#1543,#1513,#1512));
#1568=IFCFACE((#1569));
#1569=IFCFACEOUTERBOUND(#1570,.T.);
#1570=IFCPOLYLOOP((#1519,#1518,#1517,#1539,#1538,#1537,#1536,#1535,#1521,#1520));
#1571=IFCFACE((#1572));
#1572=IFCFACEOUTERBOUND(#1573,.T.);
#1573=IFCPOLYLOOP((#1515,#1514,#1513,#1543,#1542,#1541,#1540,#1539,#1517,#1516));
#1574=IFCFACETEDBREP(#1575);
#1575=IFCCLOSEDSHELL((#1576,#1603,#1630,#1633,#1636,#1639,#1642,#1645));
#1576=IFCFACE((#1577));
#1577=IFCFACEOUTERBOUND(#1578,.T.);
#1578=IFCPOLYLOOP((#1579,#1580,#1581,#1582,#1583,#1584,#1585,#1586,#1587,#1588,#1589,#1590,#1591,#1592,#1593,#1594,#1595,#1596,#1597,#1598,#1599,#1600,#1601,#1602));
#1579=IFCCARTESIANPOINT((29.095272235916127,1.5874999999996362,265.60251968588784));
#1580=IFCCARTESIANPOINT((30.970272235915218,1.5874999999996362,269.5935012285002));
#1581=IFCCARTESIANPOINT((32.845272235915218,1.5874999999996362,273.58448277111222));
#1582=IFCCARTESIANPOINT((34.720272235916127,1.5874999999996362,277.57546431372435));
#1583=IFCCARTESIANPOINT((36.595272235916127,1.5874999999996362,281.56644585633637));
#1584=IFCCARTESIANPOINT((34.999695488979341,1.5874999999996362,284.96266844132055));
#1585=IFCCARTESIANPOINT((33.404118742042556,1.5874999999996362,288.35889102630495));
#1586=IFCCARTESIANPOINT((31.249695488980251,1.5875000000032742,292.9446315265447));
#1587=IFCCARTESIANPOINT((29.095272235916127,1.5874999999996362,297.53037202678507));
#1588=IFCCARTESIANPOINT((25.345272235916127,1.5874999999996362,297.53037202678456));
#1589=IFCCARTESIANPOINT((21.595272235917037,1.5874999999996362,297.53037202678456));
#1590=IFCCARTESIANPOINT((17.845272235917037,1.5874999999996362,297.53037202678456));
#1591=IFCCARTESIANPOINT((14.095272235915218,1.5874999999996362,297.53037202678507));
#1592=IFCCARTESIANPOINT((12.220272235917037,1.5874999999996362,293.5393904841726));
#1593=IFCCARTESIANPOINT((10.345272235916127,1.5874999999996362,289.54840894156064));
#1594=IFCCARTESIANPOINT((8.1908489828529127,1.5874999999996362,284.96266844132083));
#1595=IFCCARTESIANPOINT((6.5952722359161271,1.5874999999996362,281.56644585633637));
#1596=IFCCARTESIANPOINT((8.4702722359161271,1.5874999999996362,277.57546431372447));
#1597=IFCCARTESIANPOINT((10.345272235915218,1.5874999999996362,273.58448277111239));
#1598=IFCCARTESIANPOINT((12.220272235915218,1.5874999999996362,269.59350122850026));
#1599=IFCCARTESIANPOINT((14.095272235915218,1.5874999999996362,265.60251968588778));
#1600=IFCCARTESIANPOINT((17.845272235916127,1.5874999999996362,265.60251968588824));
#1601=IFCCARTESIANPOINT((21.595272235915218,1.5874999999996362,265.60251968588824));
#1602=IFCCARTESIANPOINT((25.345272235915218,1.5874999999996362,265.60251968588818));
#1603=IFCFACE((#1604));
#1604=IFCFACEOUTERBOUND(#1605,.T.);
#1605=IFCPOLYLOOP((#1606,#1607,#1608,#1609,#1610,#1611,#1612,#1613,#1614,#1615,#1616,#1617,#1618,#1619,#1620,#1621,#1622,#1623,#1624,#1625,#1626,#1627,#1628,#1629));
#1606=IFCCARTESIANPOINT((11.94084898285837,2751.5875000000015,2234.4739744718381));
#1607=IFCCARTESIANPOINT((9.7864257297987933,2751.5874999999996,2239.0597149720729));
#1608=IFCCARTESIANPOINT((8.1908489828592792,2751.5875000000015,2242.455937557062));
#1609=IFCCARTESIANPOINT((6.5952722359206746,2751.5874999999996,2245.8521601420512));
#1610=IFCCARTESIANPOINT((8.4702722359197651,2751.5875000000015,2249.8431416846638));
#1611=IFCCARTESIANPOINT((10.345272235919765,2751.5875000000015,2253.834123227276));
#1612=IFCCARTESIANPOINT((12.220272235918856,2751.5875000000015,2257.8251047698877));
#1613=IFCCARTESIANPOINT((14.095272235919765,2751.5874999999996,2261.8160863124999));
#1614=IFCCARTESIANPOINT((17.845272235919765,2751.5875000000015,2261.8160863124999));
#1615=IFCCARTESIANPOINT((21.595272235920675,2751.5875000000015,2261.8160863124999));
#1616=IFCCARTESIANPOINT((25.345272235920675,2751.5875000000015,2261.8160863124999));
#1617=IFCCARTESIANPOINT((29.095272235920675,2751.5874999999996,2261.8160863124999));
#1618=IFCCARTESIANPOINT((30.970272235921584,2751.5875000000015,2257.8251047698877));
#1619=IFCCARTESIANPOINT((32.845272235920675,2751.5875000000015,2253.8341232272755));
#1620=IFCCARTESIANPOINT((34.720272235920675,2751.5875000000015,2249.8431416846638));
#1621=IFCCARTESIANPOINT((36.595272235919765,2751.5874999999996,2245.8521601420512));
#1622=IFCCARTESIANPOINT((34.999695488982979,2751.5875000000015,2242.4559375570661));
#1623=IFCCARTESIANPOINT((32.845272235920675,2751.5875000000015,2237.8701970568272));
#1624=IFCCARTESIANPOINT((30.970272235920675,2751.5875000000015,2233.8792155142155));
#1625=IFCCARTESIANPOINT((29.095272235920675,2751.5874999999996,2229.8882339716029));
#1626=IFCCARTESIANPOINT((25.345272235920675,2751.5874999999996,2229.8882339716033));
#1627=IFCCARTESIANPOINT((21.595272235920675,2751.5874999999996,2229.8882339716033));
#1628=IFCCARTESIANPOINT((17.845272235919765,2751.5874999999996,2229.8882339716033));
#1629=IFCCARTESIANPOINT((14.095272235919765,2751.5874999999996,2229.8882339716029));
#1630=IFCFACE((#1631));
#1631=IFCFACEOUTERBOUND(#1632,.T.);
#1632=IFCPOLYLOOP((#1597,#1596,#1595,#1609,#1608,#1607,#1606,#1629,#1599,#1598));
#1633=IFCFACE((#1634));
#1634=IFCFACEOUTERBOUND(#1635,.T.);
#1635=IFCPOLYLOOP((#1626,#1625,#1579,#1602,#1601,#1600,#1599,#1629,#1628,#1627));
#1636=IFCFACE((#1637));
#1637=IFCFACEOUTERBOUND(#1638,.T.);
#1638=IFCPOLYLOOP((#1622,#1621,#1583,#1582,#1581,#1580,#1579,#1625,#1624,#1623));
#1639=IFCFACE((#1640));
#1640=IFCFACEOUTERBOUND(#1641,.T.);
#1641=IFCPOLYLOOP((#1585,#1584,#1583,#1621,#1620,#1619,#1618,#1617,#1587,#1586));
#1642=IFCFACE((#1643));
#1643=IFCFACEOUTERBOUND(#1644,.T.);
#1644=IFCPOLYLOOP((#1593,#1592,#1591,#1613,#1612,#1611,#1610,#1609,#1595,#1594));
#1645=IFCFACE((#1646));
#1646=IFCFACEOUTERBOUND(#1647,.T.);
#1647=IFCPOLYLOOP((#1589,#1588,#1587,#1617,#1616,#1615,#1614,#1613,#1591,#1590));
#1648=IFCFACETEDBREP(#1649);
#1649=IFCCLOSEDSHELL((#1650,#1677,#1704,#1707,#1710,#1713,#1716,#1719));
#1650=IFCFACE((#1651));
#1651=IFCFACEOUTERBOUND(#1652,.T.);
#1652=IFCPOLYLOOP((#1653,#1654,#1655,#1656,#1657,#1658,#1659,#1660,#1661,#1662,#1663,#1664,#1665,#1666,#1667,#1668,#1669,#1670,#1671,#1672,#1673,#1674,#1675,#1676));
#1653=IFCCARTESIANPOINT((29.095272235916127,1.5874999999996362,65.602519685886733));
#1654=IFCCARTESIANPOINT((30.970272235915218,1.5874999999996362,69.593501228499179));
#1655=IFCCARTESIANPOINT((32.845272235915218,1.5874999999978172,73.584482771111226));
#1656=IFCCARTESIANPOINT((34.720272235915218,1.5875000000032742,77.575464313723216));
#1657=IFCCARTESIANPOINT((36.595272235916127,1.5874999999996362,81.566445856335292));
#1658=IFCCARTESIANPOINT((34.999695488979341,1.5874999999996362,84.962668441319522));
#1659=IFCCARTESIANPOINT((33.404118742042556,1.5874999999996362,88.358891026303809));
#1660=IFCCARTESIANPOINT((31.249695488980251,1.5875000000032742,92.944631526543617));
#1661=IFCCARTESIANPOINT((29.095272235916127,1.5874999999996362,97.53037202678388));
#1662=IFCCARTESIANPOINT((25.345272235916127,1.5874999999996362,97.530372026783482));
#1663=IFCCARTESIANPOINT((21.595272235917037,1.5874999999996362,97.530372026783482));
#1664=IFCCARTESIANPOINT((17.845272235917037,1.5874999999996362,97.530372026783482));
#1665=IFCCARTESIANPOINT((14.095272235915218,1.5874999999996362,97.530372026783994));
#1666=IFCCARTESIANPOINT((12.220272235916127,1.5874999999996362,93.539390484171463));
#1667=IFCCARTESIANPOINT((10.345272235916127,1.5874999999996362,89.548408941559501));
#1668=IFCCARTESIANPOINT((8.1908489828529127,1.5874999999996362,84.962668441319693));
#1669=IFCCARTESIANPOINT((6.5952722359161271,1.5874999999996362,81.566445856335292));
#1670=IFCCARTESIANPOINT((8.4702722359161271,1.5874999999996362,77.57546431372333));
#1671=IFCCARTESIANPOINT((10.345272235915218,1.5874999999996362,73.584482771111283));
#1672=IFCCARTESIANPOINT((12.220272235915218,1.5874999999996362,69.593501228499207));
#1673=IFCCARTESIANPOINT((14.095272235915218,1.5874999999996362,65.602519685886676));
#1674=IFCCARTESIANPOINT((17.845272235916127,1.5874999999996362,65.602519685887188));
#1675=IFCCARTESIANPOINT((21.595272235915218,1.5874999999978172,65.602519685887131));
#1676=IFCCARTESIANPOINT((25.345272235915218,1.5874999999996362,65.602519685887131));
#1677=IFCFACE((#1678));
#1678=IFCFACEOUTERBOUND(#1679,.T.);
#1679=IFCPOLYLOOP((#1680,#1681,#1682,#1683,#1684,#1685,#1686,#1687,#1688,#1689,#1690,#1691,#1692,#1693,#1694,#1695,#1696,#1697,#1698,#1699,#1700,#1701,#1702,#1703));
#1680=IFCCARTESIANPOINT((11.94084898285837,2751.5875000000015,2034.4739744718368));
#1681=IFCCARTESIANPOINT((9.7864257297987933,2751.5874999999996,2039.059714972072));
#1682=IFCCARTESIANPOINT((8.1908489828592792,2751.5875000000015,2042.4559375570611));
#1683=IFCCARTESIANPOINT((6.5952722359206746,2751.5874999999996,2045.8521601420498));
#1684=IFCCARTESIANPOINT((8.4702722359197651,2751.5875000000015,2049.8431416846624));
#1685=IFCCARTESIANPOINT((10.345272235919765,2751.5875000000015,2053.8341232272746));
#1686=IFCCARTESIANPOINT((12.220272235918856,2751.5875000000015,2057.8251047698864));
#1687=IFCCARTESIANPOINT((14.095272235919765,2751.5874999999996,2061.8160863124986));
#1688=IFCCARTESIANPOINT((17.845272235919765,2751.5875000000015,2061.8160863124981));
#1689=IFCCARTESIANPOINT((21.595272235920675,2751.5875000000015,2061.8160863124986));
#1690=IFCCARTESIANPOINT((25.345272235920675,2751.5875000000015,2061.8160863124986));
#1691=IFCCARTESIANPOINT((29.095272235920675,2751.5874999999996,2061.8160863124986));
#1692=IFCCARTESIANPOINT((30.970272235921584,2751.5875000000015,2057.8251047698864));
#1693=IFCCARTESIANPOINT((32.845272235920675,2751.5875000000015,2053.8341232272746));
#1694=IFCCARTESIANPOINT((34.720272235920675,2751.5875000000015,2049.8431416846624));
#1695=IFCCARTESIANPOINT((36.595272235919765,2751.5874999999996,2045.8521601420498));
#1696=IFCCARTESIANPOINT((34.999695488982979,2751.5875000000015,2042.4559375570648));
#1697=IFCCARTESIANPOINT((32.845272235920675,2751.5875000000015,2037.8701970568263));
#1698=IFCCARTESIANPOINT((30.970272235920675,2751.5875000000015,2033.8792155142141));
#1699=IFCCARTESIANPOINT((29.095272235920675,2751.5874999999996,2029.8882339716015));
#1700=IFCCARTESIANPOINT((25.345272235920675,2751.5874999999996,2029.8882339716019));
#1701=IFCCARTESIANPOINT((21.595272235920675,2751.5874999999996,2029.8882339716019));
#1702=IFCCARTESIANPOINT((17.845272235919765,2751.5874999999996,2029.8882339716019));
#1703=IFCCARTESIANPOINT((14.095272235919765,2751.5874999999996,2029.8882339716015));
#1704=IFCFACE((#1705));
#1705=IFCFACEOUTERBOUND(#1706,.T.);
#1706=IFCPOLYLOOP((#1671,#1670,#1669,#1683,#1682,#1681,#1680,#1703,#1673,#1672));
#1707=IFCFACE((#1708));
#1708=IFCFACEOUTERBOUND(#1709,.T.);
#1709=IFCPOLYLOOP((#1700,#1699,#1653,#1676,#1675,#1674,#1673,#1703,#1702,#1701));
#1710=IFCFACE((#1711));
#1711=IFCFACEOUTERBOUND(#1712,.T.);
#1712=IFCPOLYLOOP((#1696,#1695,#1657,#1656,#1655,#1654,#1653,#1699,#1698,#1697));
#1713=IFCFACE((#1714));
#1714=IFCFACEOUTERBOUND(#1715,.T.);
#1715=IFCPOLYLOOP((#1659,#1658,#1657,#1695,#1694,#1693,#1692,#1691,#1661,#1660));
#1716=IFCFACE((#1717));
#1717=IFCFACEOUTERBOUND(#1718,.T.);
#1718=IFCPOLYLOOP((#1667,#1666,#1665,#1687,#1686,#1685,#1684,#1683,#1669,#1668));
#1719=IFCFACE((#1720));
#1720=IFCFACEOUTERBOUND(#1721,.T.);
#1721=IFCPOLYLOOP((#1663,#1662,#1661,#1691,#1690,#1689,#1688,#1687,#1665,#1664));
#1722=IFCFACETEDBREP(#1723);
#1723=IFCCLOSEDSHELL((#1724,#1751,#1778,#1781,#1784,#1787,#1790,#1793));
#1724=IFCFACE((#1725));
#1725=IFCFACEOUTERBOUND(#1726,.T.);
#1726=IFCPOLYLOOP((#1727,#1728,#1729,#1730,#1731,#1732,#1733,#1734,#1735,#1736,#1737,#1738,#1739,#1740,#1741,#1742,#1743,#1744,#1745,#1746,#1747,#1748,#1749,#1750));
#1727=IFCCARTESIANPOINT((34.095272235915218,1.5874999999996362,859.45800163800163));
#1728=IFCCARTESIANPOINT((36.595272235916127,1.5874999999996362,864.77931036148425));
#1729=IFCCARTESIANPOINT((39.095272235916127,1.5874999999996362,870.10061908496687));
#1730=IFCCARTESIANPOINT((41.595272235916127,1.5874999999996362,875.42192780844971));
#1731=IFCCARTESIANPOINT((39.141307068692186,1.5874999999996362,880.64525030903815));
#1732=IFCCARTESIANPOINT((36.687341901468244,1.5874999999996362,885.86857280962681));
#1733=IFCCARTESIANPOINT((34.141307068692186,1.5874999999996362,891.28786775600338));
#1734=IFCCARTESIANPOINT((31.595272235916127,1.5874999999996362,896.70716270237995));
#1735=IFCCARTESIANPOINT((26.595272235916127,1.5874999999996362,896.70716270238017));
#1736=IFCCARTESIANPOINT((21.595272235916127,1.5874999999996362,896.70716270238017));
#1737=IFCCARTESIANPOINT((16.595272235916127,1.5874999999996362,896.70716270238017));
#1738=IFCCARTESIANPOINT((11.595272235916127,1.5874999999996362,896.70716270238017));
#1739=IFCCARTESIANPOINT((9.0952722359152176,1.5874999999996362,891.38585397889779));
#1740=IFCCARTESIANPOINT((6.5952722359161271,1.5874999999996362,886.06454525541517));
#1741=IFCCARTESIANPOINT((4.0492374031400686,1.5874999999996362,880.64525030903837));
#1742=IFCCARTESIANPOINT((1.5952722359161271,1.5874999999996362,875.42192780844994));
#1743=IFCCARTESIANPOINT((4.0952722359161271,1.5874999999996362,870.10061908496732));
#1744=IFCCARTESIANPOINT((6.5952722359161271,1.5874999999996362,864.7793103614847));
#1745=IFCCARTESIANPOINT((9.0952722359152176,1.5874999999996362,859.45800163800186));
#1746=IFCCARTESIANPOINT((11.595272235916127,1.5874999999996362,854.13669291451924));
#1747=IFCCARTESIANPOINT((16.595272235916127,1.5874999999996362,854.13669291451924));
#1748=IFCCARTESIANPOINT((21.595272235916127,1.5874999999996362,854.13669291451902));
#1749=IFCCARTESIANPOINT((26.595272235916127,1.5874999999996362,854.13669291451902));
#1750=IFCCARTESIANPOINT((31.595272235916127,1.5874999999996362,854.13669291451902));
#1751=IFCFACE((#1752));
#1752=IFCFACEOUTERBOUND(#1753,.T.);
#1753=IFCPOLYLOOP((#1754,#1755,#1756,#1757,#1758,#1759,#1760,#1761,#1762,#1763,#1764,#1765,#1766,#1767,#1768,#1769,#1770,#1771,#1772,#1773,#1774,#1775,#1776,#1777));
#1754=IFCCARTESIANPOINT((11.595272235920675,2751.5874999999996,2818.4224072002339));
#1755=IFCCARTESIANPOINT((9.0492374031446161,2751.5875000000015,2823.8417021466103));
#1756=IFCCARTESIANPOINT((6.5032025703694671,2751.5875000000015,2829.2609970929861));
#1757=IFCCARTESIANPOINT((4.0492374031455256,2751.5874999999996,2834.4843195935759));
#1758=IFCCARTESIANPOINT((1.5952722359206746,2751.5874999999996,2839.7076420941648));
#1759=IFCCARTESIANPOINT((4.0952722359206746,2751.5874999999996,2845.0289508176484));
#1760=IFCCARTESIANPOINT((6.5952722359206746,2751.5874999999996,2850.3502595411305));
#1761=IFCCARTESIANPOINT((9.0952722359197651,2751.5874999999996,2855.6715682646127));
#1762=IFCCARTESIANPOINT((11.595272235920675,2751.5874999999996,2860.9928769880948));
#1763=IFCCARTESIANPOINT((16.595272235920675,2751.5874999999996,2860.9928769880953));
#1764=IFCCARTESIANPOINT((21.595272235920675,2751.5874999999996,2860.9928769880953));
#1765=IFCCARTESIANPOINT((26.595272235920675,2751.5874999999996,2860.9928769880948));
#1766=IFCCARTESIANPOINT((31.595272235920675,2751.5874999999996,2860.9928769880948));
#1767=IFCCARTESIANPOINT((34.095272235919765,2751.5874999999996,2855.6715682646122));
#1768=IFCCARTESIANPOINT((36.595272235919765,2751.5874999999996,2850.3502595411292));
#1769=IFCCARTESIANPOINT((39.095272235919765,2751.5874999999996,2845.028950817647));
#1770=IFCCARTESIANPOINT((41.595272235919765,2751.5874999999996,2839.7076420941644));
#1771=IFCCARTESIANPOINT((39.141307068695824,2751.5874999999996,2834.4843195935759));
#1772=IFCCARTESIANPOINT((36.595272235919765,2751.5875000000015,2829.0650246471996));
#1773=IFCCARTESIANPOINT((34.095272235920675,2751.5874999999996,2823.743715923717));
#1774=IFCCARTESIANPOINT((31.595272235920675,2751.5874999999996,2818.4224072002339));
#1775=IFCCARTESIANPOINT((26.595272235920675,2751.5875000000015,2818.4224072002344));
#1776=IFCCARTESIANPOINT((21.595272235920675,2751.5875000000015,2818.4224072002344));
#1777=IFCCARTESIANPOINT((16.595272235920675,2751.5875000000015,2818.4224072002344));
#1778=IFCFACE((#1779));
#1779=IFCFACEOUTERBOUND(#1780,.T.);
#1780=IFCPOLYLOOP((#1732,#1731,#1730,#1770,#1769,#1768,#1767,#1766,#1734,#1733));
#1781=IFCFACE((#1782));
#1782=IFCFACEOUTERBOUND(#1783,.T.);
#1783=IFCPOLYLOOP((#1740,#1739,#1738,#1762,#1761,#1760,#1759,#1758,#1742,#1741));
#1784=IFCFACE((#1785));
#1785=IFCFACEOUTERBOUND(#1786,.T.);
#1786=IFCPOLYLOOP((#1736,#1735,#1734,#1766,#1765,#1764,#1763,#1762,#1738,#1737));
#1787=IFCFACE((#1788));
#1788=IFCFACEOUTERBOUND(#1789,.T.);
#1789=IFCPOLYLOOP((#1744,#1743,#1742,#1758,#1757,#1756,#1755,#1754,#1746,#1745));
#1790=IFCFACE((#1791));
#1791=IFCFACEOUTERBOUND(#1792,.T.);
#1792=IFCPOLYLOOP((#1775,#1774,#1750,#1749,#1748,#1747,#1746,#1754,#1777,#1776));
#1793=IFCFACE((#1794));
#1794=IFCFACEOUTERBOUND(#1795,.T.);
#1795=IFCPOLYLOOP((#1771,#1770,#1730,#1729,#1728,#1727,#1750,#1774,#1773,#1772));
#1796=IFCRAILING('2znubWhPDD4wn7Fg4E22MU',#37,'\X2\B09CAC04\X0\:900mm \X2\BC30AD00\X0\:145815',$,$,#1797,#1800,'145815',.NOTDEFINED.);
#1797=IFCLOCALPLACEMENT(#1087,#1798);
#1798=IFCAXIS2PLACEMENT3D(#1799,$,$);
#1799=IFCCARTESIANPOINT((3838.7058348939613,-11276.931654425976,178.57142857142838));
#1800=IFCPRODUCTDEFINITIONSHAPE($,$,(#1801));
#1801=IFCSHAPEREPRESENTATION(#18,'Body','Brep',(#1802,#1842,#1882,#1922,#1962,#2036,#2110,#2184,#2258));
#1802=IFCFACETEDBREP(#1803);
#1803=IFCCLOSEDSHELL((#1804,#1810,#1814,#1819,#1822,#1826,#1830,#1833,#1836,#1839));
#1804=IFCFACE((#1805));
#1805=IFCFACEOUTERBOUND(#1806,.T.);
#1806=IFCPOLYLOOP((#1807,#1808,#1809));
#1807=IFCCARTESIANPOINT((9.0952722359193103,2001.5875000000015,2279.4152841883274));
#1808=IFCCARTESIANPOINT((18.813760561465187,2013.7740989022732,2288.1199976899511));
#1809=IFCCARTESIANPOINT((9.0952722359193103,2001.5875000000015,1428.5714285714284));
#1810=IFCFACE((#1811));
#1811=IFCFACEOUTERBOUND(#1812,.T.);
#1812=IFCPOLYLOOP((#1813,#1809,#1808));
#1813=IFCCARTESIANPOINT((21.59527223591931,2014.0875000000015,1428.5714285714284));
#1814=IFCFACE((#1815));
#1815=IFCFACEOUTERBOUND(#1816,.T.);
#1816=IFCPOLYLOOP((#1817,#1818,#1813));
#1817=IFCCARTESIANPOINT((34.09527223591931,2001.5875000000015,2279.4152841883279));
#1818=IFCCARTESIANPOINT((34.09527223591931,2001.5875000000015,1428.5714285714284));
#1819=IFCFACE((#1820));
#1820=IFCFACEOUTERBOUND(#1821,.T.);
#1821=IFCPOLYLOOP((#1808,#1817,#1813));
#1822=IFCFACE((#1823));
#1823=IFCFACEOUTERBOUND(#1824,.T.);
#1824=IFCPOLYLOOP((#1825,#1818,#1817));
#1825=IFCCARTESIANPOINT((24.376783910373433,1989.4009010977279,2270.7105706867042));
#1826=IFCFACE((#1827));
#1827=IFCFACEOUTERBOUND(#1828,.T.);
#1828=IFCPOLYLOOP((#1829,#1818,#1825));
#1829=IFCCARTESIANPOINT((21.59527223591931,1989.0874999999996,1428.5714285714284));
#1830=IFCFACE((#1831));
#1831=IFCFACEOUTERBOUND(#1832,.T.);
#1832=IFCPOLYLOOP((#1807,#1809,#1829));
#1833=IFCFACE((#1834));
#1834=IFCFACEOUTERBOUND(#1835,.T.);
#1835=IFCPOLYLOOP((#1825,#1807,#1829));
#1836=IFCFACE((#1837));
#1837=IFCFACEOUTERBOUND(#1838,.T.);
#1838=IFCPOLYLOOP((#1825,#1817,#1808,#1807));
#1839=IFCFACE((#1840));
#1840=IFCFACEOUTERBOUND(#1841,.T.);
#1841=IFCPOLYLOOP((#1818,#1829,#1809,#1813));
#1842=IFCFACETEDBREP(#1843);
#1843=IFCCLOSEDSHELL((#1844,#1850,#1854,#1859,#1862,#1866,#1870,#1873,#1876,#1879));
#1844=IFCFACE((#1845));
#1845=IFCFACEOUTERBOUND(#1846,.T.);
#1846=IFCPOLYLOOP((#1847,#1848,#1849));
#1847=IFCCARTESIANPOINT((9.0952722359179461,1001.5874999999996,1565.129569902613));
#1848=IFCCARTESIANPOINT((18.813760561463823,1013.7740989022732,1573.8342834042367));
#1849=IFCCARTESIANPOINT((9.0952722359179461,1001.5874999999996,714.28571428571422));
#1850=IFCFACE((#1851));
#1851=IFCFACEOUTERBOUND(#1852,.T.);
#1852=IFCPOLYLOOP((#1853,#1849,#1848));
#1853=IFCCARTESIANPOINT((21.595272235917491,1014.0874999999996,714.28571428571422));
#1854=IFCFACE((#1855));
#1855=IFCFACEOUTERBOUND(#1856,.T.);
#1856=IFCPOLYLOOP((#1857,#1858,#1853));
#1857=IFCCARTESIANPOINT((34.095272235917491,1001.5874999999996,1565.1295699026132));
#1858=IFCCARTESIANPOINT((34.095272235917491,1001.5874999999996,714.28571428571422));
#1859=IFCFACE((#1860));
#1860=IFCFACEOUTERBOUND(#1861,.T.);
#1861=IFCPOLYLOOP((#1848,#1857,#1853));
#1862=IFCFACE((#1863));
#1863=IFCFACEOUTERBOUND(#1864,.T.);
#1864=IFCPOLYLOOP((#1865,#1858,#1857));
#1865=IFCCARTESIANPOINT((24.376783910371614,989.40090109772791,1556.4248564009899));
#1866=IFCFACE((#1867));
#1867=IFCFACEOUTERBOUND(#1868,.T.);
#1868=IFCPOLYLOOP((#1869,#1858,#1865));
#1869=IFCCARTESIANPOINT((21.595272235917491,989.08750000000146,714.28571428571422));
#1870=IFCFACE((#1871));
#1871=IFCFACEOUTERBOUND(#1872,.T.);
#1872=IFCPOLYLOOP((#1847,#1849,#1869));
#1873=IFCFACE((#1874));
#1874=IFCFACEOUTERBOUND(#1875,.T.);
#1875=IFCPOLYLOOP((#1865,#1847,#1869));
#1876=IFCFACE((#1877));
#1877=IFCFACEOUTERBOUND(#1878,.T.);
#1878=IFCPOLYLOOP((#1865,#1857,#1848,#1847));
#1879=IFCFACE((#1880));
#1880=IFCFACEOUTERBOUND(#1881,.T.);
#1881=IFCPOLYLOOP((#1858,#1869,#1849,#1853));
#1882=IFCFACETEDBREP(#1883);
#1883=IFCCLOSEDSHELL((#1884,#1890,#1894,#1899,#1902,#1906,#1910,#1913,#1916,#1919));
#1884=IFCFACE((#1885));
#1885=IFCFACEOUTERBOUND(#1886,.T.);
#1886=IFCPOLYLOOP((#1887,#1888,#1889));
#1887=IFCCARTESIANPOINT((9.0952722359206746,2739.0874999999996,2806.2009984740416));
#1888=IFCCARTESIANPOINT((18.813760561466552,2751.2740989022732,2814.9057119756653));
#1889=IFCCARTESIANPOINT((9.0952722359206746,2739.0874999999996,1785.7142857142858));
#1890=IFCFACE((#1891));
#1891=IFCFACEOUTERBOUND(#1892,.T.);
#1892=IFCPOLYLOOP((#1893,#1889,#1888));
#1893=IFCCARTESIANPOINT((21.59527223592022,2751.5874999999996,1785.7142857142858));
#1894=IFCFACE((#1895));
#1895=IFCFACEOUTERBOUND(#1896,.T.);
#1896=IFCPOLYLOOP((#1897,#1898,#1893));
#1897=IFCCARTESIANPOINT((34.09527223592022,2739.0874999999996,2806.2009984740416));
#1898=IFCCARTESIANPOINT((34.09527223592022,2739.0874999999996,1785.7142857142858));
#1899=IFCFACE((#1900));
#1900=IFCFACEOUTERBOUND(#1901,.T.);
#1901=IFCPOLYLOOP((#1888,#1897,#1893));
#1902=IFCFACE((#1903));
#1903=IFCFACEOUTERBOUND(#1904,.T.);
#1904=IFCPOLYLOOP((#1905,#1898,#1897));
#1905=IFCCARTESIANPOINT((24.376783910374343,2726.9009010977261,2797.4962849724184));
#1906=IFCFACE((#1907));
#1907=IFCFACEOUTERBOUND(#1908,.T.);
#1908=IFCPOLYLOOP((#1909,#1898,#1905));
#1909=IFCCARTESIANPOINT((21.59527223592022,2726.5874999999996,1785.7142857142858));
#1910=IFCFACE((#1911));
#1911=IFCFACEOUTERBOUND(#1912,.T.);
#1912=IFCPOLYLOOP((#1887,#1889,#1909));
#1913=IFCFACE((#1914));
#1914=IFCFACEOUTERBOUND(#1915,.T.);
#1915=IFCPOLYLOOP((#1905,#1887,#1909));
#1916=IFCFACE((#1917));
#1917=IFCFACEOUTERBOUND(#1918,.T.);
#1918=IFCPOLYLOOP((#1905,#1897,#1888,#1887));
#1919=IFCFACE((#1920));
#1920=IFCFACEOUTERBOUND(#1921,.T.);
#1921=IFCPOLYLOOP((#1898,#1909,#1889,#1893));
#1922=IFCFACETEDBREP(#1923);
#1923=IFCCLOSEDSHELL((#1924,#1930,#1934,#1939,#1942,#1946,#1950,#1953,#1956,#1959));
#1924=IFCFACE((#1925));
#1925=IFCFACEOUTERBOUND(#1926,.T.);
#1926=IFCPOLYLOOP((#1927,#1928,#1929));
#1927=IFCCARTESIANPOINT((9.0952722359161271,14.087499999999636,859.63101633187034));
#1928=IFCCARTESIANPOINT((18.813760561462004,26.274098902271362,868.49399735170505));
#1929=IFCCARTESIANPOINT((9.0952722359161271,14.087499999999636,0.));
#1930=IFCFACE((#1931));
#1931=IFCFACEOUTERBOUND(#1932,.T.);
#1932=IFCPOLYLOOP((#1933,#1929,#1928));
#1933=IFCCARTESIANPOINT((21.595272235916127,26.587499999999636,-0.));
#1934=IFCFACE((#1935));
#1935=IFCFACEOUTERBOUND(#1936,.T.);
#1936=IFCPOLYLOOP((#1937,#1938,#1933));
#1937=IFCCARTESIANPOINT((34.095272235916127,14.087499999999636,859.63101633187034));
#1938=IFCCARTESIANPOINT((34.095272235916127,14.087499999999636,-0.));
#1939=IFCFACE((#1940));
#1940=IFCFACEOUTERBOUND(#1941,.T.);
#1941=IFCPOLYLOOP((#1928,#1937,#1933));
#1942=IFCFACE((#1943));
#1943=IFCFACEOUTERBOUND(#1944,.T.);
#1944=IFCPOLYLOOP((#1945,#1938,#1937));
#1945=IFCCARTESIANPOINT((24.37678391037025,1.9009010977279104,850.76803531203564));
#1946=IFCFACE((#1947));
#1947=IFCFACEOUTERBOUND(#1948,.T.);
#1948=IFCPOLYLOOP((#1949,#1938,#1945));
#1949=IFCCARTESIANPOINT((21.595272235916127,1.5874999999996362,-0.));
#1950=IFCFACE((#1951));
#1951=IFCFACEOUTERBOUND(#1952,.T.);
#1952=IFCPOLYLOOP((#1927,#1929,#1949));
#1953=IFCFACE((#1954));
#1954=IFCFACEOUTERBOUND(#1955,.T.);
#1955=IFCPOLYLOOP((#1945,#1927,#1949));
#1956=IFCFACE((#1957));
#1957=IFCFACEOUTERBOUND(#1958,.T.);
#1958=IFCPOLYLOOP((#1945,#1937,#1928,#1927));
#1959=IFCFACE((#1960));
#1960=IFCFACEOUTERBOUND(#1961,.T.);
#1961=IFCPOLYLOOP((#1938,#1949,#1929,#1933));
#1962=IFCFACETEDBREP(#1963);
#1963=IFCCLOSEDSHELL((#1964,#1991,#2018,#2021,#2024,#2027,#2030,#2033));
#1964=IFCFACE((#1965));
#1965=IFCFACEOUTERBOUND(#1966,.T.);
#1966=IFCPOLYLOOP((#1967,#1968,#1969,#1970,#1971,#1972,#1973,#1974,#1975,#1976,#1977,#1978,#1979,#1980,#1981,#1982,#1983,#1984,#1985,#1986,#1987,#1988,#1989,#1990));
#1967=IFCCARTESIANPOINT((30.970272235915672,1.5874999999996362,669.59350122849946));
#1968=IFCCARTESIANPOINT((32.845272235915672,1.5874999999996362,673.58448277111142));
#1969=IFCCARTESIANPOINT((34.720272235915672,1.5874999999996362,677.57546431372361));
#1970=IFCCARTESIANPOINT((36.595272235915672,1.5874999999996362,681.5664458563358));
#1971=IFCCARTESIANPOINT((34.999695488978887,1.5874999999996362,684.96266844131992));
#1972=IFCCARTESIANPOINT((33.404118742042101,1.5874999999996362,688.35889102630426));
#1973=IFCCARTESIANPOINT((31.249695488978887,1.5874999999996362,692.9446315265443));
#1974=IFCCARTESIANPOINT((29.095272235916127,1.5874999999996362,697.53037202678433));
#1975=IFCCARTESIANPOINT((25.345272235915672,1.5874999999996362,697.53037202678411));
#1976=IFCCARTESIANPOINT((21.595272235916127,1.5874999999996362,697.53037202678411));
#1977=IFCCARTESIANPOINT((17.845272235916127,1.5874999999996362,697.53037202678411));
#1978=IFCCARTESIANPOINT((14.095272235916127,1.5874999999996362,697.53037202678456));
#1979=IFCCARTESIANPOINT((12.220272235916582,1.5874999999996362,693.53939048417215));
#1980=IFCCARTESIANPOINT((10.345272235916582,1.5874999999978172,689.54840894156018));
#1981=IFCCARTESIANPOINT((8.1908489828529127,1.5874999999996362,684.96266844132037));
#1982=IFCCARTESIANPOINT((6.5952722359161271,1.5874999999996362,681.56644585633603));
#1983=IFCCARTESIANPOINT((8.4702722359161271,1.5874999999996362,677.5754643137243));
#1984=IFCCARTESIANPOINT((10.345272235915672,1.5874999999996362,673.58448277111233));
#1985=IFCCARTESIANPOINT((12.220272235915672,1.5874999999996362,669.59350122850037));
#1986=IFCCARTESIANPOINT((14.095272235916127,1.5874999999996362,665.60251968588864));
#1987=IFCCARTESIANPOINT((17.845272235915672,1.5874999999996362,665.60251968588796));
#1988=IFCCARTESIANPOINT((21.595272235915672,1.5874999999996362,665.60251968588796));
#1989=IFCCARTESIANPOINT((25.345272235915218,1.5874999999996362,665.6025196858875));
#1990=IFCCARTESIANPOINT((29.095272235916127,1.5874999999996362,665.60251968588705));
#1991=IFCFACE((#1992));
#1992=IFCFACEOUTERBOUND(#1993,.T.);
#1993=IFCPOLYLOOP((#1994,#1995,#1996,#1997,#1998,#1999,#2000,#2001,#2002,#2003,#2004,#2005,#2006,#2007,#2008,#2009,#2010,#2011,#2012,#2013,#2014,#2015,#2016,#2017));
#1994=IFCCARTESIANPOINT((14.095272235920675,2751.5874999999996,2629.8882339716042));
#1995=IFCCARTESIANPOINT((11.94084898285746,2751.5875000000015,2634.4739744718422));
#1996=IFCCARTESIANPOINT((9.7864257297947006,2751.5875000000015,2639.0597149720811));
#1997=IFCCARTESIANPOINT((8.190848982857915,2751.5874999999996,2642.4559375570666));
#1998=IFCCARTESIANPOINT((6.5952722359206746,2751.5874999999996,2645.8521601420507));
#1999=IFCCARTESIANPOINT((8.4702722359206746,2751.5874999999996,2649.8431416846634));
#2000=IFCCARTESIANPOINT((10.34527223592022,2751.5875000000015,2653.8341232272755));
#2001=IFCCARTESIANPOINT((12.22027223592022,2751.5875000000015,2657.8251047698873));
#2002=IFCCARTESIANPOINT((14.095272235920675,2751.5874999999996,2661.8160863124995));
#2003=IFCCARTESIANPOINT((17.845272235920675,2751.5875000000015,2661.8160863124995));
#2004=IFCCARTESIANPOINT((21.59527223592022,2751.5875000000015,2661.8160863124986));
#2005=IFCCARTESIANPOINT((25.345272235920675,2751.5875000000015,2661.8160863124986));
#2006=IFCCARTESIANPOINT((29.09527223592022,2751.5874999999996,2661.8160863124995));
#2007=IFCCARTESIANPOINT((30.970272235919765,2751.5874999999996,2657.8251047698868));
#2008=IFCCARTESIANPOINT((32.845272235920675,2751.5875000000015,2653.8341232272746));
#2009=IFCCARTESIANPOINT((34.72027223592022,2751.5874999999996,2649.8431416846624));
#2010=IFCCARTESIANPOINT((36.59527223592022,2751.5874999999996,2645.8521601420503));
#2011=IFCCARTESIANPOINT((34.999695488983434,2751.5874999999996,2642.4559375570661));
#2012=IFCCARTESIANPOINT((32.845272235919765,2751.5874999999996,2637.8701970568259));
#2013=IFCCARTESIANPOINT((30.970272235919765,2751.5874999999996,2633.8792155142146));
#2014=IFCCARTESIANPOINT((29.09527223592022,2751.5874999999996,2629.8882339716019));
#2015=IFCCARTESIANPOINT((25.34527223591931,2751.5875000000015,2629.8882339716029));
#2016=IFCCARTESIANPOINT((21.595272235919765,2751.5875000000015,2629.8882339716029));
#2017=IFCCARTESIANPOINT((17.845272235919765,2751.5875000000015,2629.8882339716029));
#2018=IFCFACE((#2019));
#2019=IFCFACEOUTERBOUND(#2020,.T.);
#2020=IFCPOLYLOOP((#1972,#1971,#1970,#2010,#2009,#2008,#2007,#2006,#1974,#1973));
#2021=IFCFACE((#2022));
#2022=IFCFACEOUTERBOUND(#2023,.T.);
#2023=IFCPOLYLOOP((#1980,#1979,#1978,#2002,#2001,#2000,#1999,#1998,#1982,#1981));
#2024=IFCFACE((#2025));
#2025=IFCFACEOUTERBOUND(#2026,.T.);
#2026=IFCPOLYLOOP((#1976,#1975,#1974,#2006,#2005,#2004,#2003,#2002,#1978,#1977));
#2027=IFCFACE((#2028));
#2028=IFCFACEOUTERBOUND(#2029,.T.);
#2029=IFCPOLYLOOP((#1984,#1983,#1982,#1998,#1997,#1996,#1995,#1994,#1986,#1985));
#2030=IFCFACE((#2031));
#2031=IFCFACEOUTERBOUND(#2032,.T.);
#2032=IFCPOLYLOOP((#2015,#2014,#1990,#1989,#1988,#1987,#1986,#1994,#2017,#2016));
#2033=IFCFACE((#2034));
#2034=IFCFACEOUTERBOUND(#2035,.T.);
#2035=IFCPOLYLOOP((#2011,#2010,#1970,#1969,#1968,#1967,#1990,#2014,#2013,#2012));
#2036=IFCFACETEDBREP(#2037);
#2037=IFCCLOSEDSHELL((#2038,#2065,#2092,#2095,#2098,#2101,#2104,#2107));
#2038=IFCFACE((#2039));
#2039=IFCFACEOUTERBOUND(#2040,.T.);
#2040=IFCPOLYLOOP((#2041,#2042,#2043,#2044,#2045,#2046,#2047,#2048,#2049,#2050,#2051,#2052,#2053,#2054,#2055,#2056,#2057,#2058,#2059,#2060,#2061,#2062,#2063,#2064));
#2041=IFCCARTESIANPOINT((30.970272235915672,1.5874999999996362,469.59350122849929));
#2042=IFCCARTESIANPOINT((32.845272235915672,1.5874999999996362,473.58448277111148));
#2043=IFCCARTESIANPOINT((34.720272235915672,1.5874999999996362,477.57546431372356));
#2044=IFCCARTESIANPOINT((36.595272235915672,1.5874999999996362,481.56644585633575));
#2045=IFCCARTESIANPOINT((34.999695488978887,1.5874999999996362,484.96266844131998));
#2046=IFCCARTESIANPOINT((33.404118742042101,1.5874999999996362,488.35889102630432));
#2047=IFCCARTESIANPOINT((31.249695488978887,1.5874999999996362,492.94463152654413));
#2048=IFCCARTESIANPOINT((29.095272235916127,1.5874999999996362,497.53037202678428));
#2049=IFCCARTESIANPOINT((25.345272235915672,1.5874999999996362,497.53037202678405));
#2050=IFCCARTESIANPOINT((21.595272235916127,1.5874999999996362,497.53037202678405));
#2051=IFCCARTESIANPOINT((17.845272235916127,1.5874999999996362,497.53037202678416));
#2052=IFCCARTESIANPOINT((14.095272235916127,1.5874999999996362,497.53037202678451));
#2053=IFCCARTESIANPOINT((12.220272235916582,1.5874999999996362,493.5393904841722));
#2054=IFCCARTESIANPOINT((10.345272235916582,1.5874999999978172,489.54840894156013));
#2055=IFCCARTESIANPOINT((8.1908489828529127,1.5874999999996362,484.9626684413202));
#2056=IFCCARTESIANPOINT((6.5952722359161271,1.5874999999996362,481.56644585633597));
#2057=IFCCARTESIANPOINT((8.4702722359161271,1.5874999999996362,477.57546431372424));
#2058=IFCCARTESIANPOINT((10.345272235915672,1.5874999999996362,473.58448277111228));
#2059=IFCCARTESIANPOINT((12.220272235915672,1.5874999999996362,469.59350122850032));
#2060=IFCCARTESIANPOINT((14.095272235916127,1.5874999999996362,465.60251968588869));
#2061=IFCCARTESIANPOINT((17.845272235915672,1.5874999999996362,465.60251968588824));
#2062=IFCCARTESIANPOINT((21.595272235915672,1.5874999999996362,465.6025196858879));
#2063=IFCCARTESIANPOINT((25.345272235915218,1.5874999999996362,465.60251968588767));
#2064=IFCCARTESIANPOINT((29.095272235916127,1.5874999999996362,465.6025196858871));
#2065=IFCFACE((#2066));
#2066=IFCFACEOUTERBOUND(#2067,.T.);
#2067=IFCPOLYLOOP((#2068,#2069,#2070,#2071,#2072,#2073,#2074,#2075,#2076,#2077,#2078,#2079,#2080,#2081,#2082,#2083,#2084,#2085,#2086,#2087,#2088,#2089,#2090,#2091));
#2068=IFCCARTESIANPOINT((14.095272235920675,2751.5874999999996,2429.8882339716042));
#2069=IFCCARTESIANPOINT((11.94084898285746,2751.5875000000015,2434.4739744718422));
#2070=IFCCARTESIANPOINT((9.7864257297947006,2751.5875000000015,2439.0597149720811));
#2071=IFCCARTESIANPOINT((8.190848982857915,2751.5874999999996,2442.4559375570666));
#2072=IFCCARTESIANPOINT((6.5952722359206746,2751.5874999999996,2445.8521601420507));
#2073=IFCCARTESIANPOINT((8.4702722359206746,2751.5874999999996,2449.8431416846634));
#2074=IFCCARTESIANPOINT((10.34527223592022,2751.5875000000015,2453.8341232272755));
#2075=IFCCARTESIANPOINT((12.22027223592022,2751.5875000000015,2457.8251047698873));
#2076=IFCCARTESIANPOINT((14.095272235920675,2751.5874999999996,2461.816086312499));
#2077=IFCCARTESIANPOINT((17.845272235920675,2751.5875000000015,2461.816086312499));
#2078=IFCCARTESIANPOINT((21.59527223592022,2751.5875000000015,2461.8160863124986));
#2079=IFCCARTESIANPOINT((25.345272235920675,2751.5875000000015,2461.8160863124986));
#2080=IFCCARTESIANPOINT((29.09527223592022,2751.5874999999996,2461.816086312499));
#2081=IFCCARTESIANPOINT((30.970272235919765,2751.5874999999996,2457.8251047698864));
#2082=IFCCARTESIANPOINT((32.845272235920675,2751.5875000000015,2453.8341232272746));
#2083=IFCCARTESIANPOINT((34.72027223592022,2751.5874999999996,2449.8431416846624));
#2084=IFCCARTESIANPOINT((36.59527223592022,2751.5874999999996,2445.8521601420503));
#2085=IFCCARTESIANPOINT((34.999695488983434,2751.5874999999996,2442.4559375570661));
#2086=IFCCARTESIANPOINT((32.845272235919765,2751.5874999999996,2437.8701970568259));
#2087=IFCCARTESIANPOINT((30.970272235919765,2751.5874999999996,2433.8792155142146));
#2088=IFCCARTESIANPOINT((29.09527223592022,2751.5874999999996,2429.8882339716019));
#2089=IFCCARTESIANPOINT((25.34527223591931,2751.5875000000015,2429.8882339716024));
#2090=IFCCARTESIANPOINT((21.595272235919765,2751.5875000000015,2429.8882339716029));
#2091=IFCCARTESIANPOINT((17.845272235919765,2751.5875000000015,2429.8882339716029));
#2092=IFCFACE((#2093));
#2093=IFCFACEOUTERBOUND(#2094,.T.);
#2094=IFCPOLYLOOP((#2046,#2045,#2044,#2084,#2083,#2082,#2081,#2080,#2048,#2047));
#2095=IFCFACE((#2096));
#2096=IFCFACEOUTERBOUND(#2097,.T.);
#2097=IFCPOLYLOOP((#2054,#2053,#2052,#2076,#2075,#2074,#2073,#2072,#2056,#2055));
#2098=IFCFACE((#2099));
#2099=IFCFACEOUTERBOUND(#2100,.T.);
#2100=IFCPOLYLOOP((#2050,#2049,#2048,#2080,#2079,#2078,#2077,#2076,#2052,#2051));
#2101=IFCFACE((#2102));
#2102=IFCFACEOUTERBOUND(#2103,.T.);
#2103=IFCPOLYLOOP((#2058,#2057,#2056,#2072,#2071,#2070,#2069,#2068,#2060,#2059));
#2104=IFCFACE((#2105));
#2105=IFCFACEOUTERBOUND(#2106,.T.);
#2106=IFCPOLYLOOP((#2089,#2088,#2064,#2063,#2062,#2061,#2060,#2068,#2091,#2090));
#2107=IFCFACE((#2108));
#2108=IFCFACEOUTERBOUND(#2109,.T.);
#2109=IFCPOLYLOOP((#2085,#2084,#2044,#2043,#2042,#2041,#2064,#2088,#2087,#2086));
#2110=IFCFACETEDBREP(#2111);
#2111=IFCCLOSEDSHELL((#2112,#2139,#2166,#2169,#2172,#2175,#2178,#2181));
#2112=IFCFACE((#2113));
#2113=IFCFACEOUTERBOUND(#2114,.T.);
#2114=IFCPOLYLOOP((#2115,#2116,#2117,#2118,#2119,#2120,#2121,#2122,#2123,#2124,#2125,#2126,#2127,#2128,#2129,#2130,#2131,#2132,#2133,#2134,#2135,#2136,#2137,#2138));
#2115=IFCCARTESIANPOINT((30.970272235915672,1.5874999999996362,269.59350122850054));
#2116=IFCCARTESIANPOINT((32.845272235915672,1.5874999999996362,273.58448277111256));
#2117=IFCCARTESIANPOINT((34.720272235915672,1.5874999999996362,277.57546431372464));
#2118=IFCCARTESIANPOINT((36.595272235915672,1.5874999999996362,281.56644585633677));
#2119=IFCCARTESIANPOINT((34.999695488978887,1.5874999999996362,284.96266844132106));
#2120=IFCCARTESIANPOINT((33.404118742042101,1.5874999999996362,288.3588910263054));
#2121=IFCCARTESIANPOINT((31.249695488979341,1.5874999999996362,292.94463152654532));
#2122=IFCCARTESIANPOINT((29.095272235916127,1.5874999999996362,297.53037202678541));
#2123=IFCCARTESIANPOINT((25.345272235915672,1.5874999999996362,297.53037202678513));
#2124=IFCCARTESIANPOINT((21.595272235916127,1.5874999999996362,297.53037202678519));
#2125=IFCCARTESIANPOINT((17.845272235916127,1.5874999999996362,297.53037202678524));
#2126=IFCCARTESIANPOINT((14.095272235916127,1.5874999999996362,297.53037202678553));
#2127=IFCCARTESIANPOINT((12.220272235916582,1.5874999999996362,293.53939048417317));
#2128=IFCCARTESIANPOINT((10.345272235916582,1.5874999999996362,289.54840894156115));
#2129=IFCCARTESIANPOINT((8.1908489828529127,1.5874999999996362,284.96266844132123));
#2130=IFCCARTESIANPOINT((6.5952722359161271,1.5874999999996362,281.566445856337));
#2131=IFCCARTESIANPOINT((8.4702722359156724,1.5874999999996362,277.57546431372515));
#2132=IFCCARTESIANPOINT((10.345272235915672,1.5874999999996362,273.5844827711133));
#2133=IFCCARTESIANPOINT((12.220272235915672,1.5875000000032742,269.59350122850134));
#2134=IFCCARTESIANPOINT((14.095272235916127,1.5874999999996362,265.60251968588989));
#2135=IFCCARTESIANPOINT((17.845272235915672,1.5874999999996362,265.60251968588926));
#2136=IFCCARTESIANPOINT((21.595272235915672,1.5874999999996362,265.60251968588898));
#2137=IFCCARTESIANPOINT((25.345272235915672,1.5874999999996362,265.60251968588869));
#2138=IFCCARTESIANPOINT((29.095272235916127,1.5874999999996362,265.60251968588818));
#2139=IFCFACE((#2140));
#2140=IFCFACEOUTERBOUND(#2141,.T.);
#2141=IFCPOLYLOOP((#2142,#2143,#2144,#2145,#2146,#2147,#2148,#2149,#2150,#2151,#2152,#2153,#2154,#2155,#2156,#2157,#2158,#2159,#2160,#2161,#2162,#2163,#2164,#2165));
#2142=IFCCARTESIANPOINT((14.095272235920675,2751.5874999999996,2229.8882339716047));
#2143=IFCCARTESIANPOINT((11.940848982857005,2751.5875000000015,2234.4739744718436));
#2144=IFCCARTESIANPOINT((9.7864257297947006,2751.5875000000015,2239.0597149720825));
#2145=IFCCARTESIANPOINT((8.190848982857915,2751.5874999999996,2242.4559375570675));
#2146=IFCCARTESIANPOINT((6.5952722359206746,2751.5874999999996,2245.8521601420516));
#2147=IFCCARTESIANPOINT((8.4702722359206746,2751.5874999999996,2249.8431416846652));
#2148=IFCCARTESIANPOINT((10.34527223592022,2751.5874999999996,2253.8341232272765));
#2149=IFCCARTESIANPOINT((12.22027223592022,2751.5875000000015,2257.8251047698886));
#2150=IFCCARTESIANPOINT((14.095272235920675,2751.5874999999996,2261.8160863125004));
#2151=IFCCARTESIANPOINT((17.845272235920675,2751.5875000000015,2261.8160863124999));
#2152=IFCCARTESIANPOINT((21.59527223592022,2751.5875000000015,2261.8160863124999));
#2153=IFCCARTESIANPOINT((25.345272235920675,2751.5875000000015,2261.8160863124999));
#2154=IFCCARTESIANPOINT((29.09527223592022,2751.5874999999996,2261.8160863125004));
#2155=IFCCARTESIANPOINT((30.97027223592022,2751.5875000000015,2257.8251047698877));
#2156=IFCCARTESIANPOINT((32.845272235920675,2751.5875000000015,2253.834123227276));
#2157=IFCCARTESIANPOINT((34.72027223592022,2751.5875000000015,2249.8431416846638));
#2158=IFCCARTESIANPOINT((36.59527223592022,2751.5874999999996,2245.8521601420512));
#2159=IFCCARTESIANPOINT((34.999695488983434,2751.5874999999996,2242.455937557067));
#2160=IFCCARTESIANPOINT((32.845272235919765,2751.5874999999996,2237.8701970568272));
#2161=IFCCARTESIANPOINT((30.970272235919765,2751.5874999999996,2233.8792155142155));
#2162=IFCCARTESIANPOINT((29.09527223592022,2751.5874999999996,2229.8882339716029));
#2163=IFCCARTESIANPOINT((25.34527223592022,2751.5874999999996,2229.8882339716033));
#2164=IFCCARTESIANPOINT((21.595272235919765,2751.5875000000015,2229.8882339716042));
#2165=IFCCARTESIANPOINT((17.845272235919765,2751.5875000000015,2229.8882339716047));
#2166=IFCFACE((#2167));
#2167=IFCFACEOUTERBOUND(#2168,.T.);
#2168=IFCPOLYLOOP((#2120,#2119,#2118,#2158,#2157,#2156,#2155,#2154,#2122,#2121));
#2169=IFCFACE((#2170));
#2170=IFCFACEOUTERBOUND(#2171,.T.);
#2171=IFCPOLYLOOP((#2128,#2127,#2126,#2150,#2149,#2148,#2147,#2146,#2130,#2129));
#2172=IFCFACE((#2173));
#2173=IFCFACEOUTERBOUND(#2174,.T.);
#2174=IFCPOLYLOOP((#2124,#2123,#2122,#2154,#2153,#2152,#2151,#2150,#2126,#2125));
#2175=IFCFACE((#2176));
#2176=IFCFACEOUTERBOUND(#2177,.T.);
#2177=IFCPOLYLOOP((#2132,#2131,#2130,#2146,#2145,#2144,#2143,#2142,#2134,#2133));
#2178=IFCFACE((#2179));
#2179=IFCFACEOUTERBOUND(#2180,.T.);
#2180=IFCPOLYLOOP((#2163,#2162,#2138,#2137,#2136,#2135,#2134,#2142,#2165,#2164));
#2181=IFCFACE((#2182));
#2182=IFCFACEOUTERBOUND(#2183,.T.);
#2183=IFCPOLYLOOP((#2159,#2158,#2118,#2117,#2116,#2115,#2138,#2162,#2161,#2160));
#2184=IFCFACETEDBREP(#2185);
#2185=IFCCLOSEDSHELL((#2186,#2213,#2240,#2243,#2246,#2249,#2252,#2255));
#2186=IFCFACE((#2187));
#2187=IFCFACEOUTERBOUND(#2188,.T.);
#2188=IFCPOLYLOOP((#2189,#2190,#2191,#2192,#2193,#2194,#2195,#2196,#2197,#2198,#2199,#2200,#2201,#2202,#2203,#2204,#2205,#2206,#2207,#2208,#2209,#2210,#2211,#2212));
#2189=IFCCARTESIANPOINT((30.970272235914308,1.5874999999996362,69.593501228498951));
#2190=IFCCARTESIANPOINT((32.845272235915218,1.5874999999996362,73.584482771110999));
#2191=IFCCARTESIANPOINT((34.720272235914763,1.5874999999996362,77.575464313723046));
#2192=IFCCARTESIANPOINT((36.595272235915218,1.5874999999996362,81.566445856335235));
#2193=IFCCARTESIANPOINT((34.999695488978432,1.5874999999996362,84.962668441319522));
#2194=IFCCARTESIANPOINT((33.404118742041646,1.5874999999996362,88.358891026303922));
#2195=IFCCARTESIANPOINT((31.249695488977522,1.5874999999996362,92.944631526543731));
#2196=IFCCARTESIANPOINT((29.095272235915218,1.5874999999996362,97.53037202678388));
#2197=IFCCARTESIANPOINT((25.345272235915672,1.5874999999996362,97.530372026783652));
#2198=IFCCARTESIANPOINT((21.595272235915672,1.5874999999978172,97.530372026783709));
#2199=IFCCARTESIANPOINT((17.845272235916127,1.5874999999996362,97.530372026783709));
#2200=IFCCARTESIANPOINT((14.095272235915672,1.5874999999996362,97.530372026783994));
#2201=IFCCARTESIANPOINT((12.220272235915672,1.5874999999996362,93.539390484171633));
#2202=IFCCARTESIANPOINT((10.345272235915672,1.5874999999978172,89.548408941559615));
#2203=IFCCARTESIANPOINT((8.190848982852458,1.5874999999996362,84.962668441319693));
#2204=IFCCARTESIANPOINT((6.5952722359156724,1.5874999999996362,81.566445856335463));
#2205=IFCCARTESIANPOINT((8.4702722359152176,1.5874999999996362,77.575464313723671));
#2206=IFCCARTESIANPOINT((10.345272235915218,1.5874999999996362,73.584482771111766));
#2207=IFCCARTESIANPOINT((12.220272235915672,1.5874999999996362,69.593501228499861));
#2208=IFCCARTESIANPOINT((14.095272235915672,1.5874999999996362,65.602519685888325));
#2209=IFCCARTESIANPOINT((17.845272235915218,1.5874999999996362,65.602519685887728));
#2210=IFCCARTESIANPOINT((21.595272235914763,1.5874999999996362,65.602519685887415));
#2211=IFCCARTESIANPOINT((25.345272235915218,1.5874999999996362,65.602519685887188));
#2212=IFCCARTESIANPOINT((29.095272235915218,1.5874999999996362,65.602519685886648));
#2213=IFCFACE((#2214));
#2214=IFCFACEOUTERBOUND(#2215,.T.);
#2215=IFCPOLYLOOP((#2216,#2217,#2218,#2219,#2220,#2221,#2222,#2223,#2224,#2225,#2226,#2227,#2228,#2229,#2230,#2231,#2232,#2233,#2234,#2235,#2236,#2237,#2238,#2239));
#2216=IFCCARTESIANPOINT((14.095272235919765,2751.5874999999996,2029.8882339716033));
#2217=IFCCARTESIANPOINT((11.940848982857005,2751.5875000000015,2034.4739744718418));
#2218=IFCCARTESIANPOINT((9.7864257297942459,2751.5874999999996,2039.0597149720811));
#2219=IFCCARTESIANPOINT((8.1908489828570055,2751.5875000000015,2042.4559375570661));
#2220=IFCCARTESIANPOINT((6.5952722359197651,2751.5874999999996,2045.8521601420498));
#2221=IFCCARTESIANPOINT((8.4702722359197651,2751.5874999999996,2049.8431416846634));
#2222=IFCCARTESIANPOINT((10.34527223592022,2751.5874999999996,2053.8341232272751));
#2223=IFCCARTESIANPOINT((12.220272235919765,2751.5875000000015,2057.8251047698873));
#2224=IFCCARTESIANPOINT((14.095272235919765,2751.5874999999996,2061.8160863124986));
#2225=IFCCARTESIANPOINT((17.845272235919765,2751.5875000000015,2061.8160863124986));
#2226=IFCCARTESIANPOINT((21.595272235919765,2751.5875000000015,2061.8160863124986));
#2227=IFCCARTESIANPOINT((25.34527223592022,2751.5875000000015,2061.8160863124986));
#2228=IFCCARTESIANPOINT((29.095272235919765,2751.5874999999996,2061.8160863124986));
#2229=IFCCARTESIANPOINT((30.970272235919765,2751.5875000000015,2057.8251047698864));
#2230=IFCCARTESIANPOINT((32.84527223591931,2751.5875000000015,2053.8341232272746));
#2231=IFCCARTESIANPOINT((34.720272235919765,2751.5875000000015,2049.8431416846624));
#2232=IFCCARTESIANPOINT((36.595272235919765,2751.5874999999996,2045.8521601420498));
#2233=IFCCARTESIANPOINT((34.999695488982979,2751.5875000000015,2042.4559375570661));
#2234=IFCCARTESIANPOINT((32.84527223591931,2751.5875000000015,2037.8701970568259));
#2235=IFCCARTESIANPOINT((30.970272235919765,2751.5874999999996,2033.8792155142141));
#2236=IFCCARTESIANPOINT((29.095272235919765,2751.5874999999996,2029.8882339716015));
#2237=IFCCARTESIANPOINT((25.34527223591931,2751.5875000000015,2029.8882339716019));
#2238=IFCCARTESIANPOINT((21.595272235919765,2751.5875000000015,2029.8882339716024));
#2239=IFCCARTESIANPOINT((17.845272235919765,2751.5875000000015,2029.8882339716029));
#2240=IFCFACE((#2241));
#2241=IFCFACEOUTERBOUND(#2242,.T.);
#2242=IFCPOLYLOOP((#2194,#2193,#2192,#2232,#2231,#2230,#2229,#2228,#2196,#2195));
#2243=IFCFACE((#2244));
#2244=IFCFACEOUTERBOUND(#2245,.T.);
#2245=IFCPOLYLOOP((#2202,#2201,#2200,#2224,#2223,#2222,#2221,#2220,#2204,#2203));
#2246=IFCFACE((#2247));
#2247=IFCFACEOUTERBOUND(#2248,.T.);
#2248=IFCPOLYLOOP((#2198,#2197,#2196,#2228,#2227,#2226,#2225,#2224,#2200,#2199));
#2249=IFCFACE((#2250));
#2250=IFCFACEOUTERBOUND(#2251,.T.);
#2251=IFCPOLYLOOP((#2206,#2205,#2204,#2220,#2219,#2218,#2217,#2216,#2208,#2207));
#2252=IFCFACE((#2253));
#2253=IFCFACEOUTERBOUND(#2254,.T.);
#2254=IFCPOLYLOOP((#2237,#2236,#2212,#2211,#2210,#2209,#2208,#2216,#2239,#2238));
#2255=IFCFACE((#2256));
#2256=IFCFACEOUTERBOUND(#2257,.T.);
#2257=IFCPOLYLOOP((#2233,#2232,#2192,#2191,#2190,#2189,#2212,#2236,#2235,#2234));
#2258=IFCFACETEDBREP(#2259);
#2259=IFCCLOSEDSHELL((#2260,#2287,#2314,#2317,#2320,#2323,#2326,#2329));
#2260=IFCFACE((#2261));
#2261=IFCFACEOUTERBOUND(#2262,.T.);
#2262=IFCPOLYLOOP((#2263,#2264,#2265,#2266,#2267,#2268,#2269,#2270,#2271,#2272,#2273,#2274,#2275,#2276,#2277,#2278,#2279,#2280,#2281,#2282,#2283,#2284,#2285,#2286));
#2263=IFCCARTESIANPOINT((1.5952722359156724,1.5874999999996362,875.42192780845039));
#2264=IFCCARTESIANPOINT((4.0952722359152176,1.5874999999996362,870.10061908496778));
#2265=IFCCARTESIANPOINT((6.5952722359156724,1.5874999999996362,864.77931036148516));
#2266=IFCCARTESIANPOINT((9.0952722359152176,1.5874999999996362,859.45800163800254));
#2267=IFCCARTESIANPOINT((11.595272235915218,1.5874999999996362,854.1366929145197));
#2268=IFCCARTESIANPOINT((16.595272235915672,1.5874999999996362,854.13669291451993));
#2269=IFCCARTESIANPOINT((21.595272235915672,1.5874999999996362,854.1366929145197));
#2270=IFCCARTESIANPOINT((26.595272235915218,1.5874999999996362,854.1366929145197));
#2271=IFCCARTESIANPOINT((31.595272235915218,1.5874999999996362,854.13669291451947));
#2272=IFCCARTESIANPOINT((34.095272235916127,1.5874999999996362,859.45800163800209));
#2273=IFCCARTESIANPOINT((36.595272235915218,1.5874999999996362,864.7793103614847));
#2274=IFCCARTESIANPOINT((39.095272235914763,1.5874999999996362,870.10061908496732));
#2275=IFCCARTESIANPOINT((41.595272235915218,1.5874999999996362,875.42192780845016));
#2276=IFCCARTESIANPOINT((39.141307068691276,1.5874999999996362,880.6452503090386));
#2277=IFCCARTESIANPOINT((36.687341901467335,1.5874999999996362,885.86857280962727));
#2278=IFCCARTESIANPOINT((34.141307068691276,1.5874999999996362,891.28786775600406));
#2279=IFCCARTESIANPOINT((31.595272235915218,1.5874999999996362,896.70716270238063));
#2280=IFCCARTESIANPOINT((26.595272235915218,1.5874999999996362,896.70716270238063));
#2281=IFCCARTESIANPOINT((21.595272235915672,1.5874999999996362,896.70716270238063));
#2282=IFCCARTESIANPOINT((16.595272235915672,1.5874999999996362,896.70716270238063));
#2283=IFCCARTESIANPOINT((11.595272235915672,1.5874999999996362,896.70716270238063));
#2284=IFCCARTESIANPOINT((9.0952722359156724,1.5874999999996362,891.38585397889801));
#2285=IFCCARTESIANPOINT((6.5952722359156724,1.5874999999996362,886.06454525541562));
#2286=IFCCARTESIANPOINT((4.0492374031396139,1.5874999999996362,880.6452503090386));
#2287=IFCFACE((#2288));
#2288=IFCFACEOUTERBOUND(#2289,.T.);
#2289=IFCPOLYLOOP((#2290,#2291,#2292,#2293,#2294,#2295,#2296,#2297,#2298,#2299,#2300,#2301,#2302,#2303,#2304,#2305,#2306,#2307,#2308,#2309,#2310,#2311,#2312,#2313));
#2290=IFCCARTESIANPOINT((11.59527223591931,2751.5874999999996,2818.4224072002344));
#2291=IFCCARTESIANPOINT((9.0492374031437066,2751.5875000000015,2823.8417021466107));
#2292=IFCCARTESIANPOINT((6.5032025703690124,2751.5874999999996,2829.2609970929861));
#2293=IFCCARTESIANPOINT((4.0492374031441614,2751.5874999999996,2834.4843195935759));
#2294=IFCCARTESIANPOINT((1.5952722359202198,2751.5874999999996,2839.7076420941648));
#2295=IFCCARTESIANPOINT((4.0952722359202198,2751.5875000000015,2845.0289508176479));
#2296=IFCCARTESIANPOINT((6.5952722359197651,2751.5875000000015,2850.3502595411305));
#2297=IFCCARTESIANPOINT((9.0952722359206746,2751.5875000000015,2855.6715682646131));
#2298=IFCCARTESIANPOINT((11.595272235919765,2751.5874999999996,2860.9928769880953));
#2299=IFCCARTESIANPOINT((16.595272235919765,2751.5875000000015,2860.9928769880958));
#2300=IFCCARTESIANPOINT((21.595272235919765,2751.5875000000015,2860.9928769880958));
#2301=IFCCARTESIANPOINT((26.595272235919765,2751.5875000000015,2860.9928769880958));
#2302=IFCCARTESIANPOINT((31.595272235919765,2751.5874999999996,2860.9928769880953));
#2303=IFCCARTESIANPOINT((34.095272235919765,2751.5875000000015,2855.6715682646131));
#2304=IFCCARTESIANPOINT((36.595272235919765,2751.5875000000015,2850.3502595411305));
#2305=IFCCARTESIANPOINT((39.095272235919765,2751.5875000000015,2845.0289508176479));
#2306=IFCCARTESIANPOINT((41.595272235919765,2751.5874999999996,2839.7076420941648));
#2307=IFCCARTESIANPOINT((39.141307068695824,2751.5874999999996,2834.4843195935759));
#2308=IFCCARTESIANPOINT((36.595272235919765,2751.5874999999996,2829.0650246471996));
#2309=IFCCARTESIANPOINT((34.095272235919765,2751.5874999999996,2823.743715923717));
#2310=IFCCARTESIANPOINT((31.595272235919765,2751.5874999999996,2818.4224072002339));
#2311=IFCCARTESIANPOINT((26.595272235919765,2751.5875000000015,2818.4224072002344));
#2312=IFCCARTESIANPOINT((21.59527223591931,2751.5875000000015,2818.4224072002344));
#2313=IFCCARTESIANPOINT((16.595272235918856,2751.5875000000015,2818.4224072002344));
#2314=IFCFACE((#2315));
#2315=IFCFACEOUTERBOUND(#2316,.T.);
#2316=IFCPOLYLOOP((#2277,#2276,#2275,#2306,#2305,#2304,#2303,#2302,#2279,#2278));
#2317=IFCFACE((#2318));
#2318=IFCFACEOUTERBOUND(#2319,.T.);
#2319=IFCPOLYLOOP((#2285,#2284,#2283,#2298,#2297,#2296,#2295,#2294,#2263,#2286));
#2320=IFCFACE((#2321));
#2321=IFCFACEOUTERBOUND(#2322,.T.);
#2322=IFCPOLYLOOP((#2281,#2280,#2279,#2302,#2301,#2300,#2299,#2298,#2283,#2282));
#2323=IFCFACE((#2324));
#2324=IFCFACEOUTERBOUND(#2325,.T.);
#2325=IFCPOLYLOOP((#2265,#2264,#2263,#2294,#2293,#2292,#2291,#2290,#2267,#2266));
#2326=IFCFACE((#2327));
#2327=IFCFACEOUTERBOUND(#2328,.T.);
#2328=IFCPOLYLOOP((#2311,#2310,#2271,#2270,#2269,#2268,#2267,#2290,#2313,#2312));
#2329=IFCFACE((#2330));
#2330=IFCFACEOUTERBOUND(#2331,.T.);
#2331=IFCPOLYLOOP((#2307,#2306,#2275,#2274,#2273,#2272,#2271,#2310,#2309,#2308));
#2332=IFCMATERIAL('<Unnamed>',$,$);
#2333=IFCRELASSOCIATESMATERIAL('25sC8Zv_DfUPlamb4F6zjs',#37,$,$,(#2334,#4061,#4079,#4093,#4107,#4122,#4123,#4141,#4155,#4156,#4177,#4191,#4205,#4217,#4232,#4247),#4248);
#2334=IFCROOF('2QLDczdKX9Fg7Ur4rrIPQ3',#37,'Roof-1F-main-red:178223',$,'red segmented roof',#2335,#2338,'178223',.NOTDEFINED.);
#2335=IFCLOCALPLACEMENT(#27,#2336);
#2336=IFCAXIS2PLACEMENT3D(#2337,$,$);
#2337=IFCCARTESIANPOINT((-8334.2616478203199,-8064.643875778278,0.));
#2338=IFCPRODUCTDEFINITIONSHAPE($,$,(#2339));
#2339=IFCSHAPEREPRESENTATION(#18,'Body','Brep',(#2340));
#2340=IFCFACETEDBREP(#2341);
#2341=IFCCLOSEDSHELL((#2342,#2349,#2354,#2359,#2370,#2379,#2384,#2389,#2412,#2417,#2422,#2443,#2461,#2466,#2471,#2480,#2489,#2494,#2501,#2506,#2513,#2516,#2522,#2527,#2530,#2535,#2538,#2541,#2544,#2547,#2550,#2554,#2558,#2561,#2564,#2567,#2570,#2573,#2576,#2580,#2583,#2586,#2590,#2593,#2596,#2599,#2603,#2606,#2609,#2612,#2616,#2619,#2622,#2625,#2628,#2631,#2634,#2638,#2641,#2644,#2647,#2652,#2659,#2664,#2671,#2674,#2680,#2685,#2688,#2693,#2696,#2699,#2702,#2705,#2708,#2712,#2716,#2719,#2722,#2725,#2728,#2731,#2734,#2738,#2741,#2744,#2748,#2751,#2754,#2757,#2761,#2764,#2767,#2770,#2774,#2777,#2780,#2783,#2786,#2789,#2792,#2796,#2799,#2802,#2805,#2816,#2827,#2833,#2839,#2845,#2850,#2855,#2861,#2867,#2871,#2876,#2879,#2882,#2886,#2892,#2896,#2900,#2906,#2911,#2916,#2920,#2923,#2928,#2931,#2935,#2939,#2943,#2946,#2949,#2953,#2956,#2959,#2962,#2966,#2969,#2972,#2975,#2978,#2981,#2985,#2988,#2991,#2995,#2998,#3002,#3005,#3009,#3013,#3016,#3019,#3022,#3025,#3028,#3034,#3038,#3041,#3045,#3049,#3052,#3055,#3058,#3061,#3064,#3067,#3070,#3073,#3076,#3079,#3083,#3086,#3089,#3092,#3096,#3099,#3102,#3105,#3108,#3111,#3114,#3117,#3121,#3125,#3128,#3131,#3134,#3137,#3140,#3143,#3146,#3149,#3153,#3156,#3159,#3162,#3165,#3168,#3171,#3174,#3177,#3180,#3183,#3186,#3189,#3192,#3195,#3198,#3201,#3204,#3207,#3210,#3213,#3216,#3219,#3222,#3225,#3228,#3231,#3234,#3237,#3240,#3243,#3246,#3249,#3252,#3255,#3258,#3261,#3264,#3267,#3270,#3273,#3276,#3279,#3282,#3285,#3288,#3291,#3294,#3297,#3300,#3303,#3306,#3309,#3312,#3315,#3318,#3321,#3324,#3327,#3330,#3336,#3342,#3348,#3353,#3358,#3364,#3370,#3374,#3379,#3382,#3385,#3389,#3395,#3399,#3403,#3409,#3414,#3419,#3423,#3426,#3431,#3434,#3438,#3442,#3446,#3449,#3452,#3456,#3459,#3462,#3465,#3469,#3472,#3475,#3478,#3481,#3484,#3488,#3491,#3494,#3498,#3501,#3505,#3508,#3512,#3516,#3519,#3522,#3525,#3528,#3531,#3537,#3541,#3544,#3548,#3552,#3555,#3558,#3561,#3564,#3567,#3570,#3573,#3576,#3579,#3582,#3586,#3589,#3592,#3595,#3599,#3602,#3605,#3608,#3611,#3614,#3617,#3620,#3624,#3628,#3631,#3634,#3637,#3640,#3643,#3646,#3649,#3652,#3656,#3659,#3662,#3665,#3668,#3671,#3674,#3677,#3680,#3683,#3686,#3689,#3692,#3695,#3698,#3701,#3704,#3707,#3710,#3713,#3716,#3719,#3722,#3725,#3728,#3731,#3734,#3737,#3740,#3743,#3746,#3749,#3752,#3755,#3758,#3761,#3764,#3767,#3770,#3773,#3776,#3779,#3782,#3785,#3788,#3791,#3794,#3797,#3800,#3803,#3806,#3809,#3812,#3815,#3818,#3821,#3824,#3827,#3830,#3833,#3836,#3839,#3846,#3853,#3858,#3862,#3865,#3868,#3871,#3875,#3879,#3883,#3886,#3890,#3893,#3896,#3900,#3903,#3906,#3909,#3912,#3915,#3918,#3921,#3924,#3927,#3930,#3933,#3936,#3939,#3942,#3945,#3948,#3953,#3957,#3960,#3963,#3966,#3970,#3974,#3978,#3981,#3985,#3988,#3991,#3995,#3998,#4001,#4004,#4007,#4010,#4013,#4016,#4019,#4022,#4025,#4028,#4031,#4034,#4037,#4040,#4043,#4046,#4049,#4052,#4055,#4058));
#2342=IFCFACE((#2343));
#2343=IFCFACEOUTERBOUND(#2344,.T.);
#2344=IFCPOLYLOOP((#2345,#2346,#2347,#2348));
#2345=IFCCARTESIANPOINT((16724.78249433358,200.,400.));
#2346=IFCCARTESIANPOINT((16724.78249433358,200.,-0.));
#2347=IFCCARTESIANPOINT((16724.782494333587,5400.,0.));
#2348=IFCCARTESIANPOINT((16724.782494333587,5400.,400.));
#2349=IFCFACE((#2350));
#2350=IFCFACEOUTERBOUND(#2351,.T.);
#2351=IFCPOLYLOOP((#2352,#2353,#2346,#2345));
#2352=IFCCARTESIANPOINT((14024.782494333584,200.,400.));
#2353=IFCCARTESIANPOINT((14024.782494333584,200.,0.));
#2354=IFCFACE((#2355));
#2355=IFCFACEOUTERBOUND(#2356,.T.);
#2356=IFCPOLYLOOP((#2357,#2358,#2353,#2352));
#2357=IFCCARTESIANPOINT((14024.782494333584,723.67998196891222,1200.));
#2358=IFCCARTESIANPOINT((14024.782494333584,723.67998196891222,800.));
#2359=IFCFACE((#2360));
#2360=IFCFACEOUTERBOUND(#2361,.T.);
#2361=IFCPOLYLOOP((#2362,#2363,#2364,#2365,#2366,#2358,#2357,#2367,#2368,#2369));
#2362=IFCCARTESIANPOINT((10600.,723.67998196892222,800.));
#2363=IFCCARTESIANPOINT((10600.,723.67998196892222,400.));
#2364=IFCCARTESIANPOINT((11362.711482132501,723.67998196891949,489.08145067833311));
#2365=IFCCARTESIANPOINT((12125.423068940276,723.67998196891767,578.16291358229364));
#2366=IFCCARTESIANPOINT((13262.071012201101,723.67998196891403,710.9185493216678));
#2367=IFCCARTESIANPOINT((13262.071012201101,723.67998196891403,1110.9185493216673));
#2368=IFCCARTESIANPOINT((12125.423068940276,723.67998196891767,978.16291358229364));
#2369=IFCCARTESIANPOINT((11362.711482132503,723.6799819689204,889.08145067833311));
#2370=IFCFACE((#2371));
#2371=IFCFACEOUTERBOUND(#2372,.T.);
#2372=IFCPOLYLOOP((#2373,#2374,#2375,#2363,#2362,#2376,#2377,#2378));
#2373=IFCCARTESIANPOINT((10600.,5562.5346136066146,800.));
#2374=IFCCARTESIANPOINT((10600.,4309.4212475475379,696.41239826748324));
#2375=IFCCARTESIANPOINT((10600.,3056.3070617405619,592.82472877117016));
#2376=IFCCARTESIANPOINT((10600.,3056.3070617405619,992.8247287711697));
#2377=IFCCARTESIANPOINT((10600.,4309.4212475475379,1096.4123982674832));
#2378=IFCCARTESIANPOINT((10600.,5562.5346136066146,1200.));
#2379=IFCFACE((#2380));
#2380=IFCFACEOUTERBOUND(#2381,.T.);
#2381=IFCPOLYLOOP((#2382,#2383,#2373,#2378));
#2382=IFCCARTESIANPOINT((3785.7767960985138,5562.5346136066364,1200.));
#2383=IFCCARTESIANPOINT((3785.7767960985138,5562.5346136066364,800.));
#2384=IFCFACE((#2385));
#2385=IFCFACEOUTERBOUND(#2386,.T.);
#2386=IFCPOLYLOOP((#2387,#2388,#2383,#2382));
#2387=IFCCARTESIANPOINT((3785.776796098512,4030.3018631710966,800.));
#2388=IFCCARTESIANPOINT((3785.776796098512,4030.3018631710966,400.));
#2389=IFCFACE((#2390));
#2390=IFCFACEOUTERBOUND(#2391,.T.);
#2391=IFCPOLYLOOP((#2392,#2393,#2394,#2395,#2396,#2397,#2398,#2399,#2400,#2401,#2402,#2403,#2404,#2405,#2406,#2407,#2408,#2409,#2410,#2411));
#2392=IFCCARTESIANPOINT((3785.7767960985066,0.,400.));
#2393=IFCCARTESIANPOINT((3785.7767960985066,0.,0.));
#2394=IFCCARTESIANPOINT((3785.7767960985075,74.633970223389042,0.));
#2395=IFCCARTESIANPOINT((3785.7767960985075,111.95095533508356,0.));
#2396=IFCCARTESIANPOINT((3785.7767960985075,149.26794044677808,0.));
#2397=IFCCARTESIANPOINT((3785.7767960985075,223.90191067016713,0.));
#2398=IFCCARTESIANPOINT((3785.7767960985075,298.53588089355435,0.));
#2399=IFCCARTESIANPOINT((3785.7767960985075,346.4773764629399,0.));
#2400=IFCCARTESIANPOINT((3785.7767960985075,394.41887203232545,0.));
#2401=IFCCARTESIANPOINT((3785.7767960985075,442.360367601711,0.));
#2402=IFCCARTESIANPOINT((3785.7767960985075,490.30186317109656,0.));
#2403=IFCCARTESIANPOINT((3785.7767960985075,490.30186317109656,400.));
#2404=IFCCARTESIANPOINT((3785.7767960985075,442.360367601711,400.));
#2405=IFCCARTESIANPOINT((3785.7767960985075,394.41887203232545,400.));
#2406=IFCCARTESIANPOINT((3785.7767960985075,346.4773764629399,400.));
#2407=IFCCARTESIANPOINT((3785.7767960985075,298.53588089355435,400.));
#2408=IFCCARTESIANPOINT((3785.7767960985075,223.90191067016713,400.));
#2409=IFCCARTESIANPOINT((3785.7767960985075,149.26794044677808,400.));
#2410=IFCCARTESIANPOINT((3785.7767960985075,111.95095533508356,400.));
#2411=IFCCARTESIANPOINT((3785.7767960985075,74.633970223389042,400.));
#2412=IFCFACE((#2413));
#2413=IFCFACEOUTERBOUND(#2414,.T.);
#2414=IFCPOLYLOOP((#2415,#2416,#2388,#2387));
#2415=IFCCARTESIANPOINT((2725.776796098512,4030.3018631710997,1200.));
#2416=IFCCARTESIANPOINT((2725.776796098512,4030.3018631710997,800.));
#2417=IFCFACE((#2418));
#2418=IFCFACEOUTERBOUND(#2419,.T.);
#2419=IFCPOLYLOOP((#2420,#2421,#2416,#2415));
#2420=IFCCARTESIANPOINT((2725.7767960985084,490.30186317110019,1200.));
#2421=IFCCARTESIANPOINT((2725.7767960985084,490.30186317110019,800.));
#2422=IFCFACE((#2423));
#2423=IFCFACEOUTERBOUND(#2424,.T.);
#2424=IFCPOLYLOOP((#2403,#2402,#2425,#2426,#2427,#2428,#2429,#2430,#2431,#2432,#2433,#2421,#2420,#2434,#2435,#2436,#2437,#2438,#2439,#2440,#2441,#2442));
#2425=IFCCARTESIANPOINT((3682.1304841344236,490.30186317109656,78.223631671006387));
#2426=IFCCARTESIANPOINT((3578.4841546477428,490.30186317109838,156.44727656661553));
#2427=IFCCARTESIANPOINT((3474.8378251610602,490.30186317109838,234.67092146222421));
#2428=IFCCARTESIANPOINT((3371.1915131969763,490.30186317109928,312.89455313323106));
#2429=IFCCARTESIANPOINT((3255.7767960985075,490.30186317109928,400.));
#2430=IFCCARTESIANPOINT((3140.3620790000386,490.30186317109928,487.1054468667694));
#2431=IFCCARTESIANPOINT((3036.7157670359557,490.30186317109928,565.32907853777579));
#2432=IFCCARTESIANPOINT((2933.0694375492731,490.30186317109928,643.55272343338538));
#2433=IFCCARTESIANPOINT((2829.4231080625905,490.30186317110019,721.77636832899407));
#2434=IFCCARTESIANPOINT((2829.4231080625905,490.30186317110019,1121.7763683289936));
#2435=IFCCARTESIANPOINT((2933.0694375492731,490.30186317109928,1043.5527234333849));
#2436=IFCCARTESIANPOINT((3036.7157670359557,490.30186317109928,965.32907853777624));
#2437=IFCCARTESIANPOINT((3140.3620790000386,490.30186317109928,887.1054468667694));
#2438=IFCCARTESIANPOINT((3255.7767960985075,490.30186317109928,800.));
#2439=IFCCARTESIANPOINT((3371.1915131969763,490.30186317109928,712.89455313323106));
#2440=IFCCARTESIANPOINT((3474.8378251610602,490.30186317109838,634.67092146222512));
#2441=IFCCARTESIANPOINT((3578.4841546477428,490.30186317109838,556.44727656661553));
#2442=IFCCARTESIANPOINT((3682.1304841344236,490.30186317109656,478.22363167100639));
#2443=IFCFACE((#2444));
#2444=IFCFACEOUTERBOUND(#2445,.T.);
#2445=IFCPOLYLOOP((#2,#2446,#2447,#2448,#2449,#2450,#2451,#2452,#2393,#2392,#2453,#2454,#2455,#2456,#2457,#2458,#2459,#2460));
#2446=IFCCARTESIANPOINT((370.17155170986462,0.,0.));
#2447=IFCCARTESIANPOINT((740.34310341972741,0.,0.));
#2448=IFCCARTESIANPOINT((1110.5146551295902,0.,0.));
#2449=IFCCARTESIANPOINT((1480.6862068394521,0.,0.));
#2450=IFCCARTESIANPOINT((2056.9588541542153,0.,0.));
#2451=IFCCARTESIANPOINT((2633.2315014689802,0.,0.));
#2452=IFCCARTESIANPOINT((3209.5041487837443,0.,0.));
#2453=IFCCARTESIANPOINT((3209.5041487837452,0.,400.));
#2454=IFCCARTESIANPOINT((2633.2315014689802,0.,400.));
#2455=IFCCARTESIANPOINT((2056.9588541542153,0.,400.));
#2456=IFCCARTESIANPOINT((1480.6862068394521,0.,400.));
#2457=IFCCARTESIANPOINT((1110.5146551295902,0.,400.));
#2458=IFCCARTESIANPOINT((740.34310341972741,0.,400.));
#2459=IFCCARTESIANPOINT((370.17155170986462,0.,400.));
#2460=IFCCARTESIANPOINT((0.,0.,400.));
#2461=IFCFACE((#2462));
#2462=IFCFACEOUTERBOUND(#2463,.T.);
#2463=IFCPOLYLOOP((#2464,#2465,#2,#2460));
#2464=IFCCARTESIANPOINT((0.,6500.,400.));
#2465=IFCCARTESIANPOINT((0.,6500.,0.));
#2466=IFCFACE((#2467));
#2467=IFCFACEOUTERBOUND(#2468,.T.);
#2468=IFCPOLYLOOP((#2469,#2470,#2465,#2464));
#2469=IFCCARTESIANPOINT((12000.,6500.,400.));
#2470=IFCCARTESIANPOINT((12000.,6500.,0.));
#2471=IFCFACE((#2472));
#2472=IFCFACEOUTERBOUND(#2473,.T.);
#2473=IFCPOLYLOOP((#2474,#2475,#2476,#2470,#2469,#2477,#2478,#2479));
#2474=IFCCARTESIANPOINT((12000.,5400.,0.));
#2475=IFCCARTESIANPOINT((12000.,5675.,0.));
#2476=IFCCARTESIANPOINT((12000.,5950.,0.));
#2477=IFCCARTESIANPOINT((12000.,5950.,400.));
#2478=IFCCARTESIANPOINT((12000.,5675.,400.));
#2479=IFCCARTESIANPOINT((12000.,5400.,400.));
#2480=IFCFACE((#2481));
#2481=IFCFACEOUTERBOUND(#2482,.T.);
#2482=IFCPOLYLOOP((#2348,#2347,#2483,#2484,#2485,#2474,#2479,#2486,#2487,#2488));
#2483=IFCCARTESIANPOINT((15672.556240740711,5400.,0.));
#2484=IFCCARTESIANPOINT((14620.329987147832,5400.,0.));
#2485=IFCCARTESIANPOINT((13310.164993573931,5400.,0.));
#2486=IFCCARTESIANPOINT((13310.164993573931,5400.,400.));
#2487=IFCCARTESIANPOINT((14620.329987147832,5400.,400.));
#2488=IFCCARTESIANPOINT((15672.556240740711,5400.,400.));
#2489=IFCFACE((#2490));
#2490=IFCFACEOUTERBOUND(#2491,.T.);
#2491=IFCPOLYLOOP((#2492,#2493,#2368));
#2492=IFCCARTESIANPOINT((13393.459687478186,1568.3607988156155,955.2785770499122));
#2493=IFCCARTESIANPOINT((12687.93838706827,1646.4191189235125,879.08102270698873));
#2494=IFCFACE((#2495));
#2495=IFCFACEOUTERBOUND(#2496,.T.);
#2496=IFCPOLYLOOP((#2497,#2498,#2499,#2500));
#2497=IFCCARTESIANPOINT((11745.464629125549,2285.8300559068275,713.16323709318613));
#2498=IFCCARTESIANPOINT((11223.570188385087,2806.5469495349407,621.83708903284059));
#2499=IFCCARTESIANPOINT((11083.408957029402,2338.3763981488992,661.88315513446423));
#2500=IFCCARTESIANPOINT((10911.785094192554,1765.1134657519324,710.9185445164203));
#2501=IFCFACE((#2502));
#2502=IFCFACEOUTERBOUND(#2503,.T.);
#2503=IFCPOLYLOOP((#2492,#2504,#2505));
#2504=IFCCARTESIANPOINT((14626.082310616572,1765.113451495763,1021.8370914717079));
#2505=IFCCARTESIANPOINT((14234.684482398017,2285.8300787969292,884.98588358260395));
#2506=IFCFACE((#2507));
#2507=IFCFACEOUTERBOUND(#2508,.T.);
#2508=IFCPOLYLOOP((#2509,#2510,#2511,#2512,#2498));
#2509=IFCCARTESIANPOINT((12139.411879738211,3279.4677107958923,615.34577497711734));
#2510=IFCCARTESIANPOINT((11611.785094192564,4103.2734747674403,510.9185445164203));
#2511=IFCCARTESIANPOINT((11516.591042970656,3785.3035838199658,538.11684486553622));
#2512=IFCCARTESIANPOINT((11300.,3061.839990984432,600.));
#2513=IFCFACE((#2514));
#2514=IFCFACEOUTERBOUND(#2515,.T.);
#2515=IFCPOLYLOOP((#2492,#2367,#2504));
#2516=IFCFACE((#2517));
#2517=IFCFACEOUTERBOUND(#2518,.T.);
#2518=IFCPOLYLOOP((#2519,#2520,#2521));
#2519=IFCCARTESIANPOINT((15227.38212689956,2806.5469210226156,843.67418294341587));
#2520=IFCCARTESIANPOINT((16123.482678050601,4358.5665304730737,578.16290852829297));
#2521=IFCCARTESIANPOINT((14647.324234457257,3622.6911692357853,666.27572936660226));
#2522=IFCFACE((#2523));
#2523=IFCFACEOUTERBOUND(#2524,.T.);
#2524=IFCPOLYLOOP((#2525,#2488,#2526));
#2525=IFCCARTESIANPOINT((15554.539271190491,4641.404045987636,519.25034513191395));
#2526=IFCCARTESIANPOINT((14731.015386469371,4542.5829656748356,522.18233582803623));
#2527=IFCFACE((#2528));
#2528=IFCFACEOUTERBOUND(#2529,.T.);
#2529=IFCPOLYLOOP((#2519,#2505,#2504));
#2530=IFCFACE((#2531));
#2531=IFCFACEOUTERBOUND(#2532,.T.);
#2532=IFCPOLYLOOP((#2521,#2533,#2534));
#2533=IFCCARTESIANPOINT((13904.708127574904,3770.3346904729124,617.47351338243152));
#2534=IFCCARTESIANPOINT((13486.826626280665,2413.4764873373706,811.63480708071347));
#2535=IFCFACE((#2536));
#2536=IFCFACEOUTERBOUND(#2537,.T.);
#2537=IFCPOLYLOOP((#2367,#2357,#2504));
#2538=IFCFACE((#2539));
#2539=IFCFACEOUTERBOUND(#2540,.T.);
#2540=IFCPOLYLOOP((#2505,#2521,#2534));
#2541=IFCFACE((#2542));
#2542=IFCFACEOUTERBOUND(#2543,.T.);
#2543=IFCPOLYLOOP((#2505,#2534,#2492));
#2544=IFCFACE((#2545));
#2545=IFCFACEOUTERBOUND(#2546,.T.);
#2546=IFCPOLYLOOP((#2488,#2487,#2526));
#2547=IFCFACE((#2548));
#2548=IFCFACEOUTERBOUND(#2549,.T.);
#2549=IFCPOLYLOOP((#2521,#2505,#2519));
#2550=IFCFACE((#2551));
#2551=IFCFACEOUTERBOUND(#2552,.T.);
#2552=IFCPOLYLOOP((#2533,#2526,#2553));
#2553=IFCCARTESIANPOINT((13876.175691049606,4578.4955636262257,503.43351633523343));
#2554=IFCFACE((#2555));
#2555=IFCFACEOUTERBOUND(#2556,.T.);
#2556=IFCPOLYLOOP((#2486,#2557,#2553));
#2557=IFCCARTESIANPOINT((13077.699839924884,4574.9627999698168,491.36731349467709));
#2558=IFCFACE((#2559));
#2559=IFCFACEOUTERBOUND(#2560,.T.);
#2560=IFCPOLYLOOP((#2497,#2509,#2498));
#2561=IFCFACE((#2562));
#2562=IFCFACEOUTERBOUND(#2563,.T.);
#2563=IFCPOLYLOOP((#2348,#2488,#2525));
#2564=IFCFACE((#2565));
#2565=IFCFACEOUTERBOUND(#2566,.T.);
#2566=IFCPOLYLOOP((#2526,#2487,#2553));
#2567=IFCFACE((#2568));
#2568=IFCFACEOUTERBOUND(#2569,.T.);
#2569=IFCPOLYLOOP((#2525,#2521,#2520));
#2570=IFCFACE((#2571));
#2571=IFCFACEOUTERBOUND(#2572,.T.);
#2572=IFCPOLYLOOP((#2493,#2492,#2534));
#2573=IFCFACE((#2574));
#2574=IFCFACEOUTERBOUND(#2575,.T.);
#2575=IFCPOLYLOOP((#2368,#2367,#2492));
#2576=IFCFACE((#2577));
#2577=IFCFACEOUTERBOUND(#2578,.T.);
#2578=IFCPOLYLOOP((#2534,#2533,#2579));
#2579=IFCCARTESIANPOINT((12636.159674100852,2654.0852358845814,721.33883665674693));
#2580=IFCFACE((#2581));
#2581=IFCFACEOUTERBOUND(#2582,.T.);
#2582=IFCPOLYLOOP((#2493,#2369,#2368));
#2583=IFCFACE((#2584));
#2584=IFCFACEOUTERBOUND(#2585,.T.);
#2585=IFCPOLYLOOP((#2493,#2534,#2579));
#2586=IFCFACE((#2587));
#2587=IFCFACEOUTERBOUND(#2588,.T.);
#2588=IFCPOLYLOOP((#2493,#2497,#2589));
#2589=IFCCARTESIANPOINT((11414.453080433159,1480.1037187074389,789.53397613041989));
#2590=IFCFACE((#2591));
#2591=IFCFACEOUTERBOUND(#2592,.T.);
#2592=IFCPOLYLOOP((#2589,#2497,#2500));
#2593=IFCFACE((#2594));
#2594=IFCFACEOUTERBOUND(#2595,.T.);
#2595=IFCPOLYLOOP((#2493,#2579,#2497));
#2596=IFCFACE((#2597));
#2597=IFCFACEOUTERBOUND(#2598,.T.);
#2598=IFCPOLYLOOP((#2362,#2369,#2589));
#2599=IFCFACE((#2600));
#2600=IFCFACEOUTERBOUND(#2601,.T.);
#2601=IFCPOLYLOOP((#2557,#2602,#2553));
#2602=IFCCARTESIANPOINT((13095.687417804747,3816.7116136117165,585.04573072179755));
#2603=IFCFACE((#2604));
#2604=IFCFACEOUTERBOUND(#2605,.T.);
#2605=IFCPOLYLOOP((#2509,#2579,#2602));
#2606=IFCFACE((#2607));
#2607=IFCFACEOUTERBOUND(#2608,.T.);
#2608=IFCPOLYLOOP((#2579,#2509,#2497));
#2609=IFCFACE((#2610));
#2610=IFCFACEOUTERBOUND(#2611,.T.);
#2611=IFCPOLYLOOP((#2509,#2602,#2557));
#2612=IFCFACE((#2613));
#2613=IFCFACEOUTERBOUND(#2614,.T.);
#2614=IFCPOLYLOOP((#2557,#2479,#2615,#2510));
#2615=IFCCARTESIANPOINT((11758.295521485348,4592.6517919099542,469.05842243276811));
#2616=IFCFACE((#2617));
#2617=IFCFACEOUTERBOUND(#2618,.T.);
#2618=IFCPOLYLOOP((#2486,#2553,#2487));
#2619=IFCFACE((#2620));
#2620=IFCFACEOUTERBOUND(#2621,.T.);
#2621=IFCPOLYLOOP((#2533,#2553,#2602));
#2622=IFCFACE((#2623));
#2623=IFCFACEOUTERBOUND(#2624,.T.);
#2624=IFCPOLYLOOP((#2533,#2602,#2579));
#2625=IFCFACE((#2626));
#2626=IFCFACEOUTERBOUND(#2627,.T.);
#2627=IFCPOLYLOOP((#2526,#2533,#2521));
#2628=IFCFACE((#2629));
#2629=IFCFACEOUTERBOUND(#2630,.T.);
#2630=IFCPOLYLOOP((#2479,#2557,#2486));
#2631=IFCFACE((#2632));
#2632=IFCFACEOUTERBOUND(#2633,.T.);
#2633=IFCPOLYLOOP((#2509,#2557,#2510));
#2634=IFCFACE((#2635));
#2635=IFCFACEOUTERBOUND(#2636,.T.);
#2636=IFCPOLYLOOP((#2589,#2500,#2637,#2362));
#2637=IFCCARTESIANPOINT((10841.704478514712,1531.0281900589116,730.94157756723234));
#2638=IFCFACE((#2639));
#2639=IFCFACEOUTERBOUND(#2640,.T.);
#2640=IFCPOLYLOOP((#2493,#2589,#2369));
#2641=IFCFACE((#2642));
#2642=IFCFACEOUTERBOUND(#2643,.T.);
#2643=IFCPOLYLOOP((#2521,#2525,#2526));
#2644=IFCFACE((#2645));
#2645=IFCFACEOUTERBOUND(#2646,.T.);
#2646=IFCPOLYLOOP((#2348,#2525,#2520));
#2647=IFCFACE((#2648));
#2648=IFCFACEOUTERBOUND(#2649,.T.);
#2649=IFCPOLYLOOP((#2365,#2650,#2651));
#2650=IFCCARTESIANPOINT((12687.93838706827,1646.4191189235116,479.08102270698873));
#2651=IFCCARTESIANPOINT((13393.459687478186,1568.3607988156155,555.27857704991311));
#2652=IFCFACE((#2653));
#2653=IFCFACEOUTERBOUND(#2654,.T.);
#2654=IFCPOLYLOOP((#2655,#2656,#2657,#2658));
#2655=IFCCARTESIANPOINT((11745.464629125549,2285.8300559068275,313.16323709318613));
#2656=IFCCARTESIANPOINT((10911.785094192554,1765.1134657519315,310.9185445164203));
#2657=IFCCARTESIANPOINT((11083.408957029402,2338.3763981488992,261.88315513446423));
#2658=IFCCARTESIANPOINT((11223.570188385087,2806.5469495349398,221.83708903284059));
#2659=IFCFACE((#2660));
#2660=IFCFACEOUTERBOUND(#2661,.T.);
#2661=IFCPOLYLOOP((#2662,#2663,#2651));
#2662=IFCCARTESIANPOINT((14234.684482398017,2285.8300787969292,484.98588358260395));
#2663=IFCCARTESIANPOINT((14626.082310616572,1765.113451495763,621.83709147170794));
#2664=IFCFACE((#2665));
#2665=IFCFACEOUTERBOUND(#2666,.T.);
#2666=IFCPOLYLOOP((#2667,#2658,#2668,#2669,#2670));
#2667=IFCCARTESIANPOINT((12139.411879738211,3279.4677107958914,215.34577497711734));
#2668=IFCCARTESIANPOINT((11300.,3061.839990984432,200.));
#2669=IFCCARTESIANPOINT((11516.591042970656,3785.3035838199658,138.11684486553622));
#2670=IFCCARTESIANPOINT((11611.785094192563,4103.2734747674403,110.9185445164203));
#2671=IFCFACE((#2672));
#2672=IFCFACEOUTERBOUND(#2673,.T.);
#2673=IFCPOLYLOOP((#2663,#2366,#2651));
#2674=IFCFACE((#2675));
#2675=IFCFACEOUTERBOUND(#2676,.T.);
#2676=IFCPOLYLOOP((#2677,#2678,#2679));
#2677=IFCCARTESIANPOINT((14647.324234457257,3622.6911692357853,266.27572936660226));
#2678=IFCCARTESIANPOINT((16123.482678050601,4358.5665304730737,178.16290852829297));
#2679=IFCCARTESIANPOINT((15227.382126899558,2806.5469210226156,443.67418294341587));
#2680=IFCFACE((#2681));
#2681=IFCFACEOUTERBOUND(#2682,.T.);
#2682=IFCPOLYLOOP((#2683,#2483,#2684));
#2683=IFCCARTESIANPOINT((14731.015386469371,4542.5829656748356,122.18233582803578));
#2684=IFCCARTESIANPOINT((15554.539271190491,4641.404045987636,119.25034513191395));
#2685=IFCFACE((#2686));
#2686=IFCFACEOUTERBOUND(#2687,.T.);
#2687=IFCPOLYLOOP((#2663,#2662,#2679));
#2688=IFCFACE((#2689));
#2689=IFCFACEOUTERBOUND(#2690,.T.);
#2690=IFCPOLYLOOP((#2691,#2692,#2677));
#2691=IFCCARTESIANPOINT((13486.826626280665,2413.4764873373706,411.63480708071347));
#2692=IFCCARTESIANPOINT((13904.708127574904,3770.3346904729115,217.47351338243152));
#2693=IFCFACE((#2694));
#2694=IFCFACEOUTERBOUND(#2695,.T.);
#2695=IFCPOLYLOOP((#2663,#2358,#2366));
#2696=IFCFACE((#2697));
#2697=IFCFACEOUTERBOUND(#2698,.T.);
#2698=IFCPOLYLOOP((#2691,#2677,#2662));
#2699=IFCFACE((#2700));
#2700=IFCFACEOUTERBOUND(#2701,.T.);
#2701=IFCPOLYLOOP((#2651,#2691,#2662));
#2702=IFCFACE((#2703));
#2703=IFCFACEOUTERBOUND(#2704,.T.);
#2704=IFCPOLYLOOP((#2683,#2484,#2483));
#2705=IFCFACE((#2706));
#2706=IFCFACEOUTERBOUND(#2707,.T.);
#2707=IFCPOLYLOOP((#2679,#2662,#2677));
#2708=IFCFACE((#2709));
#2709=IFCFACEOUTERBOUND(#2710,.T.);
#2710=IFCPOLYLOOP((#2711,#2683,#2692));
#2711=IFCCARTESIANPOINT((13876.175691049606,4578.4955636262257,103.43351633523343));
#2712=IFCFACE((#2713));
#2713=IFCFACEOUTERBOUND(#2714,.T.);
#2714=IFCPOLYLOOP((#2711,#2715,#2485));
#2715=IFCCARTESIANPOINT((13077.699839924884,4574.9627999698168,91.367313494677092));
#2716=IFCFACE((#2717));
#2717=IFCFACEOUTERBOUND(#2718,.T.);
#2718=IFCPOLYLOOP((#2658,#2667,#2655));
#2719=IFCFACE((#2720));
#2720=IFCFACEOUTERBOUND(#2721,.T.);
#2721=IFCPOLYLOOP((#2684,#2483,#2347));
#2722=IFCFACE((#2723));
#2723=IFCFACEOUTERBOUND(#2724,.T.);
#2724=IFCPOLYLOOP((#2711,#2484,#2683));
#2725=IFCFACE((#2726));
#2726=IFCFACEOUTERBOUND(#2727,.T.);
#2727=IFCPOLYLOOP((#2678,#2677,#2684));
#2728=IFCFACE((#2729));
#2729=IFCFACEOUTERBOUND(#2730,.T.);
#2730=IFCPOLYLOOP((#2691,#2651,#2650));
#2731=IFCFACE((#2732));
#2732=IFCFACEOUTERBOUND(#2733,.T.);
#2733=IFCPOLYLOOP((#2651,#2366,#2365));
#2734=IFCFACE((#2735));
#2735=IFCFACEOUTERBOUND(#2736,.T.);
#2736=IFCPOLYLOOP((#2737,#2692,#2691));
#2737=IFCCARTESIANPOINT((12636.159674100852,2654.0852358845814,321.33883665674603));
#2738=IFCFACE((#2739));
#2739=IFCFACEOUTERBOUND(#2740,.T.);
#2740=IFCPOLYLOOP((#2365,#2364,#2650));
#2741=IFCFACE((#2742));
#2742=IFCFACEOUTERBOUND(#2743,.T.);
#2743=IFCPOLYLOOP((#2737,#2691,#2650));
#2744=IFCFACE((#2745));
#2745=IFCFACEOUTERBOUND(#2746,.T.);
#2746=IFCPOLYLOOP((#2747,#2655,#2650));
#2747=IFCCARTESIANPOINT((11414.453080433159,1480.1037187074389,389.53397613041989));
#2748=IFCFACE((#2749));
#2749=IFCFACEOUTERBOUND(#2750,.T.);
#2750=IFCPOLYLOOP((#2656,#2655,#2747));
#2751=IFCFACE((#2752));
#2752=IFCFACEOUTERBOUND(#2753,.T.);
#2753=IFCPOLYLOOP((#2655,#2737,#2650));
#2754=IFCFACE((#2755));
#2755=IFCFACEOUTERBOUND(#2756,.T.);
#2756=IFCPOLYLOOP((#2747,#2364,#2363));
#2757=IFCFACE((#2758));
#2758=IFCFACEOUTERBOUND(#2759,.T.);
#2759=IFCPOLYLOOP((#2711,#2760,#2715));
#2760=IFCCARTESIANPOINT((13095.687417804747,3816.7116136117165,185.04573072179755));
#2761=IFCFACE((#2762));
#2762=IFCFACEOUTERBOUND(#2763,.T.);
#2763=IFCPOLYLOOP((#2760,#2737,#2667));
#2764=IFCFACE((#2765));
#2765=IFCFACEOUTERBOUND(#2766,.T.);
#2766=IFCPOLYLOOP((#2655,#2667,#2737));
#2767=IFCFACE((#2768));
#2768=IFCFACEOUTERBOUND(#2769,.T.);
#2769=IFCPOLYLOOP((#2715,#2760,#2667));
#2770=IFCFACE((#2771));
#2771=IFCFACEOUTERBOUND(#2772,.T.);
#2772=IFCPOLYLOOP((#2715,#2670,#2773,#2474));
#2773=IFCCARTESIANPOINT((11758.295521485348,4592.6517919099542,69.058422432768111));
#2774=IFCFACE((#2775));
#2775=IFCFACEOUTERBOUND(#2776,.T.);
#2776=IFCPOLYLOOP((#2484,#2711,#2485));
#2777=IFCFACE((#2778));
#2778=IFCFACEOUTERBOUND(#2779,.T.);
#2779=IFCPOLYLOOP((#2760,#2711,#2692));
#2780=IFCFACE((#2781));
#2781=IFCFACEOUTERBOUND(#2782,.T.);
#2782=IFCPOLYLOOP((#2737,#2760,#2692));
#2783=IFCFACE((#2784));
#2784=IFCFACEOUTERBOUND(#2785,.T.);
#2785=IFCPOLYLOOP((#2677,#2692,#2683));
#2786=IFCFACE((#2787));
#2787=IFCFACEOUTERBOUND(#2788,.T.);
#2788=IFCPOLYLOOP((#2485,#2715,#2474));
#2789=IFCFACE((#2790));
#2790=IFCFACEOUTERBOUND(#2791,.T.);
#2791=IFCPOLYLOOP((#2670,#2715,#2667));
#2792=IFCFACE((#2793));
#2793=IFCFACEOUTERBOUND(#2794,.T.);
#2794=IFCPOLYLOOP((#2747,#2363,#2795,#2656));
#2795=IFCCARTESIANPOINT((10841.704478514712,1531.0281900589116,330.94157756723234));
#2796=IFCFACE((#2797));
#2797=IFCFACEOUTERBOUND(#2798,.T.);
#2798=IFCPOLYLOOP((#2364,#2747,#2650));
#2799=IFCFACE((#2800));
#2800=IFCFACEOUTERBOUND(#2801,.T.);
#2801=IFCPOLYLOOP((#2683,#2684,#2677));
#2802=IFCFACE((#2803));
#2803=IFCFACEOUTERBOUND(#2804,.T.);
#2804=IFCPOLYLOOP((#2678,#2684,#2347));
#2805=IFCFACE((#2806));
#2806=IFCFACEOUTERBOUND(#2807,.T.);
#2807=IFCPOLYLOOP((#2415,#2464,#2460,#2808,#2809,#2810,#2811,#2812,#2813,#2814,#2815,#2420));
#2808=IFCCARTESIANPOINT((266.52522238179426,47.941494440394308,478.22363819760449));
#2809=IFCCARTESIANPOINT((533.05044476358853,95.882988880778612,556.44727639520897));
#2810=IFCCARTESIANPOINT((829.83795328566703,149.26794270478968,643.55272360479103));
#2811=IFCCARTESIANPOINT((1244.7569299284978,223.90191405717815,765.32908540718654));
#2812=IFCCARTESIANPOINT((1659.6759065713322,298.53588540956753,887.10544720958205));
#2813=IFCCARTESIANPOINT((1926.2011289531256,346.47737984995092,965.32908540718745));
#2814=IFCCARTESIANPOINT((2192.7263513349199,394.41887429033432,1043.5527236047915));
#2815=IFCCARTESIANPOINT((2459.2515737167141,442.3603687307168,1121.7763618023964));
#2816=IFCFACE((#2817));
#2817=IFCFACEOUTERBOUND(#2818,.T.);
#2818=IFCPOLYLOOP((#2,#2465,#2416,#2421,#2819,#2820,#2821,#2822,#2823,#2824,#2825,#2826));
#2819=IFCCARTESIANPOINT((2459.2515737167141,442.36036873071771,721.77636180239551));
#2820=IFCCARTESIANPOINT((2192.7263513349199,394.41887429033341,643.55272360479103));
#2821=IFCCARTESIANPOINT((1926.2011289531256,346.47737984995092,565.32908540718654));
#2822=IFCCARTESIANPOINT((1659.6759065713313,298.53588540956753,487.10544720958205));
#2823=IFCCARTESIANPOINT((1244.7569299284978,223.90191405717815,365.32908540718654));
#2824=IFCCARTESIANPOINT((829.83795328566703,149.26794270478968,243.55272360479103));
#2825=IFCCARTESIANPOINT((533.05044476358853,95.882988880777702,156.44727639520897));
#2826=IFCCARTESIANPOINT((266.52522238179426,47.941494440394308,78.223638197604487));
#2827=IFCFACE((#2828));
#2828=IFCFACEOUTERBOUND(#2829,.T.);
#2829=IFCPOLYLOOP((#2830,#2831,#2832));
#2830=IFCCARTESIANPOINT((2931.2121050920505,373.53906891919723,704.74212761443778));
#2831=IFCCARTESIANPOINT((2802.7057494279379,309.34501757958697,640.17196712628993));
#2832=IFCCARTESIANPOINT((3008.1831379593323,313.7892228241144,595.03384214974039));
#2833=IFCFACE((#2834));
#2834=IFCFACEOUTERBOUND(#2835,.T.);
#2835=IFCPOLYLOOP((#2836,#2837,#2838));
#2836=IFCCARTESIANPOINT((3417.2321401783302,381.6952701582868,537.9545126523426));
#2837=IFCCARTESIANPOINT((3388.2629434762594,439.72396642200874,612.65281319834094));
#2838=IFCCARTESIANPOINT((3179.4607817677688,378.77310756493807,623.04230809005003));
#2839=IFCFACE((#2840));
#2840=IFCFACEOUTERBOUND(#2841,.T.);
#2841=IFCPOLYLOOP((#2842,#2843,#2844));
#2842=IFCCARTESIANPOINT((2258.0324450383687,264.69229602170799,685.10712969524411));
#2843=IFCCARTESIANPOINT((2171.797185603511,220.19011347069591,626.3610138626882));
#2844=IFCCARTESIANPOINT((2518.8906078947366,282.16341361207651,663.07234780359204));
#2845=IFCFACE((#2846));
#2846=IFCFACEOUTERBOUND(#2847,.T.);
#2847=IFCPOLYLOOP((#2848,#2836,#2849));
#2848=IFCCARTESIANPOINT((3507.2987175223561,321.74530639909244,473.20423712245019));
#2849=IFCCARTESIANPOINT((3211.8040377448833,320.84766003086952,550.08568199157116));
#2850=IFCFACE((#2851));
#2851=IFCFACEOUTERBOUND(#2852,.T.);
#2852=IFCPOLYLOOP((#2853,#2854,#2438));
#2853=IFCCARTESIANPOINT((2983.2760386880746,428.19456855057251,798.979599819756));
#2854=IFCCARTESIANPOINT((3174.4118065128896,430.43755351082746,708.28023303682448));
#2855=IFCFACE((#2856));
#2856=IFCFACEOUTERBOUND(#2857,.T.);
#2857=IFCPOLYLOOP((#2858,#2859,#2860));
#2858=IFCCARTESIANPOINT((2534.8749168445838,159.85346868309898,512.61851372391448));
#2859=IFCCARTESIANPOINT((2269.3613158772569,115.30854822833589,490.72406285993247));
#2860=IFCCARTESIANPOINT((2713.6766184555017,132.30559552960312,475.87630002699598));
#2861=IFCFACE((#2862));
#2862=IFCFACEOUTERBOUND(#2863,.T.);
#2863=IFCPOLYLOOP((#2864,#2865,#2866));
#2864=IFCCARTESIANPOINT((1202.3753493720833,62.00792064496909,475.95815612391789));
#2865=IFCCARTESIANPOINT((1268.4926920844655,122.57546331401318,562.17875908701626));
#2866=IFCCARTESIANPOINT((698.38510215252427,55.18668031886773,479.91005184911637));
#2867=IFCFACE((#2868));
#2868=IFCFACEOUTERBOUND(#2869,.T.);
#2869=IFCPOLYLOOP((#2870,#2434,#2815));
#2870=IFCCARTESIANPOINT((2451.240548861977,418.38962724611065,1024.0911099393034));
#2871=IFCFACE((#2872));
#2872=IFCFACEOUTERBOUND(#2873,.T.);
#2873=IFCPOLYLOOP((#2859,#2874,#2875));
#2874=IFCCARTESIANPOINT((1823.2846331490628,64.904689482760659,460.68154657711239));
#2875=IFCCARTESIANPOINT((2099.0103511856987,47.807310255826451,437.37948766646014));
#2876=IFCFACE((#2877));
#2877=IFCFACEOUTERBOUND(#2878,.T.);
#2878=IFCPOLYLOOP((#2830,#2854,#2853));
#2879=IFCFACE((#2880));
#2880=IFCFACEOUTERBOUND(#2881,.T.);
#2881=IFCPOLYLOOP((#2830,#2832,#2838));
#2882=IFCFACE((#2883));
#2883=IFCFACEOUTERBOUND(#2884,.T.);
#2884=IFCPOLYLOOP((#2885,#2437,#2436,#2435));
#2885=IFCCARTESIANPOINT((2847.6099569635235,442.1662271288069,909.82762462585424));
#2886=IFCFACE((#2887));
#2887=IFCFACEOUTERBOUND(#2888,.T.);
#2888=IFCPOLYLOOP((#2889,#2890,#2891));
#2889=IFCCARTESIANPOINT((2328.3589696935778,178.6947824475883,552.17857663723726));
#2890=IFCCARTESIANPOINT((2762.4083423173088,201.86633156042444,526.5510405459504));
#2891=IFCCARTESIANPOINT((2574.3325397687877,245.15095808177193,600.00004323614348));
#2892=IFCFACE((#2893));
#2893=IFCFACEOUTERBOUND(#2894,.T.);
#2894=IFCPOLYLOOP((#2895,#2891,#2890));
#2895=IFCCARTESIANPOINT((2924.8777356241781,267.16339490055998,563.12893721942419));
#2896=IFCFACE((#2897));
#2897=IFCFACEOUTERBOUND(#2898,.T.);
#2898=IFCPOLYLOOP((#2406,#2899,#2848));
#2899=IFCCARTESIANPOINT((3606.3319305348869,391.98337642623483,471.4364698010495));
#2900=IFCFACE((#2901));
#2901=IFCFACEOUTERBOUND(#2902,.T.);
#2902=IFCPOLYLOOP((#2903,#2904,#2905));
#2903=IFCCARTESIANPOINT((2490.535553241476,381.69526564111584,884.83777133538706));
#2904=IFCCARTESIANPOINT((2113.6830718648389,346.4773875197734,908.33277458808789));
#2905=IFCCARTESIANPOINT((2218.6798936831538,324.5217279245835,818.73791110910452));
#2906=IFCFACE((#2907));
#2907=IFCFACEOUTERBOUND(#2908,.T.);
#2908=IFCPOLYLOOP((#2909,#2910,#2865));
#2909=IFCCARTESIANPOINT((1719.0389182162417,174.32760363211219,608.71292863220106));
#2910=IFCCARTESIANPOINT((1416.2518101027063,186.56564860730941,662.42789882001671));
#2911=IFCFACE((#2912));
#2912=IFCFACEOUTERBOUND(#2913,.T.);
#2913=IFCPOLYLOOP((#2914,#2890,#2915));
#2914=IFCCARTESIANPOINT((3211.6312779995369,255.57773076277408,501.24058502653816));
#2915=IFCCARTESIANPOINT((3121.9591063293738,181.64749065085016,470.87554254474571));
#2916=IFCFACE((#2917));
#2917=IFCFACEOUTERBOUND(#2918,.T.);
#2918=IFCPOLYLOOP((#2919,#2392,#2411));
#2919=IFCCARTESIANPOINT((3322.043077430907,43.686328058685831,409.3299824177725));
#2920=IFCFACE((#2921));
#2921=IFCFACEOUTERBOUND(#2922,.T.);
#2922=IFCPOLYLOOP((#2891,#2843,#2889));
#2923=IFCFACE((#2924));
#2924=IFCFACEOUTERBOUND(#2925,.T.);
#2925=IFCPOLYLOOP((#2408,#2926,#2927));
#2926=IFCCARTESIANPOINT((3447.0284909327493,219.90110595140141,447.41742936886067));
#2927=IFCCARTESIANPOINT((3427.9170879699359,158.85266489255446,431.95497842793566));
#2928=IFCFACE((#2929));
#2929=IFCFACEOUTERBOUND(#2930,.T.);
#2930=IFCPOLYLOOP((#2409,#2408,#2927,#2410));
#2931=IFCFACE((#2932));
#2932=IFCFACEOUTERBOUND(#2933,.T.);
#2933=IFCPOLYLOOP((#2909,#2843,#2934));
#2934=IFCCARTESIANPOINT((1893.6532783253706,236.48160557708525,695.451155363412));
#2935=IFCFACE((#2936));
#2936=IFCFACEOUTERBOUND(#2937,.T.);
#2937=IFCPOLYLOOP((#2809,#2938,#2810));
#2938=IFCCARTESIANPOINT((950.64173348921486,122.57546500089575,582.656654956681));
#2939=IFCFACE((#2940));
#2940=IFCFACEOUTERBOUND(#2941,.T.);
#2941=IFCPOLYLOOP((#2905,#2904,#2942));
#2942=IFCCARTESIANPOINT((1856.9096349447136,281.1627514809843,798.11511111205937));
#2943=IFCFACE((#2944));
#2944=IFCFACEOUTERBOUND(#2945,.T.);
#2945=IFCPOLYLOOP((#2938,#2865,#2910));
#2946=IFCFACE((#2947));
#2947=IFCFACEOUTERBOUND(#2948,.T.);
#2948=IFCPOLYLOOP((#2938,#2866,#2865));
#2949=IFCFACE((#2950));
#2950=IFCFACEOUTERBOUND(#2951,.T.);
#2951=IFCPOLYLOOP((#2952,#2865,#2864));
#2952=IFCCARTESIANPOINT((1527.0417403245883,109.08925275021738,526.4564972149542));
#2953=IFCFACE((#2954));
#2954=IFCFACEOUTERBOUND(#2955,.T.);
#2955=IFCPOLYLOOP((#2808,#2459,#2866));
#2956=IFCFACE((#2957));
#2957=IFCFACEOUTERBOUND(#2958,.T.);
#2958=IFCPOLYLOOP((#2910,#2909,#2934));
#2959=IFCFACE((#2960));
#2960=IFCFACEOUTERBOUND(#2961,.T.);
#2961=IFCPOLYLOOP((#2866,#2938,#2809));
#2962=IFCFACE((#2963));
#2963=IFCFACEOUTERBOUND(#2964,.T.);
#2964=IFCPOLYLOOP((#2811,#2910,#2965));
#2965=IFCCARTESIANPOINT((1547.7810327689322,233.36383842776831,742.44910535724921));
#2966=IFCFACE((#2967));
#2967=IFCFACEOUTERBOUND(#2968,.T.);
#2968=IFCPOLYLOOP((#2866,#2809,#2808));
#2969=IFCFACE((#2970));
#2970=IFCFACEOUTERBOUND(#2971,.T.);
#2971=IFCPOLYLOOP((#2938,#2910,#2810));
#2972=IFCFACE((#2973));
#2973=IFCFACEOUTERBOUND(#2974,.T.);
#2974=IFCPOLYLOOP((#2866,#2458,#2864));
#2975=IFCFACE((#2976));
#2976=IFCFACEOUTERBOUND(#2977,.T.);
#2977=IFCPOLYLOOP((#2965,#2934,#2942));
#2978=IFCFACE((#2979));
#2979=IFCFACEOUTERBOUND(#2980,.T.);
#2980=IFCPOLYLOOP((#2810,#2910,#2811));
#2981=IFCFACE((#2982));
#2982=IFCFACEOUTERBOUND(#2983,.T.);
#2983=IFCPOLYLOOP((#2984,#2456,#2874));
#2984=IFCCARTESIANPOINT((1541.3504214398099,71.515745265826808,477.2974744273115));
#2985=IFCFACE((#2986));
#2986=IFCFACEOUTERBOUND(#2987,.T.);
#2987=IFCPOLYLOOP((#2457,#2456,#2984));
#2988=IFCFACE((#2989));
#2989=IFCFACEOUTERBOUND(#2990,.T.);
#2990=IFCPOLYLOOP((#2952,#2909,#2865));
#2991=IFCFACE((#2992));
#2992=IFCFACEOUTERBOUND(#2993,.T.);
#2993=IFCPOLYLOOP((#2889,#2843,#2994));
#2994=IFCCARTESIANPOINT((1984.5888561626234,173.91015701836659,581.31097041954399));
#2995=IFCFACE((#2996));
#2996=IFCFACEOUTERBOUND(#2997,.T.);
#2997=IFCPOLYLOOP((#2994,#2843,#2909));
#2998=IFCFACE((#2999));
#2999=IFCFACEOUTERBOUND(#3000,.T.);
#3000=IFCPOLYLOOP((#3001,#2844,#2831));
#3001=IFCCARTESIANPOINT((2692.9595010396033,333.01328113885575,706.96088479826358));
#3002=IFCFACE((#3003));
#3003=IFCFACEOUTERBOUND(#3004,.T.);
#3004=IFCPOLYLOOP((#2844,#2843,#2891));
#3005=IFCFACE((#3006));
#3006=IFCFACEOUTERBOUND(#3007,.T.);
#3007=IFCPOLYLOOP((#3008,#2830,#2853));
#3008=IFCCARTESIANPOINT((2709.3416756329552,372.23144529104684,780.89838605256318));
#3009=IFCFACE((#3010));
#3010=IFCFACEOUTERBOUND(#3011,.T.);
#3011=IFCPOLYLOOP((#2859,#2889,#3012));
#3012=IFCCARTESIANPOINT((1899.9549767602084,128.99253818961552,529.34309609357842));
#3013=IFCFACE((#3014));
#3014=IFCFACEOUTERBOUND(#3015,.T.);
#3015=IFCPOLYLOOP((#2890,#2858,#2860));
#3016=IFCFACE((#3017));
#3017=IFCFACEOUTERBOUND(#3018,.T.);
#3018=IFCPOLYLOOP((#2915,#2890,#2860));
#3019=IFCFACE((#3020));
#3020=IFCFACEOUTERBOUND(#3021,.T.);
#3021=IFCPOLYLOOP((#2895,#2890,#2914));
#3022=IFCFACE((#3023));
#3023=IFCFACEOUTERBOUND(#3024,.T.);
#3024=IFCPOLYLOOP((#2392,#2919,#2453));
#3025=IFCFACE((#3026));
#3026=IFCFACEOUTERBOUND(#3027,.T.);
#3027=IFCPOLYLOOP((#2915,#2926,#2914));
#3028=IFCFACE((#3029));
#3029=IFCFACEOUTERBOUND(#3030,.T.);
#3030=IFCPOLYLOOP((#3031,#3032,#3033));
#3031=IFCCARTESIANPOINT((3135.3087166783989,131.49085001654566,445.68458199249199));
#3032=IFCCARTESIANPOINT((2861.4104366248212,85.642605460713639,439.02810936508604));
#3033=IFCCARTESIANPOINT((3240.7269066301487,85.449832628358308,422.95357714641341));
#3034=IFCFACE((#3035));
#3035=IFCFACEOUTERBOUND(#3036,.T.);
#3036=IFCPOLYLOOP((#2919,#3037,#2453));
#3037=IFCCARTESIANPOINT((2994.3245295646539,40.495474109190582,414.68685321882367));
#3038=IFCFACE((#3039));
#3039=IFCFACEOUTERBOUND(#3040,.T.);
#3040=IFCPOLYLOOP((#3012,#2874,#2859));
#3041=IFCFACE((#3042));
#3042=IFCFACEOUTERBOUND(#3043,.T.);
#3043=IFCPOLYLOOP((#3044,#2407,#2848));
#3044=IFCCARTESIANPOINT((3566.1594664647946,271.49969235803655,442.73785946960334));
#3045=IFCFACE((#3046));
#3046=IFCFACEOUTERBOUND(#3047,.T.);
#3047=IFCPOLYLOOP((#2455,#3048,#2875));
#3048=IFCCARTESIANPOINT((2466.4686405027378,62.229035322549862,438.94303863939967));
#3049=IFCFACE((#3050));
#3050=IFCFACEOUTERBOUND(#3051,.T.);
#3051=IFCPOLYLOOP((#2859,#3048,#2860));
#3052=IFCFACE((#3053));
#3053=IFCFACEOUTERBOUND(#3054,.T.);
#3054=IFCPOLYLOOP((#2455,#2454,#3048));
#3055=IFCFACE((#3056));
#3056=IFCFACEOUTERBOUND(#3057,.T.);
#3057=IFCPOLYLOOP((#3048,#2454,#3037));
#3058=IFCFACE((#3059));
#3059=IFCFACEOUTERBOUND(#3060,.T.);
#3060=IFCPOLYLOOP((#3012,#2952,#2984));
#3061=IFCFACE((#3062));
#3062=IFCFACEOUTERBOUND(#3063,.T.);
#3063=IFCPOLYLOOP((#2875,#2456,#2455));
#3064=IFCFACE((#3065));
#3065=IFCFACEOUTERBOUND(#3066,.T.);
#3066=IFCPOLYLOOP((#2849,#2895,#2914));
#3067=IFCFACE((#3068));
#3068=IFCFACEOUTERBOUND(#3069,.T.);
#3069=IFCPOLYLOOP((#2831,#2891,#2895));
#3070=IFCFACE((#3071));
#3071=IFCFACEOUTERBOUND(#3072,.T.);
#3072=IFCPOLYLOOP((#3044,#2914,#2926));
#3073=IFCFACE((#3074));
#3074=IFCFACEOUTERBOUND(#3075,.T.);
#3075=IFCPOLYLOOP((#2849,#2836,#2838));
#3076=IFCFACE((#3077));
#3077=IFCFACEOUTERBOUND(#3078,.T.);
#3078=IFCPOLYLOOP((#2914,#2848,#2849));
#3079=IFCFACE((#3080));
#3080=IFCFACEOUTERBOUND(#3081,.T.);
#3081=IFCPOLYLOOP((#2405,#3082,#2899));
#3082=IFCCARTESIANPOINT((3662.1714752681983,435.72687172647693,464.45455073490984));
#3083=IFCFACE((#3084));
#3084=IFCFACEOUTERBOUND(#3085,.T.);
#3085=IFCPOLYLOOP((#2405,#2899,#2406));
#3086=IFCFACE((#3087));
#3087=IFCFACEOUTERBOUND(#3088,.T.);
#3088=IFCPOLYLOOP((#2832,#2831,#2895));
#3089=IFCFACE((#3090));
#3090=IFCFACEOUTERBOUND(#3091,.T.);
#3091=IFCPOLYLOOP((#2830,#3008,#3001));
#3092=IFCFACE((#3093));
#3093=IFCFACEOUTERBOUND(#3094,.T.);
#3094=IFCPOLYLOOP((#2441,#2837,#3095));
#3095=IFCCARTESIANPOINT((3535.9921259776311,434.49096939751598,529.23063689527635));
#3096=IFCFACE((#3097));
#3097=IFCFACEOUTERBOUND(#3098,.T.);
#3098=IFCPOLYLOOP((#2854,#2830,#2838));
#3099=IFCFACE((#3100));
#3100=IFCFACEOUTERBOUND(#3101,.T.);
#3101=IFCPOLYLOOP((#3095,#2837,#2836));
#3102=IFCFACE((#3103));
#3103=IFCFACEOUTERBOUND(#3104,.T.);
#3104=IFCPOLYLOOP((#2854,#2837,#2439));
#3105=IFCFACE((#3106));
#3106=IFCFACEOUTERBOUND(#3107,.T.);
#3107=IFCPOLYLOOP((#2837,#2441,#2440,#2439));
#3108=IFCFACE((#3109));
#3109=IFCFACEOUTERBOUND(#3110,.T.);
#3110=IFCPOLYLOOP((#2837,#2854,#2838));
#3111=IFCFACE((#3112));
#3112=IFCFACEOUTERBOUND(#3113,.T.);
#3113=IFCPOLYLOOP((#2438,#2437,#2853));
#3114=IFCFACE((#3115));
#3115=IFCFACEOUTERBOUND(#3116,.T.);
#3116=IFCPOLYLOOP((#2437,#2885,#2853));
#3117=IFCFACE((#3118));
#3118=IFCFACEOUTERBOUND(#3119,.T.);
#3119=IFCPOLYLOOP((#3008,#3120,#3001));
#3120=IFCCARTESIANPOINT((2437.8339540661318,311.53898425025091,733.61817722616479));
#3121=IFCFACE((#3122));
#3122=IFCFACEOUTERBOUND(#3123,.T.);
#3123=IFCPOLYLOOP((#3124,#2885,#2435));
#3124=IFCCARTESIANPOINT((2660.0269275217943,434.30587236651354,981.74215970524301));
#3125=IFCFACE((#3126));
#3126=IFCFACEOUTERBOUND(#3127,.T.);
#3127=IFCPOLYLOOP((#3124,#2903,#2885));
#3128=IFCFACE((#3129));
#3129=IFCFACEOUTERBOUND(#3130,.T.);
#3130=IFCPOLYLOOP((#2904,#2814,#2813,#2812));
#3131=IFCFACE((#3132));
#3132=IFCFACEOUTERBOUND(#3133,.T.);
#3133=IFCPOLYLOOP((#3008,#2885,#2903));
#3134=IFCFACE((#3135));
#3135=IFCFACEOUTERBOUND(#3136,.T.);
#3136=IFCPOLYLOOP((#2885,#3008,#2853));
#3137=IFCFACE((#3138));
#3138=IFCFACEOUTERBOUND(#3139,.T.);
#3139=IFCPOLYLOOP((#2903,#3120,#3008));
#3140=IFCFACE((#3141));
#3141=IFCFACEOUTERBOUND(#3142,.T.);
#3142=IFCPOLYLOOP((#2942,#2904,#2812));
#3143=IFCFACE((#3144));
#3144=IFCFACEOUTERBOUND(#3145,.T.);
#3145=IFCPOLYLOOP((#2870,#2903,#3124));
#3146=IFCFACE((#3147));
#3147=IFCFACEOUTERBOUND(#3148,.T.);
#3148=IFCPOLYLOOP((#2965,#2812,#2811));
#3149=IFCFACE((#3150));
#3150=IFCFACEOUTERBOUND(#3151,.T.);
#3151=IFCPOLYLOOP((#3152,#2905,#2942));
#3152=IFCCARTESIANPOINT((2055.8743248294222,280.57719936920148,755.78444578493236));
#3153=IFCFACE((#3154));
#3154=IFCFACEOUTERBOUND(#3155,.T.);
#3155=IFCPOLYLOOP((#2926,#2915,#2927));
#3156=IFCFACE((#3157));
#3157=IFCFACEOUTERBOUND(#3158,.T.);
#3158=IFCPOLYLOOP((#2408,#2407,#3044));
#3159=IFCFACE((#3160));
#3160=IFCFACEOUTERBOUND(#3161,.T.);
#3161=IFCPOLYLOOP((#3031,#2927,#2915));
#3162=IFCFACE((#3163));
#3163=IFCFACEOUTERBOUND(#3164,.T.);
#3164=IFCPOLYLOOP((#3031,#3033,#2927));
#3165=IFCFACE((#3166));
#3166=IFCFACEOUTERBOUND(#3167,.T.);
#3167=IFCPOLYLOOP((#2854,#2439,#2438));
#3168=IFCFACE((#3169));
#3169=IFCFACEOUTERBOUND(#3170,.T.);
#3170=IFCPOLYLOOP((#3152,#2942,#2934));
#3171=IFCFACE((#3172));
#3172=IFCFACEOUTERBOUND(#3173,.T.);
#3173=IFCPOLYLOOP((#3120,#2903,#2905));
#3174=IFCFACE((#3175));
#3175=IFCFACEOUTERBOUND(#3176,.T.);
#3176=IFCPOLYLOOP((#2915,#2860,#3031));
#3177=IFCFACE((#3178));
#3178=IFCFACEOUTERBOUND(#3179,.T.);
#3179=IFCPOLYLOOP((#3032,#2860,#3048));
#3180=IFCFACE((#3181));
#3181=IFCFACEOUTERBOUND(#3182,.T.);
#3182=IFCPOLYLOOP((#2860,#3032,#3031));
#3183=IFCFACE((#3184));
#3184=IFCFACEOUTERBOUND(#3185,.T.);
#3185=IFCPOLYLOOP((#3037,#3033,#3032));
#3186=IFCFACE((#3187));
#3187=IFCFACEOUTERBOUND(#3188,.T.);
#3188=IFCPOLYLOOP((#3048,#3037,#3032));
#3189=IFCFACE((#3190));
#3190=IFCFACEOUTERBOUND(#3191,.T.);
#3191=IFCPOLYLOOP((#2919,#3033,#3037));
#3192=IFCFACE((#3193));
#3193=IFCFACEOUTERBOUND(#3194,.T.);
#3194=IFCPOLYLOOP((#3033,#2411,#2410));
#3195=IFCFACE((#3196));
#3196=IFCFACEOUTERBOUND(#3197,.T.);
#3197=IFCPOLYLOOP((#2454,#2453,#3037));
#3198=IFCFACE((#3199));
#3199=IFCFACEOUTERBOUND(#3200,.T.);
#3200=IFCPOLYLOOP((#2410,#2927,#3033));
#3201=IFCFACE((#3202));
#3202=IFCFACEOUTERBOUND(#3203,.T.);
#3203=IFCPOLYLOOP((#2411,#3033,#2919));
#3204=IFCFACE((#3205));
#3205=IFCFACEOUTERBOUND(#3206,.T.);
#3206=IFCPOLYLOOP((#2814,#2870,#2815));
#3207=IFCFACE((#3208));
#3208=IFCFACEOUTERBOUND(#3209,.T.);
#3209=IFCPOLYLOOP((#2870,#2904,#2903));
#3210=IFCFACE((#3211));
#3211=IFCFACEOUTERBOUND(#3212,.T.);
#3212=IFCPOLYLOOP((#3124,#2435,#2434));
#3213=IFCFACE((#3214));
#3214=IFCFACEOUTERBOUND(#3215,.T.);
#3215=IFCPOLYLOOP((#2434,#2420,#2815));
#3216=IFCFACE((#3217));
#3217=IFCFACEOUTERBOUND(#3218,.T.);
#3218=IFCPOLYLOOP((#2904,#2870,#2814));
#3219=IFCFACE((#3220));
#3220=IFCFACEOUTERBOUND(#3221,.T.);
#3221=IFCPOLYLOOP((#2434,#2870,#3124));
#3222=IFCFACE((#3223));
#3223=IFCFACEOUTERBOUND(#3224,.T.);
#3224=IFCPOLYLOOP((#2836,#2899,#3095));
#3225=IFCFACE((#3226));
#3226=IFCFACEOUTERBOUND(#3227,.T.);
#3227=IFCPOLYLOOP((#2442,#3095,#3082));
#3228=IFCFACE((#3229));
#3229=IFCFACEOUTERBOUND(#3230,.T.);
#3230=IFCPOLYLOOP((#2848,#2899,#2836));
#3231=IFCFACE((#3232));
#3232=IFCFACEOUTERBOUND(#3233,.T.);
#3233=IFCPOLYLOOP((#2405,#2404,#3082));
#3234=IFCFACE((#3235));
#3235=IFCFACEOUTERBOUND(#3236,.T.);
#3236=IFCPOLYLOOP((#3095,#2899,#3082));
#3237=IFCFACE((#3238));
#3238=IFCFACEOUTERBOUND(#3239,.T.);
#3239=IFCPOLYLOOP((#2404,#2403,#2442));
#3240=IFCFACE((#3241));
#3241=IFCFACEOUTERBOUND(#3242,.T.);
#3242=IFCPOLYLOOP((#2441,#3095,#2442));
#3243=IFCFACE((#3244));
#3244=IFCFACEOUTERBOUND(#3245,.T.);
#3245=IFCPOLYLOOP((#2442,#3082,#2404));
#3246=IFCFACE((#3247));
#3247=IFCFACEOUTERBOUND(#3248,.T.);
#3248=IFCPOLYLOOP((#2844,#3001,#3120));
#3249=IFCFACE((#3250));
#3250=IFCFACEOUTERBOUND(#3251,.T.);
#3251=IFCPOLYLOOP((#2830,#3001,#2831));
#3252=IFCFACE((#3253));
#3253=IFCFACEOUTERBOUND(#3254,.T.);
#3254=IFCPOLYLOOP((#2844,#3120,#2842));
#3255=IFCFACE((#3256));
#3256=IFCFACEOUTERBOUND(#3257,.T.);
#3257=IFCPOLYLOOP((#2831,#2844,#2891));
#3258=IFCFACE((#3259));
#3259=IFCFACEOUTERBOUND(#3260,.T.);
#3260=IFCPOLYLOOP((#3152,#3120,#2905));
#3261=IFCFACE((#3262));
#3262=IFCFACEOUTERBOUND(#3263,.T.);
#3263=IFCPOLYLOOP((#2934,#2843,#2842));
#3264=IFCFACE((#3265));
#3265=IFCFACEOUTERBOUND(#3266,.T.);
#3266=IFCPOLYLOOP((#2459,#2808,#2460));
#3267=IFCFACE((#3268));
#3268=IFCFACEOUTERBOUND(#3269,.T.);
#3269=IFCPOLYLOOP((#2864,#2458,#2457));
#3270=IFCFACE((#3271));
#3271=IFCFACEOUTERBOUND(#3272,.T.);
#3272=IFCPOLYLOOP((#2459,#2458,#2866));
#3273=IFCFACE((#3274));
#3274=IFCFACEOUTERBOUND(#3275,.T.);
#3275=IFCPOLYLOOP((#2984,#2952,#2864));
#3276=IFCFACE((#3277));
#3277=IFCFACEOUTERBOUND(#3278,.T.);
#3278=IFCPOLYLOOP((#2952,#3012,#2994));
#3279=IFCFACE((#3280));
#3280=IFCFACEOUTERBOUND(#3281,.T.);
#3281=IFCPOLYLOOP((#2457,#2984,#2864));
#3282=IFCFACE((#3283));
#3283=IFCFACEOUTERBOUND(#3284,.T.);
#3284=IFCPOLYLOOP((#3012,#2984,#2874));
#3285=IFCFACE((#3286));
#3286=IFCFACEOUTERBOUND(#3287,.T.);
#3287=IFCPOLYLOOP((#2952,#2994,#2909));
#3288=IFCFACE((#3289));
#3289=IFCFACEOUTERBOUND(#3290,.T.);
#3290=IFCPOLYLOOP((#2889,#2994,#3012));
#3291=IFCFACE((#3292));
#3292=IFCFACEOUTERBOUND(#3293,.T.);
#3293=IFCPOLYLOOP((#2890,#2889,#2858));
#3294=IFCFACE((#3295));
#3295=IFCFACEOUTERBOUND(#3296,.T.);
#3296=IFCPOLYLOOP((#2859,#2858,#2889));
#3297=IFCFACE((#3298));
#3298=IFCFACEOUTERBOUND(#3299,.T.);
#3299=IFCPOLYLOOP((#2859,#2875,#3048));
#3300=IFCFACE((#3301));
#3301=IFCFACEOUTERBOUND(#3302,.T.);
#3302=IFCPOLYLOOP((#2456,#2875,#2874));
#3303=IFCFACE((#3304));
#3304=IFCFACEOUTERBOUND(#3305,.T.);
#3305=IFCPOLYLOOP((#2848,#2407,#2406));
#3306=IFCFACE((#3307));
#3307=IFCFACEOUTERBOUND(#3308,.T.);
#3308=IFCPOLYLOOP((#2895,#2849,#2832));
#3309=IFCFACE((#3310));
#3310=IFCFACEOUTERBOUND(#3311,.T.);
#3311=IFCPOLYLOOP((#2838,#2832,#2849));
#3312=IFCFACE((#3313));
#3313=IFCFACEOUTERBOUND(#3314,.T.);
#3314=IFCPOLYLOOP((#2934,#2965,#2910));
#3315=IFCFACE((#3316));
#3316=IFCFACEOUTERBOUND(#3317,.T.);
#3317=IFCPOLYLOOP((#2812,#2965,#2942));
#3318=IFCFACE((#3319));
#3319=IFCFACEOUTERBOUND(#3320,.T.);
#3320=IFCPOLYLOOP((#2914,#3044,#2848));
#3321=IFCFACE((#3322));
#3322=IFCFACEOUTERBOUND(#3323,.T.);
#3323=IFCPOLYLOOP((#2408,#3044,#2926));
#3324=IFCFACE((#3325));
#3325=IFCFACEOUTERBOUND(#3326,.T.);
#3326=IFCPOLYLOOP((#2934,#2842,#3152));
#3327=IFCFACE((#3328));
#3328=IFCFACEOUTERBOUND(#3329,.T.);
#3329=IFCPOLYLOOP((#3120,#3152,#2842));
#3330=IFCFACE((#3331));
#3331=IFCFACEOUTERBOUND(#3332,.T.);
#3332=IFCPOLYLOOP((#3333,#3334,#3335));
#3333=IFCCARTESIANPOINT((3008.1831379593323,313.7892228241144,195.03384214974039));
#3334=IFCCARTESIANPOINT((2802.7057494279379,309.34501757958697,240.17196712628993));
#3335=IFCCARTESIANPOINT((2931.2121050920505,373.53906891919723,304.74212761443778));
#3336=IFCFACE((#3337));
#3337=IFCFACEOUTERBOUND(#3338,.T.);
#3338=IFCPOLYLOOP((#3339,#3340,#3341));
#3339=IFCCARTESIANPOINT((3179.4607817677688,378.77310756493807,223.04230809005003));
#3340=IFCCARTESIANPOINT((3388.2629434762594,439.72396642200874,212.65281319834094));
#3341=IFCCARTESIANPOINT((3417.2321401783302,381.6952701582868,137.9545126523426));
#3342=IFCFACE((#3343));
#3343=IFCFACEOUTERBOUND(#3344,.T.);
#3344=IFCPOLYLOOP((#3345,#3346,#3347));
#3345=IFCCARTESIANPOINT((2518.8906078947366,282.16341361207651,263.07234780359204));
#3346=IFCCARTESIANPOINT((2171.797185603511,220.19011347069591,226.3610138626882));
#3347=IFCCARTESIANPOINT((2258.0324450383687,264.69229602170799,285.10712969524411));
#3348=IFCFACE((#3349));
#3349=IFCFACEOUTERBOUND(#3350,.T.);
#3350=IFCPOLYLOOP((#3351,#3341,#3352));
#3351=IFCCARTESIANPOINT((3211.8040377448833,320.84766003086952,150.08568199157116));
#3352=IFCCARTESIANPOINT((3507.2987175223561,321.74530639909244,73.204237122450195));
#3353=IFCFACE((#3354));
#3354=IFCFACEOUTERBOUND(#3355,.T.);
#3355=IFCPOLYLOOP((#2429,#3356,#3357));
#3356=IFCCARTESIANPOINT((3174.4118065128896,430.43755351082746,308.28023303682448));
#3357=IFCCARTESIANPOINT((2983.2760386880746,428.19456855057251,398.979599819756));
#3358=IFCFACE((#3359));
#3359=IFCFACEOUTERBOUND(#3360,.T.);
#3360=IFCPOLYLOOP((#3361,#3362,#3363));
#3361=IFCCARTESIANPOINT((2713.6766184555017,132.30559552960312,75.876300026995978));
#3362=IFCCARTESIANPOINT((2269.3613158772569,115.30854822833589,90.724062859932474));
#3363=IFCCARTESIANPOINT((2534.8749168445838,159.85346868309898,112.61851372391448));
#3364=IFCFACE((#3365));
#3365=IFCFACEOUTERBOUND(#3366,.T.);
#3366=IFCPOLYLOOP((#3367,#3368,#3369));
#3367=IFCCARTESIANPOINT((698.38510215252427,55.18668031886773,79.910051849116371));
#3368=IFCCARTESIANPOINT((1268.4926920844655,122.57546331401318,162.17875908701626));
#3369=IFCCARTESIANPOINT((1202.3753493720833,62.00792064496909,75.958156123917888));
#3370=IFCFACE((#3371));
#3371=IFCFACEOUTERBOUND(#3372,.T.);
#3372=IFCPOLYLOOP((#2819,#2433,#3373));
#3373=IFCCARTESIANPOINT((2451.240548861977,418.38962724611065,624.09110993930335));
#3374=IFCFACE((#3375));
#3375=IFCFACEOUTERBOUND(#3376,.T.);
#3376=IFCPOLYLOOP((#3377,#3378,#3362));
#3377=IFCCARTESIANPOINT((2099.0103511856987,47.807310255826451,37.379487666460136));
#3378=IFCCARTESIANPOINT((1823.2846331490628,64.904689482760659,60.681546577111476));
#3379=IFCFACE((#3380));
#3380=IFCFACEOUTERBOUND(#3381,.T.);
#3381=IFCPOLYLOOP((#3357,#3356,#3335));
#3382=IFCFACE((#3383));
#3383=IFCFACEOUTERBOUND(#3384,.T.);
#3384=IFCPOLYLOOP((#3339,#3333,#3335));
#3385=IFCFACE((#3386));
#3386=IFCFACEOUTERBOUND(#3387,.T.);
#3387=IFCPOLYLOOP((#2431,#2430,#3388,#2432));
#3388=IFCCARTESIANPOINT((2847.6099569635235,442.1662271288069,509.82762462585424));
#3389=IFCFACE((#3390));
#3390=IFCFACEOUTERBOUND(#3391,.T.);
#3391=IFCPOLYLOOP((#3392,#3393,#3394));
#3392=IFCCARTESIANPOINT((2574.3325397687877,245.15095808177193,200.00004323614348));
#3393=IFCCARTESIANPOINT((2762.4083423173088,201.86633156042444,126.5510405459504));
#3394=IFCCARTESIANPOINT((2328.3589696935778,178.6947824475883,152.17857663723771));
#3395=IFCFACE((#3396));
#3396=IFCFACEOUTERBOUND(#3397,.T.);
#3397=IFCPOLYLOOP((#3393,#3392,#3398));
#3398=IFCCARTESIANPOINT((2924.8777356241781,267.16339490055998,163.12893721942419));
#3399=IFCFACE((#3400));
#3400=IFCFACEOUTERBOUND(#3401,.T.);
#3401=IFCPOLYLOOP((#3352,#3402,#2399));
#3402=IFCCARTESIANPOINT((3606.3319305348869,391.98337642623483,71.436469801049498));
#3403=IFCFACE((#3404));
#3404=IFCFACEOUTERBOUND(#3405,.T.);
#3405=IFCPOLYLOOP((#3406,#3407,#3408));
#3406=IFCCARTESIANPOINT((2218.6798936831538,324.5217279245835,418.73791110910452));
#3407=IFCCARTESIANPOINT((2113.6830718648389,346.4773875197734,508.33277458808789));
#3408=IFCCARTESIANPOINT((2490.535553241476,381.69526564111584,484.83777133538752));
#3409=IFCFACE((#3410));
#3410=IFCFACEOUTERBOUND(#3411,.T.);
#3411=IFCPOLYLOOP((#3368,#3412,#3413));
#3412=IFCCARTESIANPOINT((1416.2518101027063,186.56564860730941,262.42789882001671));
#3413=IFCCARTESIANPOINT((1719.0389182162417,174.32760363211219,208.71292863220106));
#3414=IFCFACE((#3415));
#3415=IFCFACEOUTERBOUND(#3416,.T.);
#3416=IFCPOLYLOOP((#3417,#3393,#3418));
#3417=IFCCARTESIANPOINT((3121.9591063293738,181.64749065085016,70.875542544745258));
#3418=IFCCARTESIANPOINT((3211.6312779995369,255.57773076277408,101.24058502653816));
#3419=IFCFACE((#3420));
#3420=IFCFACEOUTERBOUND(#3421,.T.);
#3421=IFCPOLYLOOP((#2394,#2393,#3422));
#3422=IFCCARTESIANPOINT((3322.043077430907,43.686328058685831,9.3299824177724986));
#3423=IFCFACE((#3424));
#3424=IFCFACEOUTERBOUND(#3425,.T.);
#3425=IFCPOLYLOOP((#3394,#3346,#3392));
#3426=IFCFACE((#3427));
#3427=IFCFACEOUTERBOUND(#3428,.T.);
#3428=IFCPOLYLOOP((#3429,#3430,#2397));
#3429=IFCCARTESIANPOINT((3427.9170879699359,158.85266489255446,31.954978427935657));
#3430=IFCCARTESIANPOINT((3447.0284909327493,219.90110595140141,47.417429368860212));
#3431=IFCFACE((#3432));
#3432=IFCFACEOUTERBOUND(#3433,.T.);
#3433=IFCPOLYLOOP((#3429,#2397,#2396,#2395));
#3434=IFCFACE((#3435));
#3435=IFCFACEOUTERBOUND(#3436,.T.);
#3436=IFCPOLYLOOP((#3437,#3346,#3413));
#3437=IFCCARTESIANPOINT((1893.6532783253706,236.48160557708525,295.45115536341109));
#3438=IFCFACE((#3439));
#3439=IFCFACEOUTERBOUND(#3440,.T.);
#3440=IFCPOLYLOOP((#2824,#3441,#2825));
#3441=IFCCARTESIANPOINT((950.64173348921486,122.57546500089575,182.656654956681));
#3442=IFCFACE((#3443));
#3443=IFCFACEOUTERBOUND(#3444,.T.);
#3444=IFCPOLYLOOP((#3445,#3407,#3406));
#3445=IFCCARTESIANPOINT((1856.9096349447136,281.1627514809843,398.11511111205937));
#3446=IFCFACE((#3447));
#3447=IFCFACEOUTERBOUND(#3448,.T.);
#3448=IFCPOLYLOOP((#3412,#3368,#3441));
#3449=IFCFACE((#3450));
#3450=IFCFACEOUTERBOUND(#3451,.T.);
#3451=IFCPOLYLOOP((#3368,#3367,#3441));
#3452=IFCFACE((#3453));
#3453=IFCFACEOUTERBOUND(#3454,.T.);
#3454=IFCPOLYLOOP((#3369,#3368,#3455));
#3455=IFCCARTESIANPOINT((1527.0417403245883,109.08925275021738,126.4564972149542));
#3456=IFCFACE((#3457));
#3457=IFCFACEOUTERBOUND(#3458,.T.);
#3458=IFCPOLYLOOP((#3367,#2446,#2826));
#3459=IFCFACE((#3460));
#3460=IFCFACEOUTERBOUND(#3461,.T.);
#3461=IFCPOLYLOOP((#3437,#3413,#3412));
#3462=IFCFACE((#3463));
#3463=IFCFACEOUTERBOUND(#3464,.T.);
#3464=IFCPOLYLOOP((#2825,#3441,#3367));
#3465=IFCFACE((#3466));
#3466=IFCFACEOUTERBOUND(#3467,.T.);
#3467=IFCPOLYLOOP((#3468,#3412,#2823));
#3468=IFCCARTESIANPOINT((1547.7810327689322,233.36383842776831,342.44910535724966));
#3469=IFCFACE((#3470));
#3470=IFCFACEOUTERBOUND(#3471,.T.);
#3471=IFCPOLYLOOP((#2826,#2825,#3367));
#3472=IFCFACE((#3473));
#3473=IFCFACEOUTERBOUND(#3474,.T.);
#3474=IFCPOLYLOOP((#2824,#3412,#3441));
#3475=IFCFACE((#3476));
#3476=IFCFACEOUTERBOUND(#3477,.T.);
#3477=IFCPOLYLOOP((#3369,#2447,#3367));
#3478=IFCFACE((#3479));
#3479=IFCFACEOUTERBOUND(#3480,.T.);
#3480=IFCPOLYLOOP((#3445,#3437,#3468));
#3481=IFCFACE((#3482));
#3482=IFCFACEOUTERBOUND(#3483,.T.);
#3483=IFCPOLYLOOP((#2823,#3412,#2824));
#3484=IFCFACE((#3485));
#3485=IFCFACEOUTERBOUND(#3486,.T.);
#3486=IFCPOLYLOOP((#3378,#2449,#3487));
#3487=IFCCARTESIANPOINT((1541.3504214398099,71.515745265826808,77.297474427311499));
#3488=IFCFACE((#3489));
#3489=IFCFACEOUTERBOUND(#3490,.T.);
#3490=IFCPOLYLOOP((#3487,#2449,#2448));
#3491=IFCFACE((#3492));
#3492=IFCFACEOUTERBOUND(#3493,.T.);
#3493=IFCPOLYLOOP((#3368,#3413,#3455));
#3494=IFCFACE((#3495));
#3495=IFCFACEOUTERBOUND(#3496,.T.);
#3496=IFCPOLYLOOP((#3497,#3346,#3394));
#3497=IFCCARTESIANPOINT((1984.5888561626234,173.91015701836659,181.31097041954399));
#3498=IFCFACE((#3499));
#3499=IFCFACEOUTERBOUND(#3500,.T.);
#3500=IFCPOLYLOOP((#3413,#3346,#3497));
#3501=IFCFACE((#3502));
#3502=IFCFACEOUTERBOUND(#3503,.T.);
#3503=IFCPOLYLOOP((#3334,#3345,#3504));
#3504=IFCCARTESIANPOINT((2692.9595010396033,333.01328113885575,306.96088479826358));
#3505=IFCFACE((#3506));
#3506=IFCFACEOUTERBOUND(#3507,.T.);
#3507=IFCPOLYLOOP((#3392,#3346,#3345));
#3508=IFCFACE((#3509));
#3509=IFCFACEOUTERBOUND(#3510,.T.);
#3510=IFCPOLYLOOP((#3357,#3335,#3511));
#3511=IFCCARTESIANPOINT((2709.3416756329552,372.23144529104684,380.89838605256318));
#3512=IFCFACE((#3513));
#3513=IFCFACEOUTERBOUND(#3514,.T.);
#3514=IFCPOLYLOOP((#3515,#3394,#3362));
#3515=IFCCARTESIANPOINT((1899.9549767602084,128.99253818961552,129.34309609357842));
#3516=IFCFACE((#3517));
#3517=IFCFACEOUTERBOUND(#3518,.T.);
#3518=IFCPOLYLOOP((#3361,#3363,#3393));
#3519=IFCFACE((#3520));
#3520=IFCFACEOUTERBOUND(#3521,.T.);
#3521=IFCPOLYLOOP((#3361,#3393,#3417));
#3522=IFCFACE((#3523));
#3523=IFCFACEOUTERBOUND(#3524,.T.);
#3524=IFCPOLYLOOP((#3418,#3393,#3398));
#3525=IFCFACE((#3526));
#3526=IFCFACEOUTERBOUND(#3527,.T.);
#3527=IFCPOLYLOOP((#2452,#3422,#2393));
#3528=IFCFACE((#3529));
#3529=IFCFACEOUTERBOUND(#3530,.T.);
#3530=IFCPOLYLOOP((#3418,#3430,#3417));
#3531=IFCFACE((#3532));
#3532=IFCFACEOUTERBOUND(#3533,.T.);
#3533=IFCPOLYLOOP((#3534,#3535,#3536));
#3534=IFCCARTESIANPOINT((3240.7269066301487,85.449832628358308,22.953577146413409));
#3535=IFCCARTESIANPOINT((2861.4104366248212,85.642605460713639,39.028109365085584));
#3536=IFCCARTESIANPOINT((3135.3087166783989,131.49085001654566,45.684581992491985));
#3537=IFCFACE((#3538));
#3538=IFCFACEOUTERBOUND(#3539,.T.);
#3539=IFCPOLYLOOP((#2452,#3540,#3422));
#3540=IFCCARTESIANPOINT((2994.3245295646539,40.495474109190582,14.686853218823671));
#3541=IFCFACE((#3542));
#3542=IFCFACEOUTERBOUND(#3543,.T.);
#3543=IFCPOLYLOOP((#3362,#3378,#3515));
#3544=IFCFACE((#3545));
#3545=IFCFACEOUTERBOUND(#3546,.T.);
#3546=IFCPOLYLOOP((#3352,#2398,#3547));
#3547=IFCCARTESIANPOINT((3566.1594664647946,271.49969235803655,42.737859469603336));
#3548=IFCFACE((#3549));
#3549=IFCFACEOUTERBOUND(#3550,.T.);
#3550=IFCPOLYLOOP((#3377,#3551,#2450));
#3551=IFCCARTESIANPOINT((2466.4686405027378,62.229035322549862,38.943038639399674));
#3552=IFCFACE((#3553));
#3553=IFCFACEOUTERBOUND(#3554,.T.);
#3554=IFCPOLYLOOP((#3361,#3551,#3362));
#3555=IFCFACE((#3556));
#3556=IFCFACEOUTERBOUND(#3557,.T.);
#3557=IFCPOLYLOOP((#3551,#2451,#2450));
#3558=IFCFACE((#3559));
#3559=IFCFACEOUTERBOUND(#3560,.T.);
#3560=IFCPOLYLOOP((#3540,#2451,#3551));
#3561=IFCFACE((#3562));
#3562=IFCFACEOUTERBOUND(#3563,.T.);
#3563=IFCPOLYLOOP((#3487,#3455,#3515));
#3564=IFCFACE((#3565));
#3565=IFCFACEOUTERBOUND(#3566,.T.);
#3566=IFCPOLYLOOP((#2450,#2449,#3377));
#3567=IFCFACE((#3568));
#3568=IFCFACEOUTERBOUND(#3569,.T.);
#3569=IFCPOLYLOOP((#3418,#3398,#3351));
#3570=IFCFACE((#3571));
#3571=IFCFACEOUTERBOUND(#3572,.T.);
#3572=IFCPOLYLOOP((#3398,#3392,#3334));
#3573=IFCFACE((#3574));
#3574=IFCFACEOUTERBOUND(#3575,.T.);
#3575=IFCPOLYLOOP((#3430,#3418,#3547));
#3576=IFCFACE((#3577));
#3577=IFCFACEOUTERBOUND(#3578,.T.);
#3578=IFCPOLYLOOP((#3339,#3341,#3351));
#3579=IFCFACE((#3580));
#3580=IFCFACEOUTERBOUND(#3581,.T.);
#3581=IFCPOLYLOOP((#3351,#3352,#3418));
#3582=IFCFACE((#3583));
#3583=IFCFACEOUTERBOUND(#3584,.T.);
#3584=IFCPOLYLOOP((#3402,#3585,#2400));
#3585=IFCCARTESIANPOINT((3662.1714752681983,435.72687172647693,64.454550734909844));
#3586=IFCFACE((#3587));
#3587=IFCFACEOUTERBOUND(#3588,.T.);
#3588=IFCPOLYLOOP((#2399,#3402,#2400));
#3589=IFCFACE((#3590));
#3590=IFCFACEOUTERBOUND(#3591,.T.);
#3591=IFCPOLYLOOP((#3398,#3334,#3333));
#3592=IFCFACE((#3593));
#3593=IFCFACEOUTERBOUND(#3594,.T.);
#3594=IFCPOLYLOOP((#3504,#3511,#3335));
#3595=IFCFACE((#3596));
#3596=IFCFACEOUTERBOUND(#3597,.T.);
#3597=IFCPOLYLOOP((#3598,#3340,#2426));
#3598=IFCCARTESIANPOINT((3535.9921259776311,434.49096939751598,129.23063689527589));
#3599=IFCFACE((#3600));
#3600=IFCFACEOUTERBOUND(#3601,.T.);
#3601=IFCPOLYLOOP((#3339,#3335,#3356));
#3602=IFCFACE((#3603));
#3603=IFCFACEOUTERBOUND(#3604,.T.);
#3604=IFCPOLYLOOP((#3341,#3340,#3598));
#3605=IFCFACE((#3606));
#3606=IFCFACEOUTERBOUND(#3607,.T.);
#3607=IFCPOLYLOOP((#2428,#3340,#3356));
#3608=IFCFACE((#3609));
#3609=IFCFACEOUTERBOUND(#3610,.T.);
#3610=IFCPOLYLOOP((#2427,#2426,#3340,#2428));
#3611=IFCFACE((#3612));
#3612=IFCFACEOUTERBOUND(#3613,.T.);
#3613=IFCPOLYLOOP((#3339,#3356,#3340));
#3614=IFCFACE((#3615));
#3615=IFCFACEOUTERBOUND(#3616,.T.);
#3616=IFCPOLYLOOP((#3357,#2430,#2429));
#3617=IFCFACE((#3618));
#3618=IFCFACEOUTERBOUND(#3619,.T.);
#3619=IFCPOLYLOOP((#3357,#3388,#2430));
#3620=IFCFACE((#3621));
#3621=IFCFACEOUTERBOUND(#3622,.T.);
#3622=IFCPOLYLOOP((#3504,#3623,#3511));
#3623=IFCCARTESIANPOINT((2437.8339540661318,311.53898425025091,333.61817722616433));
#3624=IFCFACE((#3625));
#3625=IFCFACEOUTERBOUND(#3626,.T.);
#3626=IFCPOLYLOOP((#2432,#3388,#3627));
#3627=IFCCARTESIANPOINT((2660.0269275217943,434.30587236651354,581.74215970524301));
#3628=IFCFACE((#3629));
#3629=IFCFACEOUTERBOUND(#3630,.T.);
#3630=IFCPOLYLOOP((#3388,#3408,#3627));
#3631=IFCFACE((#3632));
#3632=IFCFACEOUTERBOUND(#3633,.T.);
#3633=IFCPOLYLOOP((#2821,#2820,#3407,#2822));
#3634=IFCFACE((#3635));
#3635=IFCFACEOUTERBOUND(#3636,.T.);
#3636=IFCPOLYLOOP((#3408,#3388,#3511));
#3637=IFCFACE((#3638));
#3638=IFCFACEOUTERBOUND(#3639,.T.);
#3639=IFCPOLYLOOP((#3357,#3511,#3388));
#3640=IFCFACE((#3641));
#3641=IFCFACEOUTERBOUND(#3642,.T.);
#3642=IFCPOLYLOOP((#3511,#3623,#3408));
#3643=IFCFACE((#3644));
#3644=IFCFACEOUTERBOUND(#3645,.T.);
#3645=IFCPOLYLOOP((#2822,#3407,#3445));
#3646=IFCFACE((#3647));
#3647=IFCFACEOUTERBOUND(#3648,.T.);
#3648=IFCPOLYLOOP((#3627,#3408,#3373));
#3649=IFCFACE((#3650));
#3650=IFCFACEOUTERBOUND(#3651,.T.);
#3651=IFCPOLYLOOP((#2823,#2822,#3468));
#3652=IFCFACE((#3653));
#3653=IFCFACEOUTERBOUND(#3654,.T.);
#3654=IFCPOLYLOOP((#3445,#3406,#3655));
#3655=IFCCARTESIANPOINT((2055.8743248294222,280.57719936920148,355.7844457849319));
#3656=IFCFACE((#3657));
#3657=IFCFACEOUTERBOUND(#3658,.T.);
#3658=IFCPOLYLOOP((#3429,#3417,#3430));
#3659=IFCFACE((#3660));
#3660=IFCFACEOUTERBOUND(#3661,.T.);
#3661=IFCPOLYLOOP((#3547,#2398,#2397));
#3662=IFCFACE((#3663));
#3663=IFCFACEOUTERBOUND(#3664,.T.);
#3664=IFCPOLYLOOP((#3417,#3429,#3536));
#3665=IFCFACE((#3666));
#3666=IFCFACEOUTERBOUND(#3667,.T.);
#3667=IFCPOLYLOOP((#3429,#3534,#3536));
#3668=IFCFACE((#3669));
#3669=IFCFACEOUTERBOUND(#3670,.T.);
#3670=IFCPOLYLOOP((#2429,#2428,#3356));
#3671=IFCFACE((#3672));
#3672=IFCFACEOUTERBOUND(#3673,.T.);
#3673=IFCPOLYLOOP((#3437,#3445,#3655));
#3674=IFCFACE((#3675));
#3675=IFCFACEOUTERBOUND(#3676,.T.);
#3676=IFCPOLYLOOP((#3406,#3408,#3623));
#3677=IFCFACE((#3678));
#3678=IFCFACEOUTERBOUND(#3679,.T.);
#3679=IFCPOLYLOOP((#3536,#3361,#3417));
#3680=IFCFACE((#3681));
#3681=IFCFACEOUTERBOUND(#3682,.T.);
#3682=IFCPOLYLOOP((#3551,#3361,#3535));
#3683=IFCFACE((#3684));
#3684=IFCFACEOUTERBOUND(#3685,.T.);
#3685=IFCPOLYLOOP((#3536,#3535,#3361));
#3686=IFCFACE((#3687));
#3687=IFCFACEOUTERBOUND(#3688,.T.);
#3688=IFCPOLYLOOP((#3535,#3534,#3540));
#3689=IFCFACE((#3690));
#3690=IFCFACEOUTERBOUND(#3691,.T.);
#3691=IFCPOLYLOOP((#3535,#3540,#3551));
#3692=IFCFACE((#3693));
#3693=IFCFACEOUTERBOUND(#3694,.T.);
#3694=IFCPOLYLOOP((#3540,#3534,#3422));
#3695=IFCFACE((#3696));
#3696=IFCFACEOUTERBOUND(#3697,.T.);
#3697=IFCPOLYLOOP((#2395,#2394,#3534));
#3698=IFCFACE((#3699));
#3699=IFCFACEOUTERBOUND(#3700,.T.);
#3700=IFCPOLYLOOP((#3540,#2452,#2451));
#3701=IFCFACE((#3702));
#3702=IFCFACEOUTERBOUND(#3703,.T.);
#3703=IFCPOLYLOOP((#3534,#3429,#2395));
#3704=IFCFACE((#3705));
#3705=IFCFACEOUTERBOUND(#3706,.T.);
#3706=IFCPOLYLOOP((#3422,#3534,#2394));
#3707=IFCFACE((#3708));
#3708=IFCFACEOUTERBOUND(#3709,.T.);
#3709=IFCPOLYLOOP((#2819,#3373,#2820));
#3710=IFCFACE((#3711));
#3711=IFCFACEOUTERBOUND(#3712,.T.);
#3712=IFCPOLYLOOP((#3408,#3407,#3373));
#3713=IFCFACE((#3714));
#3714=IFCFACEOUTERBOUND(#3715,.T.);
#3715=IFCPOLYLOOP((#2433,#2432,#3627));
#3716=IFCFACE((#3717));
#3717=IFCFACEOUTERBOUND(#3718,.T.);
#3718=IFCPOLYLOOP((#2819,#2421,#2433));
#3719=IFCFACE((#3720));
#3720=IFCFACEOUTERBOUND(#3721,.T.);
#3721=IFCPOLYLOOP((#2820,#3373,#3407));
#3722=IFCFACE((#3723));
#3723=IFCFACEOUTERBOUND(#3724,.T.);
#3724=IFCPOLYLOOP((#3627,#3373,#2433));
#3725=IFCFACE((#3726));
#3726=IFCFACEOUTERBOUND(#3727,.T.);
#3727=IFCPOLYLOOP((#3598,#3402,#3341));
#3728=IFCFACE((#3729));
#3729=IFCFACEOUTERBOUND(#3730,.T.);
#3730=IFCPOLYLOOP((#3585,#3598,#2425));
#3731=IFCFACE((#3732));
#3732=IFCFACEOUTERBOUND(#3733,.T.);
#3733=IFCPOLYLOOP((#3341,#3402,#3352));
#3734=IFCFACE((#3735));
#3735=IFCFACEOUTERBOUND(#3736,.T.);
#3736=IFCPOLYLOOP((#3585,#2401,#2400));
#3737=IFCFACE((#3738));
#3738=IFCFACEOUTERBOUND(#3739,.T.);
#3739=IFCPOLYLOOP((#3585,#3402,#3598));
#3740=IFCFACE((#3741));
#3741=IFCFACEOUTERBOUND(#3742,.T.);
#3742=IFCPOLYLOOP((#2425,#2402,#2401));
#3743=IFCFACE((#3744));
#3744=IFCFACEOUTERBOUND(#3745,.T.);
#3745=IFCPOLYLOOP((#2425,#3598,#2426));
#3746=IFCFACE((#3747));
#3747=IFCFACEOUTERBOUND(#3748,.T.);
#3748=IFCPOLYLOOP((#2401,#3585,#2425));
#3749=IFCFACE((#3750));
#3750=IFCFACEOUTERBOUND(#3751,.T.);
#3751=IFCPOLYLOOP((#3623,#3504,#3345));
#3752=IFCFACE((#3753));
#3753=IFCFACEOUTERBOUND(#3754,.T.);
#3754=IFCPOLYLOOP((#3334,#3504,#3335));
#3755=IFCFACE((#3756));
#3756=IFCFACEOUTERBOUND(#3757,.T.);
#3757=IFCPOLYLOOP((#3347,#3623,#3345));
#3758=IFCFACE((#3759));
#3759=IFCFACEOUTERBOUND(#3760,.T.);
#3760=IFCPOLYLOOP((#3392,#3345,#3334));
#3761=IFCFACE((#3762));
#3762=IFCFACEOUTERBOUND(#3763,.T.);
#3763=IFCPOLYLOOP((#3406,#3623,#3655));
#3764=IFCFACE((#3765));
#3765=IFCFACEOUTERBOUND(#3766,.T.);
#3766=IFCPOLYLOOP((#3347,#3346,#3437));
#3767=IFCFACE((#3768));
#3768=IFCFACEOUTERBOUND(#3769,.T.);
#3769=IFCPOLYLOOP((#2,#2826,#2446));
#3770=IFCFACE((#3771));
#3771=IFCFACEOUTERBOUND(#3772,.T.);
#3772=IFCPOLYLOOP((#2448,#2447,#3369));
#3773=IFCFACE((#3774));
#3774=IFCFACEOUTERBOUND(#3775,.T.);
#3775=IFCPOLYLOOP((#3367,#2447,#2446));
#3776=IFCFACE((#3777));
#3777=IFCFACEOUTERBOUND(#3778,.T.);
#3778=IFCPOLYLOOP((#3369,#3455,#3487));
#3779=IFCFACE((#3780));
#3780=IFCFACEOUTERBOUND(#3781,.T.);
#3781=IFCPOLYLOOP((#3497,#3515,#3455));
#3782=IFCFACE((#3783));
#3783=IFCFACEOUTERBOUND(#3784,.T.);
#3784=IFCPOLYLOOP((#3369,#3487,#2448));
#3785=IFCFACE((#3786));
#3786=IFCFACEOUTERBOUND(#3787,.T.);
#3787=IFCPOLYLOOP((#3378,#3487,#3515));
#3788=IFCFACE((#3789));
#3789=IFCFACEOUTERBOUND(#3790,.T.);
#3790=IFCPOLYLOOP((#3413,#3497,#3455));
#3791=IFCFACE((#3792));
#3792=IFCFACEOUTERBOUND(#3793,.T.);
#3793=IFCPOLYLOOP((#3515,#3497,#3394));
#3794=IFCFACE((#3795));
#3795=IFCFACEOUTERBOUND(#3796,.T.);
#3796=IFCPOLYLOOP((#3363,#3394,#3393));
#3797=IFCFACE((#3798));
#3798=IFCFACEOUTERBOUND(#3799,.T.);
#3799=IFCPOLYLOOP((#3394,#3363,#3362));
#3800=IFCFACE((#3801));
#3801=IFCFACEOUTERBOUND(#3802,.T.);
#3802=IFCPOLYLOOP((#3551,#3377,#3362));
#3803=IFCFACE((#3804));
#3804=IFCFACEOUTERBOUND(#3805,.T.);
#3805=IFCPOLYLOOP((#3378,#3377,#2449));
#3806=IFCFACE((#3807));
#3807=IFCFACEOUTERBOUND(#3808,.T.);
#3808=IFCPOLYLOOP((#2399,#2398,#3352));
#3809=IFCFACE((#3810));
#3810=IFCFACEOUTERBOUND(#3811,.T.);
#3811=IFCPOLYLOOP((#3333,#3351,#3398));
#3812=IFCFACE((#3813));
#3813=IFCFACEOUTERBOUND(#3814,.T.);
#3814=IFCPOLYLOOP((#3351,#3333,#3339));
#3815=IFCFACE((#3816));
#3816=IFCFACEOUTERBOUND(#3817,.T.);
#3817=IFCPOLYLOOP((#3412,#3468,#3437));
#3818=IFCFACE((#3819));
#3819=IFCFACEOUTERBOUND(#3820,.T.);
#3820=IFCPOLYLOOP((#3445,#3468,#2822));
#3821=IFCFACE((#3822));
#3822=IFCFACEOUTERBOUND(#3823,.T.);
#3823=IFCPOLYLOOP((#3352,#3547,#3418));
#3824=IFCFACE((#3825));
#3825=IFCFACEOUTERBOUND(#3826,.T.);
#3826=IFCPOLYLOOP((#3430,#3547,#2397));
#3827=IFCFACE((#3828));
#3828=IFCFACEOUTERBOUND(#3829,.T.);
#3829=IFCPOLYLOOP((#3655,#3347,#3437));
#3830=IFCFACE((#3831));
#3831=IFCFACEOUTERBOUND(#3832,.T.);
#3832=IFCPOLYLOOP((#3347,#3655,#3623));
#3833=IFCFACE((#3834));
#3834=IFCFACEOUTERBOUND(#3835,.T.);
#3835=IFCPOLYLOOP((#2464,#2387,#2382));
#3836=IFCFACE((#3837));
#3837=IFCFACEOUTERBOUND(#3838,.T.);
#3838=IFCPOLYLOOP((#2383,#2388,#2465));
#3839=IFCFACE((#3840));
#3840=IFCFACEOUTERBOUND(#3841,.T.);
#3841=IFCPOLYLOOP((#2382,#2378,#3842,#3843,#3844,#3845,#2469,#2464));
#3842=IFCCARTESIANPOINT((11033.182088472278,5852.6011949982594,952.46737801585914));
#3843=IFCCARTESIANPOINT((11274.886566354218,6014.4508962486798,814.35053351189481));
#3844=IFCCARTESIANPOINT((11516.59104423616,6176.3005974991011,676.23368900792957));
#3845=IFCCARTESIANPOINT((11758.2955221181,6338.1502987495223,538.11684450396478));
#3846=IFCFACE((#3847));
#3847=IFCFACEOUTERBOUND(#3848,.T.);
#3848=IFCPOLYLOOP((#2383,#2465,#2470,#3849,#3850,#3851,#3852,#2373));
#3849=IFCCARTESIANPOINT((11758.2955221181,6338.1502987495223,138.11684450396478));
#3850=IFCCARTESIANPOINT((11516.59104423616,6176.3005974991011,276.23368900792957));
#3851=IFCCARTESIANPOINT((11274.886566354218,6014.4508962486798,414.35053351189481));
#3852=IFCCARTESIANPOINT((11033.182088472278,5852.6011949982594,552.46737801585914));
#3853=IFCFACE((#3854));
#3854=IFCFACEOUTERBOUND(#3855,.T.);
#3855=IFCPOLYLOOP((#3856,#3857,#2499));
#3856=IFCCARTESIANPOINT((11191.704415546668,3484.0945588764052,686.50310711258362));
#3857=IFCCARTESIANPOINT((10860.973423758025,2685.5907061038033,811.09510656308976));
#3858=IFCFACE((#3859));
#3859=IFCFACEOUTERBOUND(#3860,.T.);
#3860=IFCPOLYLOOP((#3857,#3861,#2376));
#3861=IFCCARTESIANPOINT((10892.115945349171,4109.8706803492669,904.52874977751071));
#3862=IFCFACE((#3863));
#3863=IFCFACEOUTERBOUND(#3864,.T.);
#3864=IFCPOLYLOOP((#3842,#2377,#3861));
#3865=IFCFACE((#3866));
#3866=IFCFACEOUTERBOUND(#3867,.T.);
#3867=IFCPOLYLOOP((#3856,#2499,#2498,#2512));
#3868=IFCFACE((#3869));
#3869=IFCFACEOUTERBOUND(#3870,.T.);
#3870=IFCPOLYLOOP((#3857,#2362,#2637,#2500,#2499));
#3871=IFCFACE((#3872));
#3872=IFCFACEOUTERBOUND(#3873,.T.);
#3873=IFCPOLYLOOP((#2511,#3874,#2512));
#3874=IFCCARTESIANPOINT((11517.898827665907,4682.9314298964373,589.27835146859343));
#3875=IFCFACE((#3876));
#3876=IFCFACEOUTERBOUND(#3877,.T.);
#3877=IFCPOLYLOOP((#3878,#3844,#3843));
#3878=IFCCARTESIANPOINT((11442.529963049736,5316.13495789632,668.68313396552776));
#3879=IFCFACE((#3880));
#3880=IFCFACEOUTERBOUND(#3881,.T.);
#3881=IFCPOLYLOOP((#3844,#3878,#3882));
#3882=IFCCARTESIANPOINT((11722.457936314338,5573.1223236154747,526.68050644962432));
#3883=IFCFACE((#3884));
#3884=IFCFACEOUTERBOUND(#3885,.T.);
#3885=IFCPOLYLOOP((#3856,#2512,#3874));
#3886=IFCFACE((#3887));
#3887=IFCFACEOUTERBOUND(#3888,.T.);
#3888=IFCPOLYLOOP((#3889,#3861,#3857));
#3889=IFCCARTESIANPOINT((11191.704394415066,4354.4952333945694,748.18884021714803));
#3890=IFCFACE((#3891));
#3891=IFCFACEOUTERBOUND(#3892,.T.);
#3892=IFCPOLYLOOP((#3874,#3889,#3856));
#3893=IFCFACE((#3894));
#3894=IFCFACEOUTERBOUND(#3895,.T.);
#3895=IFCPOLYLOOP((#3882,#3878,#3874));
#3896=IFCFACE((#3897));
#3897=IFCFACEOUTERBOUND(#3898,.T.);
#3898=IFCPOLYLOOP((#3874,#3899,#3882));
#3899=IFCCARTESIANPOINT((11764.011859686143,5190.7483081811179,489.98825543809426));
#3900=IFCFACE((#3901));
#3901=IFCFACEOUTERBOUND(#3902,.T.);
#3902=IFCPOLYLOOP((#3874,#3878,#3889));
#3903=IFCFACE((#3904));
#3904=IFCFACEOUTERBOUND(#3905,.T.);
#3905=IFCPOLYLOOP((#3889,#3857,#3856));
#3906=IFCFACE((#3907));
#3907=IFCFACEOUTERBOUND(#3908,.T.);
#3908=IFCPOLYLOOP((#3843,#3889,#3878));
#3909=IFCFACE((#3910));
#3910=IFCFACEOUTERBOUND(#3911,.T.);
#3911=IFCPOLYLOOP((#2362,#3857,#2376));
#3912=IFCFACE((#3913));
#3913=IFCFACEOUTERBOUND(#3914,.T.);
#3914=IFCPOLYLOOP((#3899,#3874,#2511));
#3915=IFCFACE((#3916));
#3916=IFCFACEOUTERBOUND(#3917,.T.);
#3917=IFCPOLYLOOP((#2469,#3882,#2477));
#3918=IFCFACE((#3919));
#3919=IFCFACEOUTERBOUND(#3920,.T.);
#3920=IFCPOLYLOOP((#3843,#3842,#3889));
#3921=IFCFACE((#3922));
#3922=IFCFACEOUTERBOUND(#3923,.T.);
#3923=IFCPOLYLOOP((#2478,#2615,#2479));
#3924=IFCFACE((#3925));
#3925=IFCFACEOUTERBOUND(#3926,.T.);
#3926=IFCPOLYLOOP((#3845,#3844,#3882,#2469));
#3927=IFCFACE((#3928));
#3928=IFCFACEOUTERBOUND(#3929,.T.);
#3929=IFCPOLYLOOP((#2615,#2478,#3899));
#3930=IFCFACE((#3931));
#3931=IFCFACEOUTERBOUND(#3932,.T.);
#3932=IFCPOLYLOOP((#3882,#3899,#2477));
#3933=IFCFACE((#3934));
#3934=IFCFACEOUTERBOUND(#3935,.T.);
#3935=IFCPOLYLOOP((#3899,#2511,#2510,#2615));
#3936=IFCFACE((#3937));
#3937=IFCFACEOUTERBOUND(#3938,.T.);
#3938=IFCPOLYLOOP((#3842,#3861,#3889));
#3939=IFCFACE((#3940));
#3940=IFCFACEOUTERBOUND(#3941,.T.);
#3941=IFCPOLYLOOP((#2477,#3899,#2478));
#3942=IFCFACE((#3943));
#3943=IFCFACEOUTERBOUND(#3944,.T.);
#3944=IFCPOLYLOOP((#2377,#3842,#2378));
#3945=IFCFACE((#3946));
#3946=IFCFACEOUTERBOUND(#3947,.T.);
#3947=IFCPOLYLOOP((#2377,#2376,#3861));
#3948=IFCFACE((#3949));
#3949=IFCFACEOUTERBOUND(#3950,.T.);
#3950=IFCPOLYLOOP((#2657,#3951,#3952));
#3951=IFCCARTESIANPOINT((10860.973423758025,2685.5907061038033,411.09510656308976));
#3952=IFCCARTESIANPOINT((11191.704415546668,3484.0945588764062,286.50310711258362));
#3953=IFCFACE((#3954));
#3954=IFCFACEOUTERBOUND(#3955,.T.);
#3955=IFCPOLYLOOP((#2375,#3956,#3951));
#3956=IFCCARTESIANPOINT((10892.115945349171,4109.8706803492669,504.52874977751071));
#3957=IFCFACE((#3958));
#3958=IFCFACEOUTERBOUND(#3959,.T.);
#3959=IFCPOLYLOOP((#3956,#2374,#3852));
#3960=IFCFACE((#3961));
#3961=IFCFACEOUTERBOUND(#3962,.T.);
#3962=IFCPOLYLOOP((#3952,#2668,#2658,#2657));
#3963=IFCFACE((#3964));
#3964=IFCFACEOUTERBOUND(#3965,.T.);
#3965=IFCPOLYLOOP((#2795,#2363,#3951,#2657,#2656));
#3966=IFCFACE((#3967));
#3967=IFCFACEOUTERBOUND(#3968,.T.);
#3968=IFCPOLYLOOP((#2668,#3969,#2669));
#3969=IFCCARTESIANPOINT((11517.898827665907,4682.9314298964382,189.27835146859343));
#3970=IFCFACE((#3971));
#3971=IFCFACEOUTERBOUND(#3972,.T.);
#3972=IFCPOLYLOOP((#3851,#3850,#3973));
#3973=IFCCARTESIANPOINT((11442.529963049736,5316.13495789632,268.68313396552776));
#3974=IFCFACE((#3975));
#3975=IFCFACEOUTERBOUND(#3976,.T.);
#3976=IFCPOLYLOOP((#3977,#3973,#3850));
#3977=IFCCARTESIANPOINT((11722.457936314338,5573.1223236154747,126.68050644962432));
#3978=IFCFACE((#3979));
#3979=IFCFACEOUTERBOUND(#3980,.T.);
#3980=IFCPOLYLOOP((#3969,#2668,#3952));
#3981=IFCFACE((#3982));
#3982=IFCFACEOUTERBOUND(#3983,.T.);
#3983=IFCPOLYLOOP((#3951,#3956,#3984));
#3984=IFCCARTESIANPOINT((11191.704394415066,4354.4952333945694,348.18884021714803));
#3985=IFCFACE((#3986));
#3986=IFCFACEOUTERBOUND(#3987,.T.);
#3987=IFCPOLYLOOP((#3952,#3984,#3969));
#3988=IFCFACE((#3989));
#3989=IFCFACEOUTERBOUND(#3990,.T.);
#3990=IFCPOLYLOOP((#3969,#3973,#3977));
#3991=IFCFACE((#3992));
#3992=IFCFACEOUTERBOUND(#3993,.T.);
#3993=IFCPOLYLOOP((#3977,#3994,#3969));
#3994=IFCCARTESIANPOINT((11764.011859686145,5190.7483081811188,89.988255438094257));
#3995=IFCFACE((#3996));
#3996=IFCFACEOUTERBOUND(#3997,.T.);
#3997=IFCPOLYLOOP((#3984,#3973,#3969));
#3998=IFCFACE((#3999));
#3999=IFCFACEOUTERBOUND(#4000,.T.);
#4000=IFCPOLYLOOP((#3952,#3951,#3984));
#4001=IFCFACE((#4002));
#4002=IFCFACEOUTERBOUND(#4003,.T.);
#4003=IFCPOLYLOOP((#3973,#3984,#3851));
#4004=IFCFACE((#4005));
#4005=IFCFACEOUTERBOUND(#4006,.T.);
#4006=IFCPOLYLOOP((#2375,#3951,#2363));
#4007=IFCFACE((#4008));
#4008=IFCFACEOUTERBOUND(#4009,.T.);
#4009=IFCPOLYLOOP((#2669,#3969,#3994));
#4010=IFCFACE((#4011));
#4011=IFCFACEOUTERBOUND(#4012,.T.);
#4012=IFCPOLYLOOP((#2476,#3977,#2470));
#4013=IFCFACE((#4014));
#4014=IFCFACEOUTERBOUND(#4015,.T.);
#4015=IFCPOLYLOOP((#3984,#3852,#3851));
#4016=IFCFACE((#4017));
#4017=IFCFACEOUTERBOUND(#4018,.T.);
#4018=IFCPOLYLOOP((#2474,#2773,#2475));
#4019=IFCFACE((#4020));
#4020=IFCFACEOUTERBOUND(#4021,.T.);
#4021=IFCPOLYLOOP((#2470,#3977,#3850,#3849));
#4022=IFCFACE((#4023));
#4023=IFCFACEOUTERBOUND(#4024,.T.);
#4024=IFCPOLYLOOP((#3994,#2475,#2773));
#4025=IFCFACE((#4026));
#4026=IFCFACEOUTERBOUND(#4027,.T.);
#4027=IFCPOLYLOOP((#2476,#3994,#3977));
#4028=IFCFACE((#4029));
#4029=IFCFACEOUTERBOUND(#4030,.T.);
#4030=IFCPOLYLOOP((#3994,#2773,#2670,#2669));
#4031=IFCFACE((#4032));
#4032=IFCFACEOUTERBOUND(#4033,.T.);
#4033=IFCPOLYLOOP((#3984,#3956,#3852));
#4034=IFCFACE((#4035));
#4035=IFCFACEOUTERBOUND(#4036,.T.);
#4036=IFCPOLYLOOP((#2475,#3994,#2476));
#4037=IFCFACE((#4038));
#4038=IFCFACEOUTERBOUND(#4039,.T.);
#4039=IFCPOLYLOOP((#2373,#3852,#2374));
#4040=IFCFACE((#4041));
#4041=IFCFACEOUTERBOUND(#4042,.T.);
#4042=IFCPOLYLOOP((#3956,#2375,#2374));
#4043=IFCFACE((#4044));
#4044=IFCFACEOUTERBOUND(#4045,.T.);
#4045=IFCPOLYLOOP((#2345,#2348,#2520,#2519,#2504,#2357));
#4046=IFCFACE((#4047));
#4047=IFCFACEOUTERBOUND(#4048,.T.);
#4048=IFCPOLYLOOP((#2346,#2358,#2663,#2679,#2678,#2347));
#4049=IFCFACE((#4050));
#4050=IFCFACEOUTERBOUND(#4051,.T.);
#4051=IFCPOLYLOOP((#2464,#2415,#2387));
#4052=IFCFACE((#4053));
#4053=IFCFACEOUTERBOUND(#4054,.T.);
#4054=IFCPOLYLOOP((#2388,#2416,#2465));
#4055=IFCFACE((#4056));
#4056=IFCFACEOUTERBOUND(#4057,.T.);
#4057=IFCPOLYLOOP((#2357,#2352,#2345));
#4058=IFCFACE((#4059));
#4059=IFCFACEOUTERBOUND(#4060,.T.);
#4060=IFCPOLYLOOP((#2346,#2353,#2358));
#4061=IFCSLAB('2QLDczdKX9Fg7Ur4zrIU$Y',#37,'\X2\AE30BCF8\X0\ \X2\C9C0BD95\X0\:\X2\C77CBC18\X0\ - 400mm:180558.003',$,$,#4062,#4066,'180558',.ROOF.);
#4062=IFCLOCALPLACEMENT(#4063,#257);
#4063=IFCLOCALPLACEMENT(#27,#4064);
#4064=IFCAXIS2PLACEMENT3D(#4065,$,$);
#4065=IFCCARTESIANPOINT((-4548.4848517218243,-14864.643875778302,-0.));
#4066=IFCPRODUCTDEFINITIONSHAPE($,$,(#4067));
#4067=IFCSHAPEREPRESENTATION(#18,'Body','SweptSolid',(#4068));
#4068=IFCEXTRUDEDAREASOLID(#4069,#4074,#4078,400.);
#4069=IFCARBITRARYCLOSEDPROFILEDEF(.AREA.,$,#4070);
#4070=IFCPOLYLINE((#4071,#4072,#4073,#4071));
#4071=IFCCARTESIANPOINT((3258.6463428181696,301.83999098446304));
#4072=IFCCARTESIANPOINT((-3258.6463428181664,301.83999098446736));
#4073=IFCCARTESIANPOINT((3258.6463428181664,-301.83999098448254));
#4074=IFCAXIS2PLACEMENT3D(#4075,#4076,#4077);
#4075=IFCCARTESIANPOINT((3457.1116019507558,301.83999098448902,100.));
#4076=IFCDIRECTION((0.030687589102877989,-0.,0.9995290250288148));
#4077=IFCDIRECTION((0.9995290250288148,0.,-0.030687589102877989));
#4078=IFCDIRECTION((-0.030687589102877989,0.,0.9995290250288148));
#4079=IFCSLAB('2QLDczdKX9Fg7Ur4vrIU$Y',#37,'\X2\AE30BCF8\X0\ \X2\C9C0BD95\X0\:\X2\C77CBC18\X0\ - 400mm:180558',$,$,#4080,#4081,'180558',.ROOF.);
#4080=IFCLOCALPLACEMENT(#4063,#258);
#4081=IFCPRODUCTDEFINITIONSHAPE($,$,(#4082));
#4082=IFCSHAPEREPRESENTATION(#18,'Body','SweptSolid',(#4083));
#4083=IFCEXTRUDEDAREASOLID(#4084,#4089,#4092,400.);
#4084=IFCARBITRARYCLOSEDPROFILEDEF(.AREA.,$,#4085);
#4085=IFCPOLYLINE((#4086,#4087,#4088,#4086));
#4086=IFCCARTESIANPOINT((100.,-697.20872054213351));
#4087=IFCCARTESIANPOINT((100.,697.20872054213351));
#4088=IFCCARTESIANPOINT((-100.,697.20872054213351));
#4089=IFCAXIS2PLACEMENT3D(#4090,#4091,#161);
#4090=IFCCARTESIANPOINT((100.,1293.6799819689663,100.));
#4091=IFCDIRECTION((0.,0.14342907231889229,0.9896605990003553));
#4092=IFCDIRECTION((-0.,-0.14342907231889229,0.9896605990003553));
#4093=IFCSLAB('2QLDczdKX9Fg7Ur4brIU$Y',#37,'\X2\AE30BCF8\X0\ \X2\C9C0BD95\X0\:\X2\C77CBC18\X0\ - 400mm:180558.001',$,$,#4094,#4095,'180558',.ROOF.);
#4094=IFCLOCALPLACEMENT(#4063,#259);
#4095=IFCPRODUCTDEFINITIONSHAPE($,$,(#4096));
#4096=IFCSHAPEREPRESENTATION(#18,'Body','SweptSolid',(#4097));
#4097=IFCEXTRUDEDAREASOLID(#4098,#4103,#4106,400.);
#4098=IFCARBITRARYCLOSEDPROFILEDEF(.AREA.,$,#4099);
#4099=IFCPOLYLINE((#4100,#4101,#4102,#4100));
#4100=IFCCARTESIANPOINT((-3157.1116019507558,635.94773419679666));
#4101=IFCCARTESIANPOINT((-3357.1116019507554,0.));
#4102=IFCCARTESIANPOINT((3357.1116019507563,-0.));
#4103=IFCAXIS2PLACEMENT3D(#4104,#4105,#161);
#4104=IFCCARTESIANPOINT((3357.1116019507563,0.,0.));
#4105=IFCDIRECTION((-0.,-0.31449125336157302,0.94926037079352832));
#4106=IFCDIRECTION((0.,0.31449125336157302,0.94926037079352832));
#4107=IFCSLAB('2QLDczdKX9Fg7Ur4XrIU$Y',#37,'\X2\AE30BCF8\X0\ \X2\C9C0BD95\X0\:\X2\C77CBC18\X0\ - 400mm:180558.002',$,$,#4108,#4109,'180558',.ROOF.);
#4108=IFCLOCALPLACEMENT(#4063,#260);
#4109=IFCPRODUCTDEFINITIONSHAPE($,$,(#4110));
#4110=IFCSHAPEREPRESENTATION(#18,'Body','SweptSolid',(#4111));
#4111=IFCEXTRUDEDAREASOLID(#4112,#4117,#4121,400.);
#4112=IFCARBITRARYCLOSEDPROFILEDEF(.AREA.,$,#4113);
#4113=IFCPOLYLINE((#4114,#4115,#4116,#4114));
#4114=IFCCARTESIANPOINT((282.84271247461612,-388.16000901552775));
#4115=IFCCARTESIANPOINT((0.,991.83999098447077));
#4116=IFCCARTESIANPOINT((-0.,-991.83999098447293));
#4117=IFCAXIS2PLACEMENT3D(#4118,#4119,#4120);
#4118=IFCCARTESIANPOINT((0.,991.83999098449465,0.));
#4119=IFCDIRECTION((-0.70710678118654979,0.,0.70710678118654524));
#4120=IFCDIRECTION((0.70710678118654524,0.,0.70710678118654979));
#4121=IFCDIRECTION((0.70710678118654979,-0.,0.70710678118654524));
#4122=IFCROOF('2QLDczdKX9Fg7Ur4rrIU$Y',#37,'Roof-1F-living-red:180558',$,'red segmented roof',#4063,$,'180558',.NOTDEFINED.);
#4123=IFCSLAB('2QLDczdKX9Fg7Ur4zrIUt7',#37,'\X2\AE30BCF8\X0\ \X2\C9C0BD95\X0\:\X2\C77CBC18\X0\ - 400mm:181099',$,$,#4124,#4128,'181099',.ROOF.);
#4124=IFCLOCALPLACEMENT(#4125,#261);
#4125=IFCLOCALPLACEMENT(#27,#4126);
#4126=IFCAXIS2PLACEMENT3D(#4127,$,$);
#4127=IFCCARTESIANPOINT((2165.7383521796887,-14060.963893809367,-0.));
#4128=IFCPRODUCTDEFINITIONSHAPE($,$,(#4129));
#4129=IFCSHAPEREPRESENTATION(#18,'Body','SweptSolid',(#4130));
#4130=IFCEXTRUDEDAREASOLID(#4131,#4136,#4140,400.);
#4131=IFCARBITRARYCLOSEDPROFILEDEF(.AREA.,$,#4132);
#4132=IFCPOLYLINE((#4133,#4134,#4135,#4133));
#4133=IFCCARTESIANPOINT((1766.8185838082252,590.));
#4134=IFCCARTESIANPOINT((-1766.8185838082234,590.));
#4135=IFCCARTESIANPOINT((1766.8185838082229,-590.));
#4136=IFCAXIS2PLACEMENT3D(#4137,#4138,#4139);
#4137=IFCCARTESIANPOINT((1762.3912471667861,590.,125.));
#4138=IFCDIRECTION((0.070748633247095127,-0.,0.99749417586954769));
#4139=IFCDIRECTION((0.99749417586954769,0.,-0.070748633247095127));
#4140=IFCDIRECTION((-0.070748633247095127,0.,0.99749417586954769));
#4141=IFCSLAB('2QLDczdKX9Fg7Ur4vrIUt7',#37,'\X2\AE30BCF8\X0\ \X2\C9C0BD95\X0\:\X2\C77CBC18\X0\ - 400mm:181099.001',$,$,#4142,#4143,'181099',.ROOF.);
#4142=IFCLOCALPLACEMENT(#4125,#1);
#4143=IFCPRODUCTDEFINITIONSHAPE($,$,(#4144));
#4144=IFCSHAPEREPRESENTATION(#18,'Body','SweptSolid',(#4145));
#4145=IFCEXTRUDEDAREASOLID(#4146,#4151,#4154,400.);
#4146=IFCARBITRARYCLOSEDPROFILEDEF(.AREA.,$,#4147);
#4147=IFCPOLYLINE((#4148,#4149,#4150,#4148));
#4148=IFCCARTESIANPOINT((-1762.3912471667843,603.09617806781489));
#4149=IFCCARTESIANPOINT((-1762.3912471667861,-603.09617806780409));
#4150=IFCCARTESIANPOINT((1762.3912471667843,-603.09617806781466));
#4151=IFCAXIS2PLACEMENT3D(#4152,#4153,#161);
#4152=IFCCARTESIANPOINT((1762.3912471667861,590.,125.));
#4153=IFCDIRECTION((-0.,-0.20726379066183631,0.97828509192386581));
#4154=IFCDIRECTION((0.,0.20726379066183631,0.97828509192386581));
#4155=IFCROOF('2QLDczdKX9Fg7Ur4rrIUt7',#37,'Roof-1F-side-red:181099',$,'red segmented roof',#4125,$,'181099',.NOTDEFINED.);
#4156=IFCSLAB('2fJd5P2ULAuO12Ns8rUnDL',#37,'\X2\AE30BCF8\X0\ \X2\C9C0BD95\X0\:\X2\C77CBC18\X0\ - 400mm:187335',$,$,#4157,#4164,'187335',.ROOF.);
#4157=IFCLOCALPLACEMENT(#4158,#3);
#4158=IFCLOCALPLACEMENT(#4159,#4162);
#4159=IFCLOCALPLACEMENT(#28,#4160);
#4160=IFCAXIS2PLACEMENT3D(#4161,$,$);
#4161=IFCCARTESIANPOINT((0.,0.,5000.));
#4162=IFCAXIS2PLACEMENT3D(#4163,$,$);
#4163=IFCCARTESIANPOINT((-4548.4848517218215,-12880.963893809369,-0.));
#4164=IFCPRODUCTDEFINITIONSHAPE($,$,(#4165));
#4165=IFCSHAPEREPRESENTATION(#18,'Body','SweptSolid',(#4166));
#4166=IFCEXTRUDEDAREASOLID(#4167,#4172,#4176,400.);
#4167=IFCARBITRARYCLOSEDPROFILEDEF(.AREA.,$,#4168);
#4168=IFCPOLYLINE((#4169,#4170,#4171,#4169));
#4169=IFCCARTESIANPOINT((-2112.7192030336041,5189.4273158188507));
#4170=IFCCARTESIANPOINT((-2112.7192030336219,-5189.4273158188444));
#4171=IFCCARTESIANPOINT((2112.7192030336118,-462.65427155452403));
#4172=IFCAXIS2PLACEMENT3D(#4173,#4174,#4175);
#4173=IFCCARTESIANPOINT((2039.8731408759272,5189.4273158188762,550.));
#4174=IFCDIRECTION((-0.26032801671432049,0.,0.96552023475098048));
#4175=IFCDIRECTION((0.96552023475098048,0.,0.26032801671432049));
#4176=IFCDIRECTION((0.26032801671432049,-0.,0.96552023475098048));
#4177=IFCSLAB('2fJd5P2ULAuO12NsCrUnDL',#37,'\X2\AE30BCF8\X0\ \X2\C9C0BD95\X0\:\X2\C77CBC18\X0\ - 400mm:187335.001',$,$,#4178,#4179,'187335',.ROOF.);
#4178=IFCLOCALPLACEMENT(#4158,#4);
#4179=IFCPRODUCTDEFINITIONSHAPE($,$,(#4180));
#4180=IFCSHAPEREPRESENTATION(#18,'Body','SweptSolid',(#4181));
#4181=IFCEXTRUDEDAREASOLID(#4182,#4187,#4190,400.);
#4182=IFCARBITRARYCLOSEDPROFILEDEF(.AREA.,$,#4183);
#4183=IFCPOLYLINE((#4184,#4185,#4186,#4184));
#4184=IFCCARTESIANPOINT((-5119.5028491175453,-2426.539893139181));
#4185=IFCCARTESIANPOINT((5119.5028491175281,-2426.5398931392128));
#4186=IFCCARTESIANPOINT((-1039.7565673657018,2426.5398931391974));
#4187=IFCAXIS2PLACEMENT3D(#4188,#4189,#161);
#4188=IFCCARTESIANPOINT((5119.5028491175453,2363.3865221321839,550.));
#4189=IFCDIRECTION((-0.,-0.22666019279347979,0.97397389954907032));
#4190=IFCDIRECTION((0.,0.22666019279347979,0.97397389954907032));
#4191=IFCSLAB('2fJd5P2ULAuO12NsGrUnDL',#37,'\X2\AE30BCF8\X0\ \X2\C9C0BD95\X0\:\X2\C77CBC18\X0\ - 400mm:187335.002',$,$,#4192,#4193,'187335',.ROOF.);
#4192=IFCLOCALPLACEMENT(#4158,#5);
#4193=IFCPRODUCTDEFINITIONSHAPE($,$,(#4194));
#4194=IFCSHAPEREPRESENTATION(#18,'Body','SweptSolid',(#4195));
#4195=IFCEXTRUDEDAREASOLID(#4196,#4201,#4204,400.);
#4196=IFCARBITRARYCLOSEDPROFILEDEF(.AREA.,$,#4197);
#4197=IFCPOLYLINE((#4198,#4199,#4200,#4198));
#4198=IFCCARTESIANPOINT((-4308.2561579428675,1271.8694788037274));
#4199=IFCCARTESIANPOINT((-228.50987619103961,-4486.2574970735095));
#4200=IFCCARTESIANPOINT((2505.967045958645,1271.8694788037055));
#4201=IFCAXIS2PLACEMENT3D(#4202,#4203,#161);
#4202=IFCCARTESIANPOINT((4308.2561579428848,9130.4087233059581,242.97074943731238));
#4203=IFCDIRECTION((0.,0.19103434234921854,0.98158335358908855));
#4204=IFCDIRECTION((-0.,-0.19103434234921854,0.98158335358908855));
#4205=IFCSLAB('2fJd5P2ULAuO12NsKrUnDL',#37,'\X2\AE30BCF8\X0\ \X2\C9C0BD95\X0\:\X2\C77CBC18\X0\ - 400mm:187335.003',$,$,#4206,#4207,'187335',.ROOF.);
#4206=IFCLOCALPLACEMENT(#4158,#6);
#4207=IFCPRODUCTDEFINITIONSHAPE($,$,(#4208));
#4208=IFCSHAPEREPRESENTATION(#18,'Body','SweptSolid',(#4209));
#4209=IFCEXTRUDEDAREASOLID(#4210,#4215,#15,400.);
#4210=IFCARBITRARYCLOSEDPROFILEDEF(.AREA.,$,#4211);
#4211=IFCPOLYLINE((#4212,#4213,#4214,#4212));
#4212=IFCCARTESIANPOINT((1712.3912471667768,-2770.));
#4213=IFCCARTESIANPOINT((1712.3912471667854,2770.));
#4214=IFCCARTESIANPOINT((-1712.3912471667768,2770.));
#4215=IFCAXIS2PLACEMENT3D(#4216,$,$);
#4216=IFCCARTESIANPOINT((8526.6144510682971,2770.,0.));
#4217=IFCSLAB('2fJd5P2ULAuO12NsOrUnDL',#37,'\X2\AE30BCF8\X0\ \X2\C9C0BD95\X0\:\X2\C77CBC18\X0\ - 400mm:187335.004',$,$,#4218,#4219,'187335',.ROOF.);
#4218=IFCLOCALPLACEMENT(#4158,#7);
#4219=IFCPRODUCTDEFINITIONSHAPE($,$,(#4220));
#4220=IFCSHAPEREPRESENTATION(#18,'Body','SweptSolid',(#4221));
#4221=IFCEXTRUDEDAREASOLID(#4222,#4227,#4231,399.99999999999994);
#4222=IFCARBITRARYCLOSEDPROFILEDEF(.AREA.,$,#4223);
#4223=IFCPOLYLINE((#4224,#4225,#4226,#4224));
#4224=IFCCARTESIANPOINT((3245.4444039437808,-2199.8421792915869));
#4225=IFCCARTESIANPOINT((-363.73664506804465,3221.8316663899855));
#4226=IFCCARTESIANPOINT((-3245.4444039437822,2199.8421792915888));
#4227=IFCAXIS2PLACEMENT3D(#4228,#4229,#4230);
#4228=IFCCARTESIANPOINT((7159.3759899934594,2363.3865221321753,550.));
#4229=IFCDIRECTION((0.315551424143929,0.19507129846031543,0.92864120479211187));
#4230=IFCDIRECTION((0.94890847752601426,-0.064869297194228528,-0.30881171538785346));
#4231=IFCDIRECTION((-0.30881171538785346,-0.20557440794385523,0.92864120479211187));
#4232=IFCSLAB('2fJd5P2ULAuO12NsSrUnDL',#37,'\X2\AE30BCF8\X0\ \X2\C9C0BD95\X0\:\X2\C77CBC18\X0\ - 400mm:187335.005',$,$,#4233,#4234,'187335',.ROOF.);
#4233=IFCLOCALPLACEMENT(#4158,#8);
#4234=IFCPRODUCTDEFINITIONSHAPE($,$,(#4235));
#4235=IFCSHAPEREPRESENTATION(#18,'Body','SweptSolid',(#4236));
#4236=IFCEXTRUDEDAREASOLID(#4237,#4242,#4246,400.);
#4237=IFCARBITRARYCLOSEDPROFILEDEF(.AREA.,$,#4238);
#4238=IFCPOLYLINE((#4239,#4240,#4241,#4239));
#4239=IFCCARTESIANPOINT((1473.7167331079211,-2012.8138379510167));
#4240=IFCCARTESIANPOINT((1473.7167331079293,2826.0407936866754));
#4241=IFCCARTESIANPOINT((-1473.7167331079283,-2826.0407936866768));
#4242=IFCAXIS2PLACEMENT3D(#4243,#4244,#4245);
#4243=IFCCARTESIANPOINT((5446.9847428266858,7552.8138379510292,550.));
#4244=IFCDIRECTION((0.37320604946929253,-0.,0.92774848134584631));
#4245=IFCDIRECTION((0.92774848134584631,0.,-0.37320604946929253));
#4246=IFCDIRECTION((-0.37320604946929253,0.,0.92774848134584631));
#4247=IFCROOF('2fJd5P2ULAuO12Ns0rUnDL',#37,'Roof-RF-main-red:187335',$,'red segmented roof',#4158,$,'187335',.NOTDEFINED.);
#4248=IFCMATERIALLAYERSET((#4249),'\X2\AE30BCF8\X0\ \X2\C9C0BD95\X0\:\X2\C77CBC18\X0\ - 400mm',$);
#4249=IFCMATERIALLAYER(#4250,400.,$,$,$,$,$);
#4250=IFCMATERIAL('\X2\AE30BCF8\X0\ \X2\C9C0BD95\X0\',$,$);
#4251=IFCRELASSOCIATESMATERIAL('1WW$STiZwyR4JiKU2XqLzN',#37,$,$,(#4252),#1057);
#4252=IFCSLABTYPE('3kSL0VGKv3gxJCujeqtueU',#37,'\X2\BC14B2E5\X0\:\X2\CF58D06CB9ACD2B8\X0\-\X2\C0C1C6A9\X0\ 362mm',$,$,(#4253),$,'1244',$,.FLOOR.);
#4253=IFCPROPERTYSET('2DlVhTYPd6qwvlbUDSR70Z',#37,'Pset_SlabCommon',$,(#4254));
#4254=IFCPROPERTYSINGLEVALUE('ThermalTransmittance',$,IFCTHERMALTRANSMITTANCEMEASURE(4.404791834271923),$);
#4255=IFCRELDEFINESBYTYPE('1QY2Tvewy0R82SlE0k5Ytx',#37,$,$,(#4256,#4275,#4286,#4297,#4322,#4344,#4363,#4393,#4404),#4422);
#4256=IFCSPACE('14IXgIBWbCrA7ov3WzI7X_',#37,'MasterBedroom',$,'MasterBedroom',#4257,#4259,'??',.ELEMENT.,.INTERNAL.,$);
#4257=IFCLOCALPLACEMENT(#266,#4258);
#4258=IFCAXIS2PLACEMENT3D(#2,$,$);
#4259=IFCPRODUCTDEFINITIONSHAPE($,$,(#4260));
#4260=IFCSHAPEREPRESENTATION(#18,'Body','SweptSolid',(#4261));
#4261=IFCEXTRUDEDAREASOLID(#4262,#4273,#15,2438.4000000000001);
#4262=IFCARBITRARYCLOSEDPROFILEDEF(.AREA.,$,#4263);
#4263=IFCPOLYLINE((#4264,#4265,#4266,#4267,#4268,#4269,#4270,#4271,#4272,#4264));
#4264=IFCCARTESIANPOINT((-1301.5803559890444,-3411.1111111110981));
#4265=IFCCARTESIANPOINT((3898.4196440109286,-3411.1111111110977));
#4266=IFCCARTESIANPOINT((3898.419644010944,2688.8888888888723));
#4267=IFCCARTESIANPOINT((212.64284791243801,2688.88888888888));
#4268=IFCCARTESIANPOINT((-1301.5803559890555,2688.8888888888837));
#4269=IFCCARTESIANPOINT((-1301.580355989053,1288.8888888888835));
#4270=IFCCARTESIANPOINT((-1401.5803559890519,1288.8888888888832));
#4271=IFCCARTESIANPOINT((-1401.5803559890464,-1911.1111111110974));
#4272=IFCCARTESIANPOINT((-1301.5803559890476,-1911.1111111110972));
#4273=IFCAXIS2PLACEMENT3D(#4274,#15,#62);
#4274=IFCCARTESIANPOINT((-4235.8420038093655,-5175.7549868894084,0.));
#4275=IFCSPACE('14IXgIBWbCrA7ov3WzI7Xb',#37,'Bathroom',$,'Bathroom',#4276,#4278,'???/??',.ELEMENT.,.INTERNAL.,$);
#4276=IFCLOCALPLACEMENT(#266,#4277);
#4277=IFCAXIS2PLACEMENT3D(#2,$,$);
#4278=IFCPRODUCTDEFINITIONSHAPE($,$,(#4279));
#4279=IFCSHAPEREPRESENTATION(#18,'Body','SweptSolid',(#4280));
#4280=IFCEXTRUDEDAREASOLID(#4281,#4284,#15,2438.4000000000001);
#4281=IFCRECTANGLEPROFILEDEF(.AREA.,$,#4282,1573.8990098113291,2500.0000000000032);
#4282=IFCAXIS2PLACEMENT2D(#4283,#100);
#4283=IFCCARTESIANPOINT((250.00000000000381,404.13041572225808));
#4284=IFCAXIS2PLACEMENT3D(#4285,#15,#14);
#4285=IFCCARTESIANPOINT((6536.3904307910052,-6827.694370872684,0.));
#4286=IFCSPACE('14IXgIBWbCrA7ov3WzI7XY',#37,'EntranceStairHall',$,'EntranceStairHall',#4287,#4289,'??/???',.ELEMENT.,.INTERNAL.,$);
#4287=IFCLOCALPLACEMENT(#266,#4288);
#4288=IFCAXIS2PLACEMENT3D(#2,$,$);
#4289=IFCPRODUCTDEFINITIONSHAPE($,$,(#4290));
#4290=IFCSHAPEREPRESENTATION(#18,'Body','SweptSolid',(#4291));
#4291=IFCEXTRUDEDAREASOLID(#4292,#4295,#15,2438.4000000000001);
#4292=IFCRECTANGLEPROFILEDEF(.AREA.,$,#4293,2324.7824943335518,3226.100990188676);
#4293=IFCAXIS2PLACEMENT2D(#4294,#100);
#4294=IFCCARTESIANPOINT((1.5916157281026244E-12,2.2737367544323206E-13));
#4295=IFCAXIS2PLACEMENT3D(#4296,#15,#62);
#4296=IFCCARTESIANPOINT((7028.1295993464928,-4477.6943708726849,0.));
#4297=IFCSPACE('2QLDczdKX9Fg7Ur4rrIQKS',#37,'LivingRoom',$,'LivingRoom',#4298,#4300,'??',.ELEMENT.,.INTERNAL.,$);
#4298=IFCLOCALPLACEMENT(#266,#4299);
#4299=IFCAXIS2PLACEMENT3D(#2,$,$);
#4300=IFCPRODUCTDEFINITIONSHAPE($,$,(#4301));
#4301=IFCSHAPEREPRESENTATION(#18,'Body','SweptSolid',(#4302));
#4302=IFCEXTRUDEDAREASOLID(#4303,#4320,#15,2438.4000000000001);
#4303=IFCARBITRARYCLOSEDPROFILEDEF(.AREA.,$,#4304);
#4304=IFCPOLYLINE((#4305,#4306,#4307,#4308,#4309,#4310,#4311,#4312,#4313,#4314,#4315,#4316,#4317,#4318,#4319,#4305));
#4305=IFCCARTESIANPOINT((-3080.,-3733.3333333333262));
#4306=IFCCARTESIANPOINT((3120.,-3733.3333333333253));
#4307=IFCCARTESIANPOINT((3120.,-2233.3333333333253));
#4308=IFCCARTESIANPOINT((3220.,-2233.3333333333253));
#4309=IFCCARTESIANPOINT((3220.,966.6666666666556));
#4310=IFCCARTESIANPOINT((3120.,966.66666666665526));
#4311=IFCCARTESIANPOINT((3120.,2466.6666666666511));
#4312=IFCCARTESIANPOINT((-80.,2466.6666666666515));
#4313=IFCCARTESIANPOINT((-80.,2366.6666666666633));
#4314=IFCCARTESIANPOINT((-1580.,2366.666666666667));
#4315=IFCCARTESIANPOINT((-1580.,866.66666666667243));
#4316=IFCCARTESIANPOINT((-3180.,866.66666666667152));
#4317=IFCCARTESIANPOINT((-3180.,666.66666666667356));
#4318=IFCCARTESIANPOINT((-3080.,666.66666666667493));
#4319=IFCCARTESIANPOINT((-3080.,-2733.3333333333267));
#4320=IFCAXIS2PLACEMENT3D(#4321,#15,#62);
#4321=IFCCARTESIANPOINT((385.73835217969429,-5497.9772091116511,0.));
#4322=IFCSPACE('2QLDczdKX9Fg7Ur4rrIQ9b',#37,'Kitchen',$,'Kitchen',#4323,#4325,'??/??',.ELEMENT.,.INTERNAL.,$);
#4323=IFCLOCALPLACEMENT(#266,#4324);
#4324=IFCAXIS2PLACEMENT3D(#2,$,$);
#4325=IFCPRODUCTDEFINITIONSHAPE($,$,(#4326));
#4326=IFCSHAPEREPRESENTATION(#18,'Body','SweptSolid',(#4327));
#4327=IFCEXTRUDEDAREASOLID(#4328,#4342,#95,2438.4000000000001);
#4328=IFCARBITRARYCLOSEDPROFILEDEF(.AREA.,$,#4329);
#4329=IFCPOLYLINE((#4330,#4331,#4332,#4333,#4334,#4335,#4336,#4337,#4338,#4339,#4340,#4341,#4330));
#4330=IFCCARTESIANPOINT((-2364.2362200512889,2188.2337732116107));
#4331=IFCCARTESIANPOINT((-2364.2362200513139,-1111.7662267884014));
#4332=IFCCARTESIANPOINT((-2264.2362200513016,-1111.7662267884018));
#4333=IFCCARTESIANPOINT((-2264.2362200513103,-2711.7662267884075));
#4334=IFCCARTESIANPOINT((-664.23622005132893,-2711.766226788423));
#4335=IFCCARTESIANPOINT((-664.2362200513279,-2611.766226788423));
#4336=IFCCARTESIANPOINT((3632.0837979797193,-2611.766226788463));
#4337=IFCCARTESIANPOINT((4335.7637799486747,-2611.7662267884693));
#4338=IFCCARTESIANPOINT((4335.7637799487429,3701.7195319913244));
#4339=IFCCARTESIANPOINT((2810.2784025332949,3701.719531991339));
#4340=IFCCARTESIANPOINT((-2264.2362200512771,3702.4569771131041));
#4341=IFCCARTESIANPOINT((-2264.2362200512844,2188.2337732116107));
#4342=IFCAXIS2PLACEMENT3D(#4343,#95,#14);
#4343=IFCCARTESIANPOINT((-646.02787460873367,-10328.880095829605,0.));
#4344=IFCSPACE('2QLDczdKX9Fg7Ur4rrIQ9W',#37,'Corridor',$,'Corridor',#4345,#4347,'??',.ELEMENT.,.INTERNAL.,$);
#4345=IFCLOCALPLACEMENT(#266,#4346);
#4346=IFCAXIS2PLACEMENT3D(#2,$,$);
#4347=IFCPRODUCTDEFINITIONSHAPE($,$,(#4348));
#4348=IFCSHAPEREPRESENTATION(#18,'Body','SweptSolid',(#4349));
#4349=IFCEXTRUDEDAREASOLID(#4350,#4361,#95,2438.4000000000001);
#4350=IFCARBITRARYCLOSEDPROFILEDEF(.AREA.,$,#4351);
#4351=IFCPOLYLINE((#4352,#4353,#4354,#4355,#4356,#4357,#4358,#4359,#4360,#4352));
#4352=IFCCARTESIANPOINT((-2586.4781078406668,988.26083144452423));
#4353=IFCCARTESIANPOINT((-2586.4781078406718,-1011.7391685554813));
#4354=IFCCARTESIANPOINT((639.62288234800405,-1011.7391685554938));
#4355=IFCCARTESIANPOINT((639.62288234800451,-936.52166288904402));
#4356=IFCCARTESIANPOINT((639.62288234800531,-596.52166288904448));
#4357=IFCCARTESIANPOINT((913.52189215932674,-596.52166288904596));
#4358=IFCCARTESIANPOINT((913.52189215933083,1088.2608314445242));
#4359=IFCCARTESIANPOINT((713.52189215933299,1088.2608314445249));
#4360=IFCCARTESIANPOINT((713.52189215933356,988.26083144452423));
#4361=IFCAXIS2PLACEMENT3D(#4362,#95,#14);
#4362=IFCCARTESIANPOINT((4653.9991836242225,-5451.1219836190085,0.));
#4363=IFCSPACE('2QLDczdKX9Fg7Ur4rrIQ9Z',#37,'StairRoom',$,'StairRoom',#4364,#4366,'???',.ELEMENT.,.INTERNAL.,$);
#4364=IFCLOCALPLACEMENT(#266,#4365);
#4365=IFCAXIS2PLACEMENT3D(#2,$,$);
#4366=IFCPRODUCTDEFINITIONSHAPE($,$,(#4367));
#4367=IFCSHAPEREPRESENTATION(#18,'Body','SweptSolid',(#4368));
#4368=IFCEXTRUDEDAREASOLID(#4369,#4391,#95,2438.4000000000001);
#4369=IFCARBITRARYPROFILEDEFWITHVOIDS(.AREA.,$,#4370,(#4386));
#4370=IFCPOLYLINE((#4371,#4372,#4373,#4374,#4375,#4376,#4377,#4378,#4379,#4380,#4381,#4382,#4383,#4384,#4385,#4371));
#4371=IFCCARTESIANPOINT((-3102.5280072124106,1717.2173303112345));
#4372=IFCCARTESIANPOINT((-3102.5280072124083,317.21733031124381));
#4373=IFCCARTESIANPOINT((-3102.5280072124056,-1367.5651640223264));
#4374=IFCCARTESIANPOINT((-3102.5280072124051,-1607.5651640223261));
#4375=IFCCARTESIANPOINT((-1502.5280072123965,-1607.5651640223289));
#4376=IFCCARTESIANPOINT((1833.7920108186231,-1607.5651640223332));
#4377=IFCCARTESIANPOINT((1833.7920108186227,-707.56516402233638));
#4378=IFCCARTESIANPOINT((2033.7920108186204,-707.56516402233672));
#4379=IFCCARTESIANPOINT((2033.7920108186211,-1607.5651640223336));
#4380=IFCCARTESIANPOINT((4393.7920108186217,-1607.5651640223375));
#4381=IFCCARTESIANPOINT((4393.7920108186145,1717.2173303112345));
#4382=IFCCARTESIANPOINT((197.47199278756602,1717.2173303112349));
#4383=IFCCARTESIANPOINT((197.47199278756619,1817.2173303112352));
#4384=IFCCARTESIANPOINT((-1502.5280072124156,1817.2173303112352));
#4385=IFCCARTESIANPOINT((-1502.5280072124156,1717.2173303112345));
#4386=IFCPOLYLINE((#4387,#4388,#4389,#4390,#4387));
#4387=IFCCARTESIANPOINT((-1502.5280072124106,317.21733031124057));
#4388=IFCCARTESIANPOINT((697.47199278758865,317.21733031124063));
#4389=IFCCARTESIANPOINT((697.47199278758819,117.21733031124062));
#4390=IFCCARTESIANPOINT((-1502.5280072124108,117.21733031124054));
#4391=IFCAXIS2PLACEMENT3D(#4392,#95,#14);
#4392=IFCCARTESIANPOINT((3882.9556824909314,-9467.1718829907422,0.));
#4393=IFCSPACE('2QLDczdKX9Fg7Ur4rrIUMS',#37,'Bedroom',$,'Bedroom',#4394,#4396,'??/?? ?',.ELEMENT.,.INTERNAL.,$);
#4394=IFCLOCALPLACEMENT(#27,#4395);
#4395=IFCAXIS2PLACEMENT3D(#2,$,$);
#4396=IFCPRODUCTDEFINITIONSHAPE($,$,(#4397));
#4397=IFCSHAPEREPRESENTATION(#18,'Body','SweptSolid',(#4398));
#4398=IFCEXTRUDEDAREASOLID(#4399,#4402,#15,2438.4000000000001);
#4399=IFCRECTANGLEPROFILEDEF(.AREA.,$,#4400,4820.0000000000009,4672.2327504355362);
#4400=IFCAXIS2PLACEMENT2D(#4401,#100);
#4401=IFCCARTESIANPOINT((-482.00000000000011,180.77672495644606));
#4402=IFCAXIS2PLACEMENT3D(#4403,#15,#62);
#4403=IFCCARTESIANPOINT((-2420.484851721807,-4857.4489124329702,0.));
#4404=IFCSPACE('2QLDczdKX9Fg7Ur4rrIUMV',#37,'StudyBalcony',$,'StudyBalcony',#4405,#4407,'??/???',.ELEMENT.,.INTERNAL.,$);
#4405=IFCLOCALPLACEMENT(#27,#4406);
#4406=IFCAXIS2PLACEMENT3D(#2,$,$);
#4407=IFCPRODUCTDEFINITIONSHAPE($,$,(#4408));
#4408=IFCSHAPEREPRESENTATION(#18,'Body','SweptSolid',(#4409));
#4409=IFCEXTRUDEDAREASOLID(#4410,#4420,#15,2438.4000000000001);
#4410=IFCARBITRARYCLOSEDPROFILEDEF(.AREA.,$,#4411);
#4411=IFCPOLYLINE((#4412,#4413,#4414,#4415,#4416,#4417,#4418,#4419,#4412));
#4412=IFCCARTESIANPOINT((-2953.3109406010835,-4000.3337014630652));
#4413=IFCCARTESIANPOINT((2153.3109406010722,-4000.3337014630652));
#4414=IFCCARTESIANPOINT((2153.3109406010717,-3880.3337014630656));
#4415=IFCCARTESIANPOINT((2153.3109406010831,2413.8895024384469));
#4416=IFCCARTESIANPOINT((2153.3109406010844,3913.8895024384424));
#4417=IFCCARTESIANPOINT((-1353.3109406010722,3913.8895024384406));
#4418=IFCCARTESIANPOINT((-1353.3109406010753,819.66629853693553));
#4419=IFCCARTESIANPOINT((-2953.3109406010758,819.66629853693553));
#4420=IFCAXIS2PLACEMENT3D(#4421,#15,#14);
#4421=IFCCARTESIANPOINT((-348.1511502587519,-10527.652953208268,-0.));
#4422=IFCSPACETYPE('1BcdHYEmtIQOLuwgSuqgqr',#37,'NOTDEFINED',$,$,$,$,$,$,.NOTDEFINED.,$);
#4423=IFCRELDEFINESBYTYPE('0UxHX6v26WQFotBexg1IqM',#37,$,$,(#789,#4424,#4438,#849,#4452,#4466,#606,#4480,#4494,#4508,#639,#4522,#691,#502,#4536,#284,#4550,#368,#4564,#4578,#4592,#4606,#4620,#436,#469,#4634,#4648,#4662,#710,#725,#44,#120,#743,#758,#773,#803,#224,#819),#1083);
#4424=IFCWALLSTANDARDCASE('2znubWhPDD4wn7Fg4E20D6',#37,'\X2\AE30BCF8\X0\ \X2\BCBD\X0\:\X2\C77CBC18\X0\ - 200mm:139087',$,$,#4425,#4428,'139087',$);
#4425=IFCLOCALPLACEMENT(#266,#4426);
#4426=IFCAXIS2PLACEMENT3D(#4427,#15,#14);
#4427=IFCCARTESIANPOINT((3565.7383521797183,-1764.6438757783355,0.));
#4428=IFCPRODUCTDEFINITIONSHAPE($,$,(#4429,#4432));
#4429=IFCSHAPEREPRESENTATION(#47,'Axis','Curve2D',(#4430));
#4430=IFCPOLYLINE((#49,#4431));
#4431=IFCCARTESIANPOINT((4400.,0.));
#4432=IFCSHAPEREPRESENTATION(#18,'Body','SweptSolid',(#4433));
#4433=IFCEXTRUDEDAREASOLID(#4434,#4437,#15,2500.);
#4434=IFCRECTANGLEPROFILEDEF(.AREA.,$,#4435,4400.0000000000018,200.);
#4435=IFCAXIS2PLACEMENT2D(#4436,#56);
#4436=IFCCARTESIANPOINT((2200.0000000000009,7.1054273576010019E-14));
#4437=IFCAXIS2PLACEMENT3D(#2,$,$);
#4438=IFCWALLSTANDARDCASE('2znubWhPDD4wn7Fg4E23n1',#37,'\X2\AE30BCF8\X0\ \X2\BCBD\X0\:\X2\C77CBC18\X0\ - 200mm:139336',$,$,#4439,#4442,'139336',$);
#4439=IFCLOCALPLACEMENT(#266,#4440);
#4440=IFCAXIS2PLACEMENT3D(#4441,$,$);
#4441=IFCCARTESIANPOINT((3665.7383521797128,-2764.6438757783362,0.));
#4442=IFCPRODUCTDEFINITIONSHAPE($,$,(#4443,#4446));
#4443=IFCSHAPEREPRESENTATION(#47,'Axis','Curve2D',(#4444));
#4444=IFCPOLYLINE((#49,#4445));
#4445=IFCCARTESIANPOINT((4724.7824943335572,0.));
#4446=IFCSHAPEREPRESENTATION(#18,'Body','SweptSolid',(#4447));
#4447=IFCEXTRUDEDAREASOLID(#4448,#4451,#15,2500.);
#4448=IFCRECTANGLEPROFILEDEF(.AREA.,$,#4449,4724.7824943335572,200.);
#4449=IFCAXIS2PLACEMENT2D(#4450,#56);
#4450=IFCCARTESIANPOINT((2362.3912471667786,1.7763568394002505E-13));
#4451=IFCAXIS2PLACEMENT3D(#2,$,$);
#4452=IFCWALLSTANDARDCASE('2znubWhPDD4wn7Fg4E23qH',#37,'\X2\AE30BCF8\X0\ \X2\BCBD\X0\:\X2\C77CBC18\X0\ - 200mm:139544',$,$,#4453,#4456,'139544',$);
#4453=IFCLOCALPLACEMENT(#266,#4454);
#4454=IFCAXIS2PLACEMENT3D(#4455,$,$);
#4455=IFCCARTESIANPOINT((-8134.261647820319,-7964.643875778268,0.));
#4456=IFCPRODUCTDEFINITIONSHAPE($,$,(#4457,#4460));
#4457=IFCSHAPEREPRESENTATION(#47,'Axis','Curve2D',(#4458));
#4458=IFCPOLYLINE((#49,#4459));
#4459=IFCCARTESIANPOINT((5400.,0.));
#4460=IFCSHAPEREPRESENTATION(#18,'Body','SweptSolid',(#4461));
#4461=IFCEXTRUDEDAREASOLID(#4462,#4465,#15,2500.);
#4462=IFCRECTANGLEPROFILEDEF(.AREA.,$,#4463,5400.0000000000027,200.);
#4463=IFCAXIS2PLACEMENT2D(#4464,#56);
#4464=IFCCARTESIANPOINT((2700.,9.9475983006414026E-14));
#4465=IFCAXIS2PLACEMENT3D(#2,$,$);
#4466=IFCWALLSTANDARDCASE('2znubWhPDD4wn7Fg4E23rO',#37,'\X2\AE30BCF8\X0\ \X2\BCBD\X0\:\X2\C77CBC18\X0\ - 200mm:139601',$,$,#4467,#4470,'139601',$);
#4467=IFCLOCALPLACEMENT(#266,#4468);
#4468=IFCAXIS2PLACEMENT3D(#4469,#15,#108);
#4469=IFCCARTESIANPOINT((-2834.2616478203186,-7864.6438757782971,0.));
#4470=IFCPRODUCTDEFINITIONSHAPE($,$,(#4471,#4474));
#4471=IFCSHAPEREPRESENTATION(#47,'Axis','Curve2D',(#4472));
#4472=IFCPOLYLINE((#49,#4473));
#4473=IFCCARTESIANPOINT((1400.,-0.));
#4474=IFCSHAPEREPRESENTATION(#18,'Body','SweptSolid',(#4475));
#4475=IFCEXTRUDEDAREASOLID(#4476,#4479,#15,2500.);
#4476=IFCRECTANGLEPROFILEDEF(.AREA.,$,#4477,1400.0000000000011,200.);
#4477=IFCAXIS2PLACEMENT2D(#4478,#56);
#4478=IFCCARTESIANPOINT((700.00000000000057,-7.1054273576010019E-14));
#4479=IFCAXIS2PLACEMENT3D(#2,$,$);
#4480=IFCWALLSTANDARDCASE('2znubWhPDD4wn7Fg4E23v3',#37,'\X2\AE30BCF8\X0\ \X2\BCBD\X0\:\X2\C77CBC18\X0\ - 200mm:139850',$,$,#4481,#4484,'139850',$);
#4481=IFCLOCALPLACEMENT(#266,#4482);
#4482=IFCAXIS2PLACEMENT3D(#4483,$,$);
#4483=IFCCARTESIANPOINT((465.73835217969309,-7964.6438757783144,0.));
#4484=IFCPRODUCTDEFINITIONSHAPE($,$,(#4485,#4488));
#4485=IFCSHAPEREPRESENTATION(#47,'Axis','Curve2D',(#4486));
#4486=IFCPOLYLINE((#49,#4487));
#4487=IFCCARTESIANPOINT((1700.,0.));
#4488=IFCSHAPEREPRESENTATION(#18,'Body','SweptSolid',(#4489));
#4489=IFCEXTRUDEDAREASOLID(#4490,#4493,#15,2500.);
#4490=IFCRECTANGLEPROFILEDEF(.AREA.,$,#4491,1700.0000000000064,200.);
#4491=IFCAXIS2PLACEMENT2D(#4492,#56);
#4492=IFCCARTESIANPOINT((850.00000000000318,1.4210854715202004E-13));
#4493=IFCAXIS2PLACEMENT3D(#2,$,$);
#4494=IFCWALLSTANDARDCASE('2znubWhPDD4wn7Fg4E23xW',#37,'\X2\AE30BCF8\X0\ \X2\BCBD\X0\:\X2\C77CBC18\X0\ - 200mm:140009',$,$,#4495,#4498,'140009',$);
#4495=IFCLOCALPLACEMENT(#266,#4496);
#4496=IFCAXIS2PLACEMENT3D(#4497,#15,#14);
#4497=IFCCARTESIANPOINT((2065.7383521797019,-6364.6438757783289,0.));
#4498=IFCPRODUCTDEFINITIONSHAPE($,$,(#4499,#4502));
#4499=IFCSHAPEREPRESENTATION(#47,'Axis','Curve2D',(#4500));
#4500=IFCPOLYLINE((#49,#4501));
#4501=IFCCARTESIANPOINT((1500.,0.));
#4502=IFCSHAPEREPRESENTATION(#18,'Body','SweptSolid',(#4503));
#4503=IFCEXTRUDEDAREASOLID(#4504,#4507,#15,2500.);
#4504=IFCRECTANGLEPROFILEDEF(.AREA.,$,#4505,1499.9999999999945,200.);
#4505=IFCAXIS2PLACEMENT2D(#4506,#56);
#4506=IFCCARTESIANPOINT((749.99999999999727,5.6843418860808015E-14));
#4507=IFCAXIS2PLACEMENT3D(#2,$,$);
#4508=IFCWALLSTANDARDCASE('2znubWhPDD4wn7Fg4E23zw',#37,'\X2\AE30BCF8\X0\ \X2\BCBD\X0\:\X2\C77CBC18\X0\ - 200mm:140147',$,$,#4509,#4512,'140147',$);
#4509=IFCLOCALPLACEMENT(#266,#4510);
#4510=IFCAXIS2PLACEMENT3D(#4511,#15,#14);
#4511=IFCCARTESIANPOINT((2065.738352179696,-9664.6438757783053,0.));
#4512=IFCPRODUCTDEFINITIONSHAPE($,$,(#4513,#4516));
#4513=IFCSHAPEREPRESENTATION(#47,'Axis','Curve2D',(#4514));
#4514=IFCPOLYLINE((#49,#4515));
#4515=IFCCARTESIANPOINT((5200.,-0.));
#4516=IFCSHAPEREPRESENTATION(#18,'Body','SweptSolid',(#4517));
#4517=IFCEXTRUDEDAREASOLID(#4518,#4521,#15,2500.);
#4518=IFCRECTANGLEPROFILEDEF(.AREA.,$,#4519,5200.,200.);
#4519=IFCAXIS2PLACEMENT2D(#4520,#56);
#4520=IFCCARTESIANPOINT((2600.,-3.5527136788005009E-14));
#4521=IFCAXIS2PLACEMENT3D(#2,$,$);
#4522=IFCWALLSTANDARDCASE('2znubWhPDD4wn7Fg4E23Yb',#37,'\X2\AE30BCF8\X0\ \X2\BCBD\X0\:\X2\C77CBC18\X0\ - 200mm:140460',$,$,#4523,#4526,'140460',$);
#4523=IFCLOCALPLACEMENT(#266,#4524);
#4524=IFCAXIS2PLACEMENT3D(#4525,#15,#14);
#4525=IFCCARTESIANPOINT((-4447.7474066001032,-13139.15849836286,0.));
#4526=IFCPRODUCTDEFINITIONSHAPE($,$,(#4527,#4530));
#4527=IFCSHAPEREPRESENTATION(#47,'Axis','Curve2D',(#4528));
#4528=IFCPOLYLINE((#49,#4529));
#4529=IFCCARTESIANPOINT((1525.485377415446,-0.));
#4530=IFCSHAPEREPRESENTATION(#18,'Body','SweptSolid',(#4531));
#4531=IFCEXTRUDEDAREASOLID(#4532,#4535,#15,2500.);
#4532=IFCRECTANGLEPROFILEDEF(.AREA.,$,#4533,1525.485377415446,200.);
#4533=IFCAXIS2PLACEMENT2D(#4534,#56);
#4534=IFCCARTESIANPOINT((762.742688707723,-7.815970093361102E-14));
#4535=IFCAXIS2PLACEMENT3D(#2,$,$);
#4536=IFCWALLSTANDARDCASE('2znubWhPDD4wn7Fg4E23Hi',#37,'\X2\AE30BCF8\X0\ \X2\BCBD\X0\:\X2\C77CBC18\X0\ - 200mm:141413',$,$,#4537,#4540,'141413',$);
#4537=IFCLOCALPLACEMENT(#266,#4538);
#4538=IFCAXIS2PLACEMENT3D(#4539,#15,#62);
#4539=IFCCARTESIANPOINT((8190.5208465132637,-7964.6438757783571,0.));
#4540=IFCPRODUCTDEFINITIONSHAPE($,$,(#4541,#4544));
#4541=IFCSHAPEREPRESENTATION(#47,'Axis','Curve2D',(#4542));
#4542=IFCPOLYLINE((#49,#4543));
#4543=IFCCARTESIANPOINT((2500.,-0.));
#4544=IFCSHAPEREPRESENTATION(#18,'Body','SweptSolid',(#4545));
#4545=IFCEXTRUDEDAREASOLID(#4546,#4549,#15,2500.);
#4546=IFCRECTANGLEPROFILEDEF(.AREA.,$,#4547,2500.0000000000014,200.);
#4547=IFCAXIS2PLACEMENT2D(#4548,#56);
#4548=IFCCARTESIANPOINT((1250.0000000000007,-3.1974423109204508E-13));
#4549=IFCAXIS2PLACEMENT3D(#2,$,$);
#4550=IFCWALLSTANDARDCASE('2znubWhPDD4wn7Fg4E23Lp',#37,'\X2\AE30BCF8\X0\ \X2\BCBD\X0\:\X2\C77CBC18\X0\ - 200mm:141690',$,$,#4551,#4554,'141690',$);
#4551=IFCLOCALPLACEMENT(#266,#4552);
#4552=IFCAXIS2PLACEMENT3D(#4553,$,$);
#4553=IFCCARTESIANPOINT((5250.5208465132619,-6190.7448659670172,0.));
#4554=IFCPRODUCTDEFINITIONSHAPE($,$,(#4555,#4558));
#4555=IFCSHAPEREPRESENTATION(#47,'Axis','Curve2D',(#4556));
#4556=IFCPOLYLINE((#49,#4557));
#4557=IFCCARTESIANPOINT((2940.,0.));
#4558=IFCSHAPEREPRESENTATION(#18,'Body','SweptSolid',(#4559));
#4559=IFCEXTRUDEDAREASOLID(#4560,#4563,#15,2500.);
#4560=IFCRECTANGLEPROFILEDEF(.AREA.,$,#4561,2940.0000000000041,200.);
#4561=IFCAXIS2PLACEMENT2D(#4562,#56);
#4562=IFCCARTESIANPOINT((1470.000000000002,-7.1054273576010019E-15));
#4563=IFCAXIS2PLACEMENT3D(#2,$,$);
#4564=IFCWALLSTANDARDCASE('2znubWhPDD4wn7Fg4E22cK',#37,'\X2\AE30BCF8\X0\ \X2\BCBD\X0\:\X2\C77CBC18\X0\ - 200mm:144797',$,$,#4565,#4568,'144797',$);
#4565=IFCLOCALPLACEMENT(#266,#4566);
#4566=IFCAXIS2PLACEMENT3D(#4567,#15,#62);
#4567=IFCCARTESIANPOINT((5490.5208465132619,-11400.963893809367,0.));
#4568=IFCPRODUCTDEFINITIONSHAPE($,$,(#4569,#4572));
#4569=IFCSHAPEREPRESENTATION(#47,'Axis','Curve2D',(#4570));
#4570=IFCPOLYLINE((#49,#4571));
#4571=IFCCARTESIANPOINT((900.,0.));
#4572=IFCSHAPEREPRESENTATION(#18,'Body','SweptSolid',(#4573));
#4573=IFCEXTRUDEDAREASOLID(#4574,#4577,#15,2500.);
#4574=IFCRECTANGLEPROFILEDEF(.AREA.,$,#4575,899.99999999999682,199.99999999999784);
#4575=IFCAXIS2PLACEMENT2D(#4576,#56);
#4576=IFCCARTESIANPOINT((449.99999999999841,0.));
#4577=IFCAXIS2PLACEMENT3D(#2,$,$);
#4578=IFCWALLSTANDARDCASE('2znubWhPDD4wn7Fg4E22f7',#37,'\X2\AE30BCF8\X0\ \X2\BCBD\X0\:\X2\C77CBC18\X0\ - 200mm:144974',$,$,#4579,#4582,'144974',$);
#4579=IFCLOCALPLACEMENT(#266,#4580);
#4580=IFCAXIS2PLACEMENT3D(#4581,#15,#14);
#4581=IFCCARTESIANPOINT((3665.7383521796933,-7964.6438757783308,0.));
#4582=IFCPRODUCTDEFINITIONSHAPE($,$,(#4583,#4586));
#4583=IFCSHAPEREPRESENTATION(#47,'Axis','Curve2D',(#4584));
#4584=IFCPOLYLINE((#49,#4585));
#4585=IFCCARTESIANPOINT((2200.,-0.));
#4586=IFCSHAPEREPRESENTATION(#18,'Body','SweptSolid',(#4587));
#4587=IFCEXTRUDEDAREASOLID(#4588,#4591,#15,2500.);
#4588=IFCRECTANGLEPROFILEDEF(.AREA.,$,#4589,2199.9999999999986,200.);
#4589=IFCAXIS2PLACEMENT2D(#4590,#56);
#4590=IFCCARTESIANPOINT((1099.9999999999993,-7.1054273576010019E-15));
#4591=IFCAXIS2PLACEMENT3D(#2,$,$);
#4592=IFCWALLSTANDARDCASE('2znubWhPDD4wn7Fg4E253v',#37,'\X2\AE30BCF8\X0\ \X2\BCBD\X0\:\X2\C77CBC18\X0\ - 200mm:150768',$,$,#4593,#4596,'150768',$);
#4593=IFCLOCALPLACEMENT(#27,#4594);
#4594=IFCAXIS2PLACEMENT3D(#4595,#15,#108);
#4595=IFCCARTESIANPOINT((5590.5208465132619,-12880.963893809369,0.));
#4596=IFCPRODUCTDEFINITIONSHAPE($,$,(#4597,#4600));
#4597=IFCSHAPEREPRESENTATION(#47,'Axis','Curve2D',(#4598));
#4598=IFCPOLYLINE((#49,#4599));
#4599=IFCCARTESIANPOINT((5540.,-0.));
#4600=IFCSHAPEREPRESENTATION(#18,'Body','SweptSolid',(#4601));
#4601=IFCEXTRUDEDAREASOLID(#4602,#4605,#15,2500.);
#4602=IFCRECTANGLEPROFILEDEF(.AREA.,$,#4603,5540.0000000000027,200.);
#4603=IFCAXIS2PLACEMENT2D(#4604,#56);
#4604=IFCCARTESIANPOINT((2770.0000000000014,0.));
#4605=IFCAXIS2PLACEMENT3D(#2,$,$);
#4606=IFCWALLSTANDARDCASE('2znubWhPDD4wn7Fg4E256U',#37,'\X2\AE30BCF8\X0\ \X2\BCBD\X0\:\X2\C77CBC18\X0\ - 200mm:150935',$,$,#4607,#4610,'150935',$);
#4607=IFCLOCALPLACEMENT(#27,#4608);
#4608=IFCAXIS2PLACEMENT3D(#4609,#15,#62);
#4609=IFCCARTESIANPOINT((5490.5208465132628,-7440.9638938093649,0.));
#4610=IFCPRODUCTDEFINITIONSHAPE($,$,(#4611,#4614));
#4611=IFCSHAPEREPRESENTATION(#47,'Axis','Curve2D',(#4612));
#4612=IFCPOLYLINE((#49,#4613));
#4613=IFCCARTESIANPOINT((3424.7824943335627,0.));
#4614=IFCSHAPEREPRESENTATION(#18,'Body','SweptSolid',(#4615));
#4615=IFCEXTRUDEDAREASOLID(#4616,#4619,#15,2500.);
#4616=IFCRECTANGLEPROFILEDEF(.AREA.,$,#4617,3424.7824943335627,200.);
#4617=IFCAXIS2PLACEMENT2D(#4618,#56);
#4618=IFCCARTESIANPOINT((1712.3912471667813,2.1316282072803006E-13));
#4619=IFCAXIS2PLACEMENT3D(#2,$,$);
#4620=IFCWALLSTANDARDCASE('2znubWhPDD4wn7Fg4E259T',#37,'\X2\AE30BCF8\X0\ \X2\BCBD\X0\:\X2\C77CBC18\X0\ - 200mm:151124',$,$,#4621,#4624,'151124',$);
#4621=IFCLOCALPLACEMENT(#27,#4622);
#4622=IFCAXIS2PLACEMENT3D(#4623,#15,#108);
#4623=IFCCARTESIANPOINT((2165.7383521797001,-7340.9638938093558,0.));
#4624=IFCPRODUCTDEFINITIONSHAPE($,$,(#4625,#4628));
#4625=IFCSHAPEREPRESENTATION(#47,'Axis','Curve2D',(#4626));
#4626=IFCPOLYLINE((#49,#4627));
#4627=IFCCARTESIANPOINT((4838.8546316376924,0.));
#4628=IFCSHAPEREPRESENTATION(#18,'Body','SweptSolid',(#4629));
#4629=IFCEXTRUDEDAREASOLID(#4630,#4633,#15,2500.);
#4630=IFCRECTANGLEPROFILEDEF(.AREA.,$,#4631,4838.8546316376924,200.);
#4631=IFCAXIS2PLACEMENT2D(#4632,#56);
#4632=IFCCARTESIANPOINT((2419.4273158188462,1.4210854715202004E-14));
#4633=IFCAXIS2PLACEMENT3D(#2,$,$);
#4634=IFCWALLSTANDARDCASE('2znubWhPDD4wn7Fg4E24vC',#37,'\X2\AE30BCF8\X0\ \X2\BCBD\X0\:\X2\C77CBC18\X0\ - 200mm:152133',$,$,#4635,#4638,'152133',$);
#4635=IFCLOCALPLACEMENT(#27,#4636);
#4636=IFCAXIS2PLACEMENT3D(#4637,#15,#62);
#4637=IFCCARTESIANPOINT((-4548.484851721807,-4134.3420126071805,0.));
#4638=IFCPRODUCTDEFINITIONSHAPE($,$,(#4639,#4642));
#4639=IFCSHAPEREPRESENTATION(#47,'Axis','Curve2D',(#4640));
#4640=IFCPOLYLINE((#49,#4641));
#4641=IFCCARTESIANPOINT((1060.,0.));
#4642=IFCSHAPEREPRESENTATION(#18,'Body','SweptSolid',(#4643));
#4643=IFCEXTRUDEDAREASOLID(#4644,#4647,#15,1500.);
#4644=IFCRECTANGLEPROFILEDEF(.AREA.,$,#4645,1060.0000000000005,200.);
#4645=IFCAXIS2PLACEMENT2D(#4646,#56);
#4646=IFCCARTESIANPOINT((530.00000000000023,-7.1054273576010019E-15));
#4647=IFCAXIS2PLACEMENT3D(#2,$,$);
#4648=IFCWALLSTANDARDCASE('2znubWhPDD4wn7Fg4E24yC',#37,'\X2\AE30BCF8\X0\ \X2\BCBD\X0\:\X2\C77CBC18\X0\ - 200mm:152325',$,$,#4649,#4652,'152325',$);
#4649=IFCLOCALPLACEMENT(#27,#4650);
#4650=IFCAXIS2PLACEMENT3D(#4651,#15,#14);
#4651=IFCCARTESIANPOINT((-5508.4848517218061,-4234.3420126071778,0.));
#4652=IFCPRODUCTDEFINITIONSHAPE($,$,(#4653,#4656));
#4653=IFCSHAPEREPRESENTATION(#47,'Axis','Curve2D',(#4654));
#4654=IFCPOLYLINE((#49,#4655));
#4655=IFCCARTESIANPOINT((3340.,-0.));
#4656=IFCSHAPEREPRESENTATION(#18,'Body','SweptSolid',(#4657));
#4657=IFCEXTRUDEDAREASOLID(#4658,#4661,#15,1500.);
#4658=IFCRECTANGLEPROFILEDEF(.AREA.,$,#4659,3340.0000000000005,200.);
#4659=IFCAXIS2PLACEMENT2D(#4660,#56);
#4660=IFCCARTESIANPOINT((1670.0000000000002,0.));
#4661=IFCAXIS2PLACEMENT3D(#2,$,$);
#4662=IFCWALLSTANDARDCASE('2znubWhPDD4wn7Fg4E24zI',#37,'\X2\AE30BCF8\X0\ \X2\BCBD\X0\:\X2\C77CBC18\X0\ - 200mm:152411',$,$,#4663,#4666,'152411',$);
#4663=IFCLOCALPLACEMENT(#27,#4664);
#4664=IFCAXIS2PLACEMENT3D(#4665,$,$);
#4665=IFCCARTESIANPOINT((-5408.4848517218115,-7474.3420126071778,0.));
#4666=IFCPRODUCTDEFINITIONSHAPE($,$,(#4667,#4670));
#4667=IFCSHAPEREPRESENTATION(#47,'Axis','Curve2D',(#4668));
#4668=IFCPOLYLINE((#49,#4669));
#4669=IFCCARTESIANPOINT((860.,0.));
#4670=IFCSHAPEREPRESENTATION(#18,'Body','SweptSolid',(#4671));
#4671=IFCEXTRUDEDAREASOLID(#4672,#4675,#15,1500.);
#4672=IFCRECTANGLEPROFILEDEF(.AREA.,$,#4673,859.99999999999943,200.);
#4673=IFCAXIS2PLACEMENT2D(#4674,#56);
#4674=IFCCARTESIANPOINT((429.99999999999972,0.));
#4675=IFCAXIS2PLACEMENT3D(#2,$,$);
#4676=IFCRELDEFINESBYTYPE('05jr1HItfK3_rCT6IPWHxk',#37,$,$,(#514,#380),#4677);
#4677=IFCDOORSTYLE('3yio6Ppk9xU3OhSI$WMGu0',#37,'\X2\B2E8C77C\X0\-\X2\D50CB7ECC2DC\X0\:0915 x 2134mm',$,$,(#4678,#4679,#4680),(#386),'29795',.SINGLE_SWING_RIGHT.,.NOTDEFINED.,.F.,.F.);
#4678=IFCDOORLININGPROPERTIES('2znubWhPDD4wn7Fg0E23BT',#37,'\X2\B2E8C77C\X0\-\X2\D50CB7ECC2DC\X0\:0915 x 2134mm:143060',$,$,$,$,$,$,$,$,$,$,$,$,$,$);
#4679=IFCDOORPANELPROPERTIES('2znubWhPDD4wn7FgCE23BT',#37,'\X2\B2E8C77C\X0\-\X2\D50CB7ECC2DC\X0\:0915 x 2134mm:143060:1',$,$,.SWINGING.,$,.NOTDEFINED.,$);
#4680=IFCPROPERTYSET('3YhU7Wtt9XH$_jx93WA6nt',#37,'Pset_DoorCommon',$,(#4681));
#4681=IFCPROPERTYSINGLEVALUE('ThermalTransmittance',$,IFCTHERMALTRANSMITTANCEMEASURE(3.7021000000000002),$);
#4682=IFCRELDEFINESBYTYPE('3Ni_TM_3ZlfKFsyGJZoKKo',#37,$,$,(#703,#59,#236),#4683);
#4683=IFCDOORSTYLE('2p8PBnTB$rGHyHP41ta0sF',#37,'\X2\B2E8C77C\X0\-\X2\D50CB7ECC2DC\X0\:0915 x 2134mm',$,$,(#4684,#4685,#4686),(#66),'29795',.SINGLE_SWING_LEFT.,.NOTDEFINED.,.F.,.F.);
#4684=IFCDOORLININGPROPERTIES('2znubWhPDD4wn7Fg0E22_i',#37,'\X2\B2E8C77C\X0\-\X2\D50CB7ECC2DC\X0\:0915 x 2134mm:144293',$,$,$,$,$,$,$,$,$,$,$,$,$,$);
#4685=IFCDOORPANELPROPERTIES('2znubWhPDD4wn7FgCE22_i',#37,'\X2\B2E8C77C\X0\-\X2\D50CB7ECC2DC\X0\:0915 x 2134mm:144293:1',$,$,.SWINGING.,$,.NOTDEFINED.,$);
#4686=IFCPROPERTYSET('3yISfnfLsngXmqBfIw5Wdg',#37,'Pset_DoorCommon',$,(#4687));
#4687=IFCPROPERTYSINGLEVALUE('ThermalTransmittance',$,IFCTHERMALTRANSMITTANCEMEASURE(3.7021000000000002),$);
#4688=IFCRELDEFINESBYTYPE('20RZEbIT4Ky_3K558oERvS',#37,$,$,(#618,#880,#861,#899,#670,#651,#481,#448,#132,#203),#4689);
#4689=IFCWINDOWSTYLE('0sJ9hSOC9cahd9f44ffAMZ',#37,'\X2\ACE0C815B428\X0\:0406 x 0610mm',$,$,(#4690,#4691),(#138),'19014',.NOTDEFINED.,.NOTDEFINED.,.F.,.F.);
#4690=IFCWINDOWLININGPROPERTIES('2znubWhPDD4wn7Fg0E22Yz',#37,'\X2\ACE0C815B428\X0\:0406 x 0610mm:144564',$,$,$,$,$,$,$,$,$,$,$,$,$);
#4691=IFCPROPERTYSET('2HQ34aWyztkAVkNVoGzx6U',#37,'Pset_WindowCommon',$,(#4692));
#4692=IFCPROPERTYSINGLEVALUE('ThermalTransmittance',$,IFCTHERMALTRANSMITTANCEMEASURE(3.6886000000000001),$);
#4693=IFCRELDEFINESBYTYPE('2_cBSeJktQgnZI$CHNvytM',#37,$,$,(#4694),#4695);
#4694=IFCSTAIR('2znubWhPDD4wn7Fg4E22hB',#37,'\X2\C870D569B41C\X0\ \X2\ACC4B2E8\X0\:\X2\ACC4B2E8\X0\:145090',$,$,#1087,$,'145090',.STRAIGHT_RUN_STAIR.);
#4695=IFCTYPEPRODUCT('26Zf0rKI91uxpbfZV7D$cl',#37,'\X2\C870D569B41C\X0\ \X2\ACC4B2E8\X0\:190mm \X2\CD5CB300\X0\ \X2\CC4CD310\X0\ 250mm \X2\C9C4D589\X0\',$,$,$,$,'87693');
#4696=IFCRELDEFINESBYTYPE('3UtFPaeSbLURUAwjj6q_XU',#37,$,$,(#1085),#4697);
#4697=IFCSTAIRFLIGHTTYPE('26Zf0rKI91uxpbfZV7D$ch',#37,'\X2\BE44C77CCCB4D615\X0\ \X2\ACC4B2E8C9C4D589\X0\:50mm \X2\B514B524D310\X0\ 12mm \X2\CC4CD310\X0\',$,$,$,$,'87689',$,.STRAIGHT.);
#4698=IFCRELDEFINESBYTYPE('089SQ6dCYZXL7mOa6tzfRZ',#37,$,$,(#1230,#1245),#4699);
#4699=IFCMEMBERTYPE('26Zf0rKI91uxpbfZV7D$cf',#37,'\X2\ACC4B2E8C606D310\X0\:\X2\ACC4B2E8C606D310\X0\ - 50mm \X2\D3ED\X0\',$,$,$,$,'87691',$,.STRINGER.);
#4700=IFCRELDEFINESBYTYPE('0VGslIlUrxq1Sp4J7aYiN1',#37,$,$,(#571,#587,#296,#552,#533),#4701);
#4701=IFCWINDOWSTYLE('3GSUe6ILa$M1tBzSnu7SKl',#37,'\X2\ACE0C815B428\X0\:0406 x 1220mm',$,$,(#4702,#4703),(#302),'19016',.NOTDEFINED.,.NOTDEFINED.,.F.,.F.);
#4702=IFCWINDOWLININGPROPERTIES('2znubWhPDD4wn7Fg0E25ve',#37,'\X2\ACE0C815B428\X0\:0406 x 1220mm:148065',$,$,$,$,$,$,$,$,$,$,$,$,$);
#4703=IFCPROPERTYSET('21$3v8xBQX74YF8f5pkC5U',#37,'Pset_WindowCommon',$,(#4704));
#4704=IFCPROPERTYSINGLEVALUE('ThermalTransmittance',$,IFCTHERMALTRANSMITTANCEMEASURE(3.6886000000000001),$);
#4705=IFCRELDEFINESBYTYPE('3kFm7EbiKVLhiCOpXXyZQv',#37,$,$,(#925,#956,#986,#1010,#1065),#4706);
#4706=IFCCOVERINGTYPE('3T6gprLhP8YOx9nWZ7$kbw',#37,'\X2\BCF5D569\X0\ \X2\CC9CC7A5\X0\:\X2\D50CB808C778\X0\',$,$,(#4707),$,'7030',$,.CEILING.);
#4707=IFCPROPERTYSET('1RI5mVuVr7vNxCWTKD1Tw9',#37,'Pset_CoveringCommon',$,(#4708));
#4708=IFCPROPERTYSINGLEVALUE('TotalThickness',$,IFCPOSITIVELENGTHMEASURE(57.),$);
#4709=IFCRELDEFINESBYTYPE('34xaei8LE9pWxU4jfrZkNS',#37,$,$,(#2334),#4710);
#4710=IFCTYPEPRODUCT('3kSL0VGKv3gxJCujeqtukq',#37,'\X2\AE30BCF8\X0\ \X2\C9C0BD95\X0\:\X2\C77CBC18\X0\ - 400mm',$,$,$,$,'1398');
#4711=IFCRELDEFINESBYTYPE('1xhoTUSYT_Gmd2ljrqeRT3',#37,$,$,(#4061,#4079,#4093,#4107,#4123,#4141,#4156,#4177,#4191,#4205,#4217,#4232),#4712);
#4712=IFCSLABTYPE('3ASW3VjzYKTpmAJOCyoRkW',#37,'\X2\AE30BCF8\X0\ \X2\C9C0BD95\X0\:\X2\C77CBC18\X0\ - 400mm',$,$,$,$,'1398',$,.ROOF.);
#4713=IFCRELDEFINESBYTYPE('0FItHzxDGZFFluft1Stb9K',#37,$,$,(#1034),#4252);
#4714=IFCRELDEFINESBYTYPE('1eKuYy8_CrlXdiliwu_ETA',#37,$,$,(#1260,#1796),#4715);
#4715=IFCRAILINGTYPE('22gF_Xc4j6XfePaVINdp05',#37,'\X2\B09CAC04\X0\:900mm \X2\BC30AD00\X0\',$,$,$,$,'12162',$,.NOTDEFINED.);
#4716=IFCRELCONNECTSPATHELEMENTS('25zrEWvVv4ADIDqhDWCSc8',#37,'2znubWhPDD4wn7Fg4E20CS|2znubWhPDD4wn7Fg4E23pi','Structural',$,#789,#849,(),(),.ATSTART.,.ATSTART.);
#4717=IFCRELCONNECTSPATHELEMENTS('1r_QxP4m4OZdyuhNqYmKw5',#37,'2znubWhPDD4wn7Fg4E20CS|2znubWhPDD4wn7Fg4E20D6','Structural',$,#789,#4424,(),(),.ATSTART.,.ATEND.);
#4718=IFCRELCONNECTSPATHELEMENTS('3y$9JJEGJ41jZ0QyVCV9FY',#37,'2znubWhPDD4wn7Fg4E20D6|2znubWhPDD4wn7Fg4E23n1','Structural',$,#4424,#4438,(),(),.ATSTART.,.ATPATH.);
#4719=IFCRELCONNECTSPATHELEMENTS('0Jah2ywJtqlZCgzJT8HyFY',#37,'2znubWhPDD4wn7Fg4E23n1|2znubWhPDD4wn7Fg4E23JJ','Structural',$,#4438,#284,(),(),.ATSTART.,.ATEND.);
#4720=IFCRELCONNECTSPATHELEMENTS('3Jwb6_Tk08ZkeAfPZJpyMn',#37,'2znubWhPDD4wn7Fg4E23pi|2znubWhPDD4wn7Fg4E23qH','Structural',$,#849,#4452,(),(),.ATSTART.,.ATEND.);
#4721=IFCRELCONNECTSPATHELEMENTS('3LqEpwacJ9c49MdBJSZd_k',#37,'2znubWhPDD4wn7Fg4E23qH|2znubWhPDD4wn7Fg4E23rO','Structural',$,#4452,#4466,(),(),.ATSTART.,.ATEND.);
#4722=IFCRELCONNECTSPATHELEMENTS('1jWCPt4VuttyshnezXjjH3',#37,'2znubWhPDD4wn7Fg4E23tS|2znubWhPDD4wn7Fg4E23Yb','Structural',$,#606,#4522,(),(),.ATSTART.,.ATSTART.);
#4723=IFCRELCONNECTSPATHELEMENTS('0AjQt6sE9AzZ_Ty2nvEN78',#37,'2znubWhPDD4wn7Fg4E23qH|2znubWhPDD4wn7Fg4E23tS','Structural',$,#4452,#606,(),(),.ATEND.,.ATPATH.);
#4724=IFCRELCONNECTSPATHELEMENTS('3fGJk$$z68pViSnvVtr2C1',#37,'2znubWhPDD4wn7Fg4E23v3|2znubWhPDD4wn7Fg4E23xW','Structural',$,#4480,#4494,(),(),.ATEND.,.ATEND.);
#4725=IFCRELCONNECTSPATHELEMENTS('1oVKv0$Lc0t$Kv$13aVIit',#37,'2znubWhPDD4wn7Fg4E23zw|2znubWhPDD4wn7Fg4E23_q','Structural',$,#4508,#639,(),(),.ATSTART.,.ATEND.);
#4726=IFCRELCONNECTSPATHELEMENTS('1A_65Rjk__N71yTwqd08mI',#37,'2znubWhPDD4wn7Fg4E23_q|2znubWhPDD4wn7Fg4E23Yb','Structural',$,#639,#4522,(),(),.ATEND.,.ATEND.);
#4727=IFCRELCONNECTSPATHELEMENTS('2rcVpZgznc2FNu6LvWTwPV',#37,'2znubWhPDD4wn7Fg4E23zw|2znubWhPDD4wn7Fg4E23fj','Structural',$,#4508,#691,(),(),.ATSTART.,.ATPATH.);
#4728=IFCRELCONNECTSPATHELEMENTS('0Ug3guJyrzR0Le1mNwsxyx',#37,'2znubWhPDD4wn7Fg4E23fj|2znubWhPDD4wn7Fg4E23hO','Structural',$,#691,#502,(),(),.ATEND.,.ATEND.);
#4729=IFCRELCONNECTSPATHELEMENTS('3HpLjkWZvfxlQ2ITZuz9aD',#37,'2znubWhPDD4wn7Fg4E23hO|2znubWhPDD4wn7Fg4E23Lp','Structural',$,#502,#4550,(),(),.ATPATH.,.ATSTART.);
#4730=IFCRELCONNECTSPATHELEMENTS('1c$5aV06B$FBl2hDOBHU0K',#37,'2znubWhPDD4wn7Fg4E23Hi|2znubWhPDD4wn7Fg4E23JJ','Structural',$,#4536,#284,(),(),.ATEND.,.ATSTART.);
#4731=IFCRELCONNECTSPATHELEMENTS('3cRp6iWoS8sKnxQvu3T9Av',#37,'2znubWhPDD4wn7Fg4E23hO|2znubWhPDD4wn7Fg4E23Hi','Structural',$,#502,#4536,(),(),.ATEND.,.ATPATH.);
#4732=IFCRELCONNECTSPATHELEMENTS('2_p8dQI6n9LsG72XiYGn5W',#37,'2znubWhPDD4wn7Fg4E23JJ|2znubWhPDD4wn7Fg4E23Lp','Structural',$,#284,#4550,(),(),.ATEND.,.ATPATH.);
#4733=IFCRELCONNECTSPATHELEMENTS('23FI368qE8ltrcn0raiptm',#37,'2znubWhPDD4wn7Fg4E23n1|2znubWhPDD4wn7Fg4E23Ru','Structural',$,#4438,#368,(),(),.ATSTART.,.ATPATH.);
#4734=IFCRELCONNECTSPATHELEMENTS('3RTVcmL5bliQvem2aSwbTF',#37,'2znubWhPDD4wn7Fg4E23Lp|2znubWhPDD4wn7Fg4E23Ru','Structural',$,#4550,#368,(),(),.ATEND.,.ATPATH.);
#4735=IFCRELCONNECTSPATHELEMENTS('349pwIUD8i86aAOQcMu_Ic',#37,'2znubWhPDD4wn7Fg4E23hO|2znubWhPDD4wn7Fg4E22cK','Structural',$,#502,#4564,(),(),.ATSTART.,.ATPATH.);
#4736=IFCRELCONNECTSPATHELEMENTS('11y7F2gBWmUqVR1LfjPVhW',#37,'2znubWhPDD4wn7Fg4E253v|2znubWhPDD4wn7Fg4E24i6','Structural',$,#4592,#120,(),(),.ATSTART.,.ATSTART.);
#4737=IFCRELCONNECTSPATHELEMENTS('2CGM3sp7j4HLNNKTG1P7$x',#37,'2znubWhPDD4wn7Fg4E253v|2znubWhPDD4wn7Fg4E256U','Structural',$,#4592,#4606,(),(),.ATSTART.,.ATEND.);
#4738=IFCRELCONNECTSPATHELEMENTS('34db0csXmGFOtlFfoObGGd',#37,'2znubWhPDD4wn7Fg4E256U|2znubWhPDD4wn7Fg4E259T','Structural',$,#4606,#4620,(),(),.ATSTART.,.ATEND.);
#4739=IFCRELCONNECTSPATHELEMENTS('05XF2OX0j22CL17kiAcTEZ',#37,'2znubWhPDD4wn7Fg4E259T|2znubWhPDD4wn7Fg4E25Bw','Structural',$,#4620,#436,(),(),.ATEND.,.ATEND.);
#4740=IFCRELCONNECTSPATHELEMENTS('0uwcFqGu5FMMf4vryBjOKg',#37,'2znubWhPDD4wn7Fg4E25Bw|2znubWhPDD4wn7Fg4E24rL','Structural',$,#436,#469,(),(),.ATEND.,.ATSTART.);
#4741=IFCRELCONNECTSPATHELEMENTS('0gjBhtQT7mNdYouo20yktF',#37,'2znubWhPDD4wn7Fg4E24rL|2znubWhPDD4wn7Fg4E24i6','Structural',$,#469,#120,(),(),.ATEND.,.ATSTART.);
#4742=IFCRELCONNECTSPATHELEMENTS('2pSqyPTznGhBS8gKcy7q9O',#37,'2znubWhPDD4wn7Fg4E24rL|2znubWhPDD4wn7Fg4E24vC','Structural',$,#469,#4634,(),(),.ATSTART.,.ATPATH.);
#4743=IFCRELCONNECTSPATHELEMENTS('1GU$zQ2OB76$ET2ags5hm8',#37,'2znubWhPDD4wn7Fg4E24vC|2znubWhPDD4wn7Fg4E24yC','Structural',$,#4634,#4648,(),(),.ATSTART.,.ATEND.);
#4744=IFCRELCONNECTSPATHELEMENTS('2W$Fa4NffwKDBmJL8RRrWl',#37,'2znubWhPDD4wn7Fg4E24yC|2znubWhPDD4wn7Fg4E24zI','Structural',$,#4648,#4662,(),(),.ATSTART.,.ATEND.);
#4745=IFCRELCONNECTSPATHELEMENTS('3yOm0Zjjdi49darhto5AS4',#37,'2znubWhPDD4wn7Fg4E24rL|2znubWhPDD4wn7Fg4E24zI','Structural',$,#469,#4662,(),(),.ATEND.,.ATPATH.);
#4746=IFCPROPERTYSET('1VJOdBuy95uYy26epuQXNM',#37,'Pset_QuantityTakeOff',$,(#4747));
#4747=IFCPROPERTYSINGLEVALUE('Reference',$,IFCIDENTIFIER('900mm \X2\BC30AD00\X0\'),$);
#4748=IFCPROPERTYSINGLEVALUE('Height',$,IFCPOSITIVELENGTHMEASURE(899.99999999999989),$);
#4749=IFCPROPERTYSET('2qh6W5_Lfxm2f$Qnzgh0ea',#37,'Pset_RailingCommon',$,(#4750,#4747,#4748));
#4750=IFCPROPERTYSINGLEVALUE('IsExternal',$,IFCBOOLEAN(.F.),$);
#4751=IFCRELDEFINESBYPROPERTIES('3nGsaAbqKdSC$eCwXgK2ti',#37,$,$,(#1796),#4746);
#4752=IFCRELDEFINESBYPROPERTIES('3HJZ1tST$Vj03EMavHMHND',#37,$,$,(#1796),#4749);
#4753=IFCRELAGGREGATES('0CO2gtPo1XhRe8LYklv_kI',#37,$,$,#4694,(#1085,#1230,#1245,#1260,#1796));
#4754=IFCPROPERTYSINGLEVALUE('AboveGround',$,IFCLOGICAL(.U.),$);
#4755=IFCPROPERTYSET('2aDanWIRZAwU2_kRGj$xKn',#37,'Pset_BuildingStoreyCommon',$,(#4754));
#4756=IFCRELDEFINESBYPROPERTIES('0a53HWCC0HnJNXx6OeS71b',#37,$,$,(),#4755);
#4758=IFCLOCALPLACEMENT(#28,#4759);
#4759=IFCAXIS2PLACEMENT3D(#4760,$,$);
#4760=IFCCARTESIANPOINT((0.,0.,-5720.));
#4761=IFCPROPERTYSET('2DBONJ1wKztNFQ0auD0d8G',#37,'Pset_BuildingStoreyCommon',$,(#4754));
#4762=IFCRELDEFINESBYPROPERTIES('0L6tZpEjCmD_9vIbVv23og',#37,$,$,(),#4761);
#4764=IFCLOCALPLACEMENT(#28,#4765);
#4765=IFCAXIS2PLACEMENT3D(#4766,$,$);
#4766=IFCCARTESIANPOINT((0.,0.,-4880.));
#4767=IFCPROPERTYSET('1hsCnwwKYyYo4v2hYQOpmS',#37,'Pset_BuildingStoreyCommon',$,(#4754));
#4768=IFCRELDEFINESBYPROPERTIES('1BpORLA6XNSXYp7ZHHw5Z3',#37,$,$,(),#4767);
#4770=IFCLOCALPLACEMENT(#28,#4771);
#4771=IFCAXIS2PLACEMENT3D(#4772,$,$);
#4772=IFCCARTESIANPOINT((0.,0.,-4000.));
#4773=IFCPROPERTYSET('0Gl6dUtHKnpOF8Zz_BPjFO',#37,'Pset_BuildingStoreyCommon',$,(#4754));
#4774=IFCRELDEFINESBYPROPERTIES('15ozVdzUAJqLlcUHcyLPdI',#37,$,$,(),#4773);
#4776=IFCLOCALPLACEMENT(#28,#4777);
#4777=IFCAXIS2PLACEMENT3D(#4778,$,$);
#4778=IFCCARTESIANPOINT((0.,0.,-820.));
#4779=IFCPROPERTYSET('2Y2$w597eytuPG98dNqKgq',#37,'Pset_BuildingStoreyCommon',$,(#4754));
#4780=IFCRELDEFINESBYPROPERTIES('0tx_O3nqhzh2RGx7v_Zkw8',#37,$,$,(#4781),#4779);
#4781=IFCBUILDINGSTOREY('3Aw$FV5MbAufEo59pkoNgA',#37,'1F',$,$,#266,$,'1F',.ELEMENT.,0.);
#4782=IFCRELCONTAINEDINSPATIALSTRUCTURE('3Aw$FV5MbAufEo59tkoNgA',#37,$,$,(#789,#4424,#4438,#849,#4452,#4466,#606,#4480,#4494,#4508,#639,#4522,#691,#502,#4536,#284,#4550,#368,#514,#380,#703,#618,#4564,#4578,#4694,#571,#587,#296,#880,#861,#552,#533,#899,#803,#925,#956,#986,#1010,#1034,#670,#651),#4781);
#4783=IFCPROPERTYSET('151Ln0Fjb92Z3sCKU6wotL',#37,'Pset_BuildingStoreyCommon',$,(#4754));
#4784=IFCRELDEFINESBYPROPERTIES('3iRLjTf7fAvUvgRj26q3nU',#37,$,$,(#4785),#4783);
#4785=IFCBUILDINGSTOREY('3kSL0VGKv3gxJCujeqtuJj',#37,'2F',$,$,#27,$,'2F',.ELEMENT.,2500.);
#4786=IFCRELCONTAINEDINSPATIALSTRUCTURE('3kSL0VGKv3gxJCujiqtuJj',#37,$,$,(#4592,#4606,#4620,#436,#469,#4634,#4648,#4662,#710,#725,#44,#59,#120,#743,#758,#773,#2334,#4122,#4155,#224,#236,#819,#1065,#481,#448,#132,#203),#4785);
#4787=IFCPROPERTYSET('1G9oegc9dbDpvnqXFmM6D7',#37,'Pset_BuildingStoreyCommon',$,(#4754));
#4788=IFCRELDEFINESBYPROPERTIES('07kIVjTAZR8ZoJcmeSd_bb',#37,$,$,(#4789),#4787);
#4789=IFCBUILDINGSTOREY('2znubWhPDD4wn7Fg4E27bM',#37,'RF',$,'Roof Floor',#4159,$,'RF',.ELEMENT.,5000.);
#4790=IFCRELCONTAINEDINSPATIALSTRUCTURE('2znubWhPDD4wn7Fg0E27bM',#37,$,$,(#4247),#4789);
#4791=IFCRELAGGREGATES('3EcKclX1m_ylo0FDTwv4kg',#37,$,$,#4792,(#4793));
#4792=IFCPROJECT('39MOCw1uH9RAR3xdgNcXYI',#37,'\X2\D504B85CC81DD2B8\X0\ \X2\BC88D638\X0\',$,$,'\X2\D504B85CC81DD2B8\X0\ \X2\C774B984\X0\','\X2\D504B85CC81DD2B8\X0\ \X2\C0C1D0DC\X0\',(#19),#242);
#4793=IFCSITE('39MOCw1uH9RAR3xdgNcXYG',#37,'Default',$,$,#29,$,$,.ELEMENT.,(37,33,59,529418),(126,58,40,678710),0.,$,$);
#4794=IFCRELAGGREGATES('1i7WVdGbfUF8y8VXoX9ZOt',#37,$,$,#4793,(#4795));
#4795=IFCBUILDING('39MOCw1uH9RAR3xdgNcXYJ',#37,'',$,$,#28,$,'',.ELEMENT.,$,$,#4796);
#4796=IFCPOSTALADDRESS($,$,$,$,('\X2\C8FCC18CB97C\X0\ \X2\C5ECAE30C5D0\X0\ \X2\C785B825\X0\'),$,'','','','\X2\B300D55CBBFCAD6D\X0\ \X2\C11CC6B8\X0\');
#4797=IFCRELAGGREGATES('3Aw$FV5MbAufEo59xkoNgA',#37,$,$,#4781,(#4256,#4275,#4286,#4297,#4322,#4344,#4363));
#4798=IFCRELAGGREGATES('3kSL0VGKv3gxJCujWqtuJj',#37,$,$,#4785,(#4393,#4404));
#4799=IFCRELAGGREGATES('0bEVwXRmbBleAvzFSJirAn',#37,$,$,#4795,(#4781,#4785,#4789));
#4800=IFCPROPERTYSINGLEVALUE('NumberOfStoreys',$,IFCINTEGER(7),$);
#4801=IFCPROPERTYSINGLEVALUE('IsLandmarked',$,IFCLOGICAL(.U.),$);
#4802=IFCPROPERTYSET('16sahkRR1o_oy7a2FljPLn',#37,'Pset_BuildingCommon',$,(#4800,#4801));
#4803=IFCRELDEFINESBYPROPERTIES('0TAEdvO32dcscV8wZ4odcu',#37,$,$,(#4795),#4802);
#4804=IFCRELASSOCIATESMATERIAL('1FxLRWLpaJtw7VIhnEiAls',#37,$,$,(#789),#4805);
#4805=IFCMATERIALLAYERSETUSAGE(#907,.AXIS2.,.NEGATIVE.,100.,$);
#4806=IFCRELASSOCIATESMATERIAL('2jP6tdB$XVUG55D3U08O7d',#37,$,$,(#4424),#4807);
#4807=IFCMATERIALLAYERSETUSAGE(#907,.AXIS2.,.NEGATIVE.,100.,$);
#4808=IFCRELASSOCIATESMATERIAL('2eAkN6LQymfOjPOw_tFmZY',#37,$,$,(#4438),#4809);
#4809=IFCMATERIALLAYERSETUSAGE(#907,.AXIS2.,.NEGATIVE.,100.,$);
#4810=IFCRELASSOCIATESMATERIAL('3u$EP1XdVoexR_X0kN4acv',#37,$,$,(#849),#4811);
#4811=IFCMATERIALLAYERSETUSAGE(#907,.AXIS2.,.NEGATIVE.,100.,$);
#4812=IFCRELASSOCIATESMATERIAL('1zUJf4E_LYfiEZf9buxYeT',#37,$,$,(#4452),#4813);
#4813=IFCMATERIALLAYERSETUSAGE(#907,.AXIS2.,.NEGATIVE.,100.,$);
#4814=IFCRELASSOCIATESMATERIAL('0PoPLPN$IEP2Wcz1z9bden',#37,$,$,(#4466),#4815);
#4815=IFCMATERIALLAYERSETUSAGE(#907,.AXIS2.,.NEGATIVE.,100.,$);
#4816=IFCRELASSOCIATESMATERIAL('3fasSZaJnVefZ3vS_UAmfZ',#37,$,$,(#606),#4817);
#4817=IFCMATERIALLAYERSETUSAGE(#907,.AXIS2.,.NEGATIVE.,100.,$);
#4818=IFCRELASSOCIATESMATERIAL('3SFbRzgElF65ydt56_uhGb',#37,$,$,(#4480),#4819);
#4819=IFCMATERIALLAYERSETUSAGE(#907,.AXIS2.,.NEGATIVE.,100.,$);
#4820=IFCRELASSOCIATESMATERIAL('0GQ9NQMSyBTlJCimV_wpuZ',#37,$,$,(#4494),#4821);
#4821=IFCMATERIALLAYERSETUSAGE(#907,.AXIS2.,.NEGATIVE.,100.,$);
#4822=IFCRELASSOCIATESMATERIAL('0Q86OVzmnIVC2BVjsy_TZh',#37,$,$,(#4508),#4823);
#4823=IFCMATERIALLAYERSETUSAGE(#907,.AXIS2.,.NEGATIVE.,100.,$);
#4824=IFCRELASSOCIATESMATERIAL('2OR7zrcHLb4YG09H0B3uEl',#37,$,$,(#639),#4825);
#4825=IFCMATERIALLAYERSETUSAGE(#907,.AXIS2.,.NEGATIVE.,100.,$);
#4826=IFCRELASSOCIATESMATERIAL('2VdLa4rbUyWIBIff05Wlbi',#37,$,$,(#4522),#4827);
#4827=IFCMATERIALLAYERSETUSAGE(#907,.AXIS2.,.NEGATIVE.,100.,$);
#4828=IFCRELASSOCIATESMATERIAL('32$j$oYa6k$96P3_fH$$7L',#37,$,$,(#691),#4829);
#4829=IFCMATERIALLAYERSETUSAGE(#907,.AXIS2.,.NEGATIVE.,100.,$);
#4830=IFCRELASSOCIATESMATERIAL('00JTM12SXDeTYJ3tW2qb$0',#37,$,$,(#502),#4831);
#4831=IFCMATERIALLAYERSETUSAGE(#907,.AXIS2.,.NEGATIVE.,100.,$);
#4832=IFCRELASSOCIATESMATERIAL('0icz4JWAjIJszWtKpDzour',#37,$,$,(#4536),#4833);
#4833=IFCMATERIALLAYERSETUSAGE(#907,.AXIS2.,.NEGATIVE.,100.,$);
#4834=IFCRELASSOCIATESMATERIAL('0HMCxbwxaDEmbkQXYH08xO',#37,$,$,(#284),#4835);
#4835=IFCMATERIALLAYERSETUSAGE(#907,.AXIS2.,.NEGATIVE.,100.,$);
#4836=IFCRELASSOCIATESMATERIAL('16H7bDQNdDksPfAgBuMdrI',#37,$,$,(#4550),#4837);
#4837=IFCMATERIALLAYERSETUSAGE(#907,.AXIS2.,.NEGATIVE.,100.,$);
#4838=IFCRELASSOCIATESMATERIAL('0HFhqCy2OIMfXGSJqGhkXO',#37,$,$,(#368),#4839);
#4839=IFCMATERIALLAYERSETUSAGE(#907,.AXIS2.,.NEGATIVE.,100.,$);
#4840=IFCRELASSOCIATESMATERIAL('3Vt1y3g2hnX5OkjUkQNXO3',#37,$,$,(#4677,#514,#380,#4683,#703,#59,#236),#4841);
#4841=IFCMATERIALLIST((#4842,#4843));
#4842=IFCMATERIAL('\X2\BB38\X0\ - \X2\D504B808C784\X0\',$,$);
#4843=IFCMATERIAL('\X2\BB38\X0\ - \X2\D328B110\X0\',$,$);
#4844=IFCRELASSOCIATESMATERIAL('0T2BNMYausyW7sfoTSNfQF',#37,$,$,(#4689,#618,#4701,#571,#587,#296,#880,#861,#552,#533,#899,#670,#651,#481,#448,#132,#203),#4845);
#4845=IFCMATERIALLIST((#4846,#4847));
#4846=IFCMATERIAL('\X2\C720B9AC\X0\',$,$);
#4847=IFCMATERIAL('\X2\C100C2DC\X0\',$,$);
#4848=IFCRELASSOCIATESMATERIAL('2aWbomwYwoi6jDjXme$0ko',#37,$,$,(#4564),#4849);
#4849=IFCMATERIALLAYERSETUSAGE(#907,.AXIS2.,.NEGATIVE.,100.,$);
#4850=IFCRELASSOCIATESMATERIAL('2aqwdv7J$Nq$8pyftqVeG5',#37,$,$,(#4578),#4851);
#4851=IFCMATERIALLAYERSETUSAGE(#907,.AXIS2.,.NEGATIVE.,100.,$);
#4852=IFCRELASSOCIATESMATERIAL('1ETbdGdwLVaMTSJ2QDm4cV',#37,$,$,(#4592),#4853);
#4853=IFCMATERIALLAYERSETUSAGE(#907,.AXIS2.,.NEGATIVE.,100.,$);
#4854=IFCRELASSOCIATESMATERIAL('3o8lWGQEuUnWj094KdybGl',#37,$,$,(#4606),#4855);
#4855=IFCMATERIALLAYERSETUSAGE(#907,.AXIS2.,.NEGATIVE.,100.,$);
#4856=IFCRELASSOCIATESMATERIAL('3EfXAIyRha7WulSklMOo7d',#37,$,$,(#4620),#4857);
#4857=IFCMATERIALLAYERSETUSAGE(#907,.AXIS2.,.NEGATIVE.,100.,$);
#4858=IFCRELASSOCIATESMATERIAL('2WXl1Zfr6GhAOZSeQ18Lkz',#37,$,$,(#436),#4859);
#4859=IFCMATERIALLAYERSETUSAGE(#907,.AXIS2.,.NEGATIVE.,100.,$);
#4860=IFCRELASSOCIATESMATERIAL('1283JFDaFkiSdy5tw7Sx1I',#37,$,$,(#469),#4861);
#4861=IFCMATERIALLAYERSETUSAGE(#907,.AXIS2.,.NEGATIVE.,100.,$);
#4862=IFCRELASSOCIATESMATERIAL('3h9RoMvAw3IL7o8CwL8T5O',#37,$,$,(#4634),#4863);
#4863=IFCMATERIALLAYERSETUSAGE(#907,.AXIS2.,.NEGATIVE.,100.,$);
#4864=IFCRELASSOCIATESMATERIAL('1NzMGYfrU2GeB39fXfXOay',#37,$,$,(#4648),#4865);
#4865=IFCMATERIALLAYERSETUSAGE(#907,.AXIS2.,.NEGATIVE.,100.,$);
#4866=IFCRELASSOCIATESMATERIAL('2WtLwCN6Al725oFUS6$Bg2',#37,$,$,(#4662),#4867);
#4867=IFCMATERIALLAYERSETUSAGE(#907,.AXIS2.,.NEGATIVE.,100.,$);
#4868=IFCPROPERTYSET('19HtBuf$JZ6z$AfxsNYi3a',#37,'Pset_QuantityTakeOff',$,(#4747));
#4869=IFCPROPERTYSINGLEVALUE('Height',$,IFCPOSITIVELENGTHMEASURE(899.99999999999989),$);
#4870=IFCPROPERTYSET('2qD$rog$xRMoV95PZcoO1o',#37,'Pset_RailingCommon',$,(#4750,#4747,#4869));
#4871=IFCRELDEFINESBYPROPERTIES('3Eodn3pfKGt6KDE7SoA0rj',#37,$,$,(#1260),#4868);
#4872=IFCRELDEFINESBYPROPERTIES('3DlySFirWK4ACLEc5JymY9',#37,$,$,(#1260),#4870);
#4873=IFCAXIS2PLACEMENT3D(#2,$,$);
#4874=IFCPROPERTYSET('2IjnrKrkWSTWHiQHhRc$uX',#37,'Pset_QuantityTakeOff',$,(#4875));
#4875=IFCPROPERTYSINGLEVALUE('Reference',$,IFCIDENTIFIER('0406 x 0610mm'),$);
#4876=IFCPROPERTYSET('1i54JcphLo7wwVQ0Pwselh',#37,'Pset_WindowCommon',$,(#4877,#4875));
#4877=IFCPROPERTYSINGLEVALUE('IsExternal',$,IFCBOOLEAN(.T.),$);
#4878=IFCRELDEFINESBYPROPERTIES('3imvtWOL1qfe8LM3F$mX$E',#37,$,$,(#203),#4874);
#4879=IFCRELDEFINESBYPROPERTIES('2KJQhensqIlYr5KHq3i7j7',#37,$,$,(#203),#4876);
#4880=IFCAXIS2PLACEMENT3D(#2,$,$);
#4881=IFCRELDEFINESBYPROPERTIES('2ySHGmdd2Lw8aXsLoScgo6',#37,$,$,(#4232),#4882);
#4882=IFCPROPERTYSET('15$6Kdi$7UMRbXN6I5w4bB',#37,'Pset_ReinforcementBarPitchOfSlab',$,(#4883));
#4883=IFCPROPERTYSINGLEVALUE('Reference',$,IFCLABEL('\X2\C77CBC18\X0\ - 400mm'),$);
#4884=IFCRELDEFINESBYPROPERTIES('1YTtGHfGxbxYQJxbFehrgN',#37,$,$,(#4232),#4885);
#4885=IFCPROPERTYSET('3zjBmvaK11nOQNtNaWyRLT',#37,'Pset_SlabCommon',$,(#4877,#4886,#4887));
#4886=IFCPROPERTYSINGLEVALUE('Reference',$,IFCIDENTIFIER('\X2\C77CBC18\X0\ - 400mm'),$);
#4887=IFCPROPERTYSINGLEVALUE('PitchAngle',$,IFCPLANEANGLEMEASURE(21.913479062970115),$);
#4888=IFCRELDEFINESBYPROPERTIES('0evRMlvPwH2JtNIycJ$ax_',#37,$,$,(#4247),#4889);
#4889=IFCPROPERTYSET('0cO5kVXhvE1k5S5KwG7Z6$',#37,'Pset_QuantityTakeOff',$,(#4886));
#4890=IFCRELDEFINESBYPROPERTIES('0xgTj7tjNI7rN$$0ulP$la',#37,$,$,(#4247),#4891);
#4891=IFCPROPERTYSET('0_ZOM_m$X0FVoMqf42aVLH',#37,'Pset_RoofCommon',$,(#4877,#4886,#4892,#4893));
#4892=IFCPROPERTYSINGLEVALUE('ProjectedArea',$,IFCAREAMEASURE(89.697127079434182),$);
#4893=IFCPROPERTYSINGLEVALUE('TotalArea',$,IFCAREAMEASURE(92.665403390803945),$);
#4894=IFCCARTESIANPOINT((-1054.2616478203126,-14664.643875778311,0.));
#4895=IFCAXIS2PLACEMENT3D(#4894,#15,#62);
#4896=IFCPROPERTYSET('3XCv7mB7KZGJzraDmDhLQ2',#37,'Pset_QuantityTakeOff',$,(#4875));
#4897=IFCPROPERTYSET('3QVHPGQlt5u$oGAvOpAZ54',#37,'Pset_WindowCommon',$,(#4877,#4875));
#4898=IFCRELDEFINESBYPROPERTIES('1ar2qoR2mTWTcK6BBblczN',#37,$,$,(#670),#4896);
#4899=IFCRELDEFINESBYPROPERTIES('0wGC9fsDXapRK7o2$dOY2q',#37,$,$,(#670),#4897);
#4900=IFCCARTESIANPOINT((865.73835217968713,-14664.643875778311,0.));
#4901=IFCAXIS2PLACEMENT3D(#4900,#15,#62);
#4902=IFCPROPERTYSET('1hkhi3qWW1MHsFR1f85FYe',#37,'Pset_QuantityTakeOff',$,(#4875));
#4903=IFCPROPERTYSET('1oiF1AF2EOLYGcQstPKo_s',#37,'Pset_WindowCommon',$,(#4877,#4875));
#4904=IFCRELDEFINESBYPROPERTIES('1kZA8mUx3xWHwSua3_D5MC',#37,$,$,(#651),#4902);
#4905=IFCRELDEFINESBYPROPERTIES('1bcrj04xO6w$Z3o6CLcGN2',#37,$,$,(#651),#4903);
#4906=IFCCARTESIANPOINT((-4348.4848517218143,-6634.3420126071769,915.));
#4907=IFCAXIS2PLACEMENT3D(#4906,#15,#108);
#4908=IFCPROPERTYSET('1QBf_hlXApw6sGxuinqt20',#37,'Pset_QuantityTakeOff',$,(#4875));
#4909=IFCPROPERTYSET('0xEUZ2kBoN3Kf8KwKgey0o',#37,'Pset_WindowCommon',$,(#4877,#4875));
#4910=IFCRELDEFINESBYPROPERTIES('338FciBh$ZQhtRV7lczCo$',#37,$,$,(#481),#4908);
#4911=IFCRELDEFINESBYPROPERTIES('0f7S_Y5DNWJ9$BMDDLdW5N',#37,$,$,(#481),#4909);
#4912=IFCCARTESIANPOINT((-988.48485172180403,-2502.1092621716562,915.));
#4913=IFCAXIS2PLACEMENT3D(#4912,#15,#62);
#4914=IFCPROPERTYSET('1o0JRmDS_Zhc2WLt1jqMs3',#37,'Pset_QuantityTakeOff',$,(#4875));
#4915=IFCPROPERTYSET('2BHJnxiXUoAVoq6zgMeHws',#37,'Pset_WindowCommon',$,(#4877,#4875));
#4916=IFCRELDEFINESBYPROPERTIES('2rSdIce15WUMYJF$WGN_CJ',#37,$,$,(#448),#4914);
#4917=IFCRELDEFINESBYPROPERTIES('1aoZq7lRZALNLJKbhpNZH3',#37,$,$,(#448),#4915);
#4918=IFCCARTESIANPOINT((-1328.4848517218209,-12680.963893809347,520.));
#4919=IFCAXIS2PLACEMENT3D(#4918,#15,#62);
#4920=IFCPROPERTYSET('1wqhvYIlN2w3NJDqv0T0DR',#37,'Pset_QuantityTakeOff',$,(#4875));
#4921=IFCPROPERTYSET('3MLo7JdwhqNk2rkFMfhxQp',#37,'Pset_WindowCommon',$,(#4877,#4875));
#4922=IFCRELDEFINESBYPROPERTIES('1g1nRcE4B1Yn10K8_g9z72',#37,$,$,(#132),#4920);
#4923=IFCRELDEFINESBYPROPERTIES('1oNZgMPN5qgQN3VwZRhSei',#37,$,$,(#132),#4921);
#4924=IFCCARTESIANPOINT((571.51514827817823,-12680.963893809354,520.));
#4925=IFCAXIS2PLACEMENT3D(#4924,#15,#62);
#4927=IFCPRESENTATIONSTYLEASSIGNMENT((#4928));
#4928=IFCSURFACESTYLE('\X2\AE30BCF8\X0\ \X2\C9C0BD95\X0\',.BOTH.,(#4929));
#4929=IFCSURFACESTYLERENDERING(#4930,0.,$,$,$,$,IFCNORMALISEDRATIOMEASURE(0.5),IFCSPECULAREXPONENT(64.),.NOTDEFINED.);
#4930=IFCCOLOURRGB($,0.,0.49803921568627452,0.);
#4931=IFCAXIS2PLACEMENT3D(#2,$,$);
#4932=IFCRELAGGREGATES('2B0IjT543m5YrWywEIpLjF',#37,$,$,#4247,(#4156,#4177,#4191,#4205,#4217,#4232));
#4933=IFCPROPERTYSET('2JGHvrq2f_bQhCjB4ehQre',#37,'Pset_QuantityTakeOff',$,(#4886));
#4934=IFCPROPERTYSINGLEVALUE('Reference',$,IFCLABEL('\X2\C77CBC18\X0\ - 400mm'),$);
#4935=IFCPROPERTYSET('0MvrW2N34stLFarPsds_7a',#37,'Pset_ReinforcementBarPitchOfSlab',$,(#4934));
#4936=IFCPROPERTYSINGLEVALUE('PitchAngle',$,IFCPLANEANGLEMEASURE(15.089526380171442),$);
#4937=IFCPROPERTYSET('0I06gfk$IxiloF6jKWSq_O',#37,'Pset_SlabCommon',$,(#4877,#4886,#4936));
#4938=IFCPROPERTYSET('1OPXC$i1T_bqbhBqxFmLJv',#37,'Pset_QuantityTakeOff',$,(#4886));
#4939=IFCPROPERTYSINGLEVALUE('Reference',$,IFCLABEL('\X2\C77CBC18\X0\ - 400mm'),$);
#4940=IFCPROPERTYSET('3WF8Q6jVPSh6wFAggumApD',#37,'Pset_ReinforcementBarPitchOfSlab',$,(#4939));
#4941=IFCPROPERTYSINGLEVALUE('PitchAngle',$,IFCPLANEANGLEMEASURE(13.100522696649181),$);
#4942=IFCPROPERTYSET('2L0ZK98MzTEKFMbaxG9oRw',#37,'Pset_SlabCommon',$,(#4877,#4886,#4941));
#4943=IFCPROPERTYSET('2J_cte9XQjxDfL_Rn5KtsU',#37,'Pset_QuantityTakeOff',$,(#4886));
#4944=IFCPROPERTYSINGLEVALUE('Reference',$,IFCLABEL('\X2\C77CBC18\X0\ - 400mm'),$);
#4945=IFCPROPERTYSET('02SyNVvEliebj3ODLBRtSF',#37,'Pset_ReinforcementBarPitchOfSlab',$,(#4944));
#4946=IFCPROPERTYSINGLEVALUE('PitchAngle',$,IFCPLANEANGLEMEASURE(11.013153383358505),$);
#4947=IFCPROPERTYSET('3VWLRMb6GauleqNwmsotUo',#37,'Pset_SlabCommon',$,(#4877,#4886,#4946));
#4948=IFCPROPERTYSET('3Jx1Q6feoRQr0KsqAQaknM',#37,'Pset_QuantityTakeOff',$,(#4886));
#4949=IFCPROPERTYSINGLEVALUE('Reference',$,IFCLABEL('\X2\C77CBC18\X0\ - 400mm'),$);
#4950=IFCPROPERTYSET('23V6ImQh7gcp139caWJjvJ',#37,'Pset_ReinforcementBarPitchOfSlab',$,(#4949));
#4951=IFCPROPERTYSINGLEVALUE('PitchAngle',$,IFCPLANEANGLEMEASURE(13.100522696649172),$);
#4952=IFCPROPERTYSET('2gklAj2O4Itd$0QlZxs9PR',#37,'Pset_SlabCommon',$,(#4877,#4886,#4951));
#4953=IFCPROPERTYSET('1PCndW68zVQjH3$3XLiOoC',#37,'Pset_QuantityTakeOff',$,(#4886));
#4954=IFCPROPERTYSINGLEVALUE('Reference',$,IFCLABEL('\X2\C77CBC18\X0\ - 400mm'),$);
#4955=IFCPROPERTYSET('023ekjUh28YQ6QQs5pseiK',#37,'Pset_ReinforcementBarPitchOfSlab',$,(#4954));
#4956=IFCPROPERTYSINGLEVALUE('PitchAngle',$,IFCPLANEANGLEMEASURE(21.776015262784583),$);
#4957=IFCPROPERTYSET('0f3okSXu5tnzOqFZkcYQB9',#37,'Pset_SlabCommon',$,(#4877,#4886,#4956));
#4958=IFCPROPERTYSET('2CcUOWGj75qs26KJthIqKH',#37,'Pset_QuantityTakeOff',$,(#4886));
#4959=IFCRELDEFINESBYPROPERTIES('3LArT5xYvYEU_eqXj1NnkK',#37,$,$,(#4156),#4933);
#4960=IFCRELDEFINESBYPROPERTIES('3VzRJfCSHDLzM_oiFB5o2Z',#37,$,$,(#4156),#4935);
#4961=IFCRELDEFINESBYPROPERTIES('3Hcc1jYOMHMfhQHGh$ez9W',#37,$,$,(#4156),#4937);
#4962=IFCRELDEFINESBYPROPERTIES('3KEjQjrIwEWbLzz$Lymdnk',#37,$,$,(#4177),#4938);
#4963=IFCRELDEFINESBYPROPERTIES('1Nqlcw_OPvmPPH4OZplnPp',#37,$,$,(#4177),#4940);
#4964=IFCRELDEFINESBYPROPERTIES('0jv70gCr3fpnXlm_R9y6cI',#37,$,$,(#4177),#4942);
#4965=IFCRELDEFINESBYPROPERTIES('2dJIWGtgZboiSSu11oO0SQ',#37,$,$,(#4191),#4943);
#4966=IFCRELDEFINESBYPROPERTIES('0Bn9a94XyQEO1EkPji5cX9',#37,$,$,(#4191),#4945);
#4967=IFCRELDEFINESBYPROPERTIES('3i$otSbpmljN6Fd0JYWOpO',#37,$,$,(#4191),#4947);
#4968=IFCRELDEFINESBYPROPERTIES('1Y9OvHV7dYQSutpOVMxu4Y',#37,$,$,(#4205),#4948);
#4969=IFCRELDEFINESBYPROPERTIES('0p7SsLjEhGwop67GWXDZeL',#37,$,$,(#4205),#4950);
#4970=IFCRELDEFINESBYPROPERTIES('1UxH7CBmRtFg8zi5S2XEVo',#37,$,$,(#4205),#4952);
#4971=IFCRELDEFINESBYPROPERTIES('3KW7AV4$A0fMBF$6SsZ3iG',#37,$,$,(#4217),#4953);
#4972=IFCRELDEFINESBYPROPERTIES('06Tr7G_Y3D7CUFGbdq6e4b',#37,$,$,(#4217),#4955);
#4973=IFCRELDEFINESBYPROPERTIES('33yJjIVxDyj$hZ8sA$NtsM',#37,$,$,(#4217),#4957);
#4974=IFCRELDEFINESBYPROPERTIES('3skFiY4PqL5JGHRNT8F5RW',#37,$,$,(#4232),#4958);
#4975=IFCAXIS2PLACEMENT3D(#2,$,$);
#4976=IFCAXIS2PLACEMENT3D(#2,$,$);
#4978=IFCAXIS2PLACEMENT3D(#2,$,$);
#4979=IFCAXIS2PLACEMENT3D(#2,$,$);
#4981=IFCAXIS2PLACEMENT3D(#2,$,$);
#4982=IFCAXIS2PLACEMENT3D(#2,$,$);
#4984=IFCAXIS2PLACEMENT3D(#2,$,$);
#4985=IFCAXIS2PLACEMENT3D(#2,$,$);
#4986=IFCRELDEFINESBYPROPERTIES('35ktfCTYZYFkt9WLMC6ECY',#37,$,$,(#1034),#4987);
#4987=IFCPROPERTYSET('2sjMGTe1MedclrUw9L0Dsd',#37,'Pset_QuantityTakeOff',$,(#4988));
#4988=IFCPROPERTYSINGLEVALUE('Reference',$,IFCIDENTIFIER('\X2\CF58D06CB9ACD2B8\X0\-\X2\C0C1C6A9\X0\ 362mm'),$);
#4989=IFCRELDEFINESBYPROPERTIES('2P_EukMxitlfpJ$QB$GD9Q',#37,$,$,(#1034),#4990);
#4990=IFCPROPERTYSET('0CnvO6AeQIGDSqnJvrfyTZ',#37,'Pset_ReinforcementBarPitchOfSlab',$,(#4991));
#4991=IFCPROPERTYSINGLEVALUE('Reference',$,IFCLABEL('\X2\CF58D06CB9ACD2B8\X0\-\X2\C0C1C6A9\X0\ 362mm'),$);
#4992=IFCRELDEFINESBYPROPERTIES('0vriMojvt_QYFVcx_R5e91',#37,$,$,(#1034),#4993);
#4993=IFCPROPERTYSET('2lq7fPKoe7xHQ1dkguXu8c',#37,'Pset_SlabCommon',$,(#4994,#4750,#4988,#4995));
#4994=IFCPROPERTYSINGLEVALUE('LoadBearing',$,IFCBOOLEAN(.F.),$);
#4995=IFCPROPERTYSINGLEVALUE('PitchAngle',$,IFCPLANEANGLEMEASURE(0.),$);
#4996=IFCSTYLEDITEM(#1070,(#4997),$);
#4997=IFCPRESENTATIONSTYLEASSIGNMENT((#4998));
#4998=IFCSURFACESTYLE('\X2\CCA0C7AC\X0\ \X2\C2A4D130B4DC\X0\ \X2\B808C774C5B4\X0\',.BOTH.,(#4999));
#4999=IFCSURFACESTYLERENDERING(#5000,0.,$,$,$,$,IFCNORMALISEDRATIOMEASURE(0.5),IFCSPECULAREXPONENT(64.),.NOTDEFINED.);
#5000=IFCCOLOURRGB($,0.87058823529411766,0.85098039215686272,0.85098039215686272);
#5001=IFCPROPERTYSINGLEVALUE('Finish',$,IFCTEXT('\X2\C11DACE0\X0\ \X2\BCBD\X0\ \X2\BCF4B4DC\X0\;'),$);
#5002=IFCPROPERTYSET('3_8073K$5Xcl10DDf$PfJH',#37,'Pset_CoveringCommon',$,(#5003,#5001));
#5003=IFCPROPERTYSINGLEVALUE('Reference',$,IFCIDENTIFIER('\X2\D50CB808C778\X0\'),$);
#5004=IFCPROPERTYSET('23aCPC49dvTZaGVhiGTSwS',#37,'Pset_QuantityTakeOff',$,(#5003));
#5005=IFCRELDEFINESBYPROPERTIES('0RyEhlo14RZFPEaw8EXnwo',#37,$,$,(#1065),#5002);
#5006=IFCRELDEFINESBYPROPERTIES('1umcR7JWOi5RDyC66Esxll',#37,$,$,(#1065),#5004);
#5007=IFCAXIS2PLACEMENT3D(#2,$,$);
#5009=IFCAXIS2PLACEMENT3D(#2,$,$);
#5010=IFCAXIS2PLACEMENT3D(#2,$,$);
#5012=IFCPROPERTYSET('0XQO1wrshk$SPSOJKmqF4Z',#37,'Pset_CoveringCommon',$,(#5003,#5013));
#5013=IFCPROPERTYSINGLEVALUE('Finish',$,IFCTEXT('\X2\C11DACE0\X0\ \X2\BCBD\X0\ \X2\BCF4B4DC\X0\;'),$);
#5014=IFCPROPERTYSET('0ANqFL3D91fUVQOXGjDqWM',#37,'Pset_QuantityTakeOff',$,(#5003));
#5015=IFCRELDEFINESBYPROPERTIES('3H03n3lU41rRPiJe_W3Irv',#37,$,$,(#1010),#5012);
#5016=IFCRELDEFINESBYPROPERTIES('0yGR5Cm7wwUb04Z6Ao7Z9b',#37,$,$,(#1010),#5014);
#5017=IFCCOLOURRGB($,0.6470588235294118,0.16470588235294117,0.16470588235294117);
#5018=IFCSURFACESTYLERENDERING(#5017,0.,$,$,$,$,IFCNORMALISEDRATIOMEASURE(0.),IFCSPECULAREXPONENT(0.),.NOTDEFINED.);
#5019=IFCSURFACESTYLE('\X2\B300C9C0\X0\ - \X2\D558B4DCCF54C5B4\X0\',.BOTH.,(#5018));
#5020=IFCPRESENTATIONSTYLEASSIGNMENT((#5019));
#5022=IFCCOLOURRGB($,0.75294117647058822,0.75294117647058822,0.75294117647058822);
#5023=IFCSURFACESTYLERENDERING(#5022,0.,$,$,$,$,IFCNORMALISEDRATIOMEASURE(0.5),IFCSPECULAREXPONENT(128.),.NOTDEFINED.);
#5024=IFCSURFACESTYLE('\X2\CF58D06CB9ACD2B8\X0\, \X2\D604C7A5CE58AE30\X0\',.BOTH.,(#5023));
#5025=IFCPRESENTATIONSTYLEASSIGNMENT((#5024));
#5026=IFCSTYLEDITEM($,(#5025),$);
#5027=IFCSTYLEDREPRESENTATION(#19,'Style','Material',(#5026));
#5028=IFCMATERIALDEFINITIONREPRESENTATION($,$,(#5027),#1059);
#5029=IFCCOLOURRGB($,0.74901960784313726,0.71764705882352942,0.69803921568627447);
#5030=IFCSURFACESTYLERENDERING(#5029,0.,$,$,$,$,IFCNORMALISEDRATIOMEASURE(0.5),IFCSPECULAREXPONENT(128.),.NOTDEFINED.);
#5031=IFCSURFACESTYLE('\X2\BAA8B798\X0\',.BOTH.,(#5030));
#5032=IFCPRESENTATIONSTYLEASSIGNMENT((#5031));
#5033=IFCSTYLEDITEM($,(#5032),$);
#5034=IFCSTYLEDREPRESENTATION(#19,'Style','Material',(#5033));
#5035=IFCMATERIALDEFINITIONREPRESENTATION($,$,(#5034),#1061);
#5036=IFCPRESENTATIONSTYLEASSIGNMENT((#5019));
#5037=IFCSTYLEDITEM($,(#5036),$);
#5038=IFCSTYLEDREPRESENTATION(#19,'Style','Material',(#5037));
#5039=IFCMATERIALDEFINITIONREPRESENTATION($,$,(#5038),#1063);
#5040=IFCPROPERTYSET('23iYIBC_YKycYpJDBtG$EE',#37,'Pset_QuantityTakeOff',$,(#5041));
#5041=IFCPROPERTYSINGLEVALUE('Reference',$,IFCIDENTIFIER('\X2\C77CBC18\X0\ - 200mm'),$);
#5042=IFCPROPERTYSINGLEVALUE('Reference',$,IFCLABEL('\X2\C77CBC18\X0\ - 200mm'),$);
#5043=IFCPROPERTYSET('1fftGGoK6qQWifQrFuxIzB',#37,'Pset_ReinforcementBarPitchOfWall',$,(#5042));
#5044=IFCPROPERTYSET('3PFB2NSx2W8hQZrRDO6VQg',#37,'Pset_WallCommon',$,(#5041,#4877,#5045,#4994));
#5045=IFCPROPERTYSINGLEVALUE('ExtendToStructure',$,IFCBOOLEAN(.F.),$);
#5046=IFCRELDEFINESBYPROPERTIES('3v1SBNraWwSNcCH7prAVw7',#37,$,$,(#819),#5040);
#5047=IFCRELDEFINESBYPROPERTIES('2yg085G18W30Fwwz2W8naT',#37,$,$,(#819),#5043);
#5048=IFCRELDEFINESBYPROPERTIES('2wD9l7ZJCflqcmx8HJ404L',#37,$,$,(#819),#5044);
#5050=IFCPROPERTYSINGLEVALUE('Finish',$,IFCTEXT('\X2\C11DACE0\X0\ \X2\BCBD\X0\ \X2\BCF4B4DC\X0\;'),$);
#5051=IFCPROPERTYSET('2Sfsh6u1fUl_FgpubN9b$A',#37,'Pset_CoveringCommon',$,(#5003,#5050));
#5052=IFCPROPERTYSET('27hM188ajNS0EpsVETTtkE',#37,'Pset_QuantityTakeOff',$,(#5003));
#5053=IFCRELDEFINESBYPROPERTIES('3RWYd29Iu12O9rsGT$IicV',#37,$,$,(#986),#5051);
#5054=IFCRELDEFINESBYPROPERTIES('13lKdgYlZCbvIOLexGEZGB',#37,$,$,(#986),#5052);
#5055=IFCSTYLEDITEM(#1015,(#4997),$);
#5056=IFCPROPERTYSET('2coHxqwMPULip_yXcqagNd',#37,'Pset_QuantityTakeOff',$,(#4886));
#5057=IFCPROPERTYSINGLEVALUE('Reference',$,IFCLABEL('\X2\C77CBC18\X0\ - 400mm'),$);
#5058=IFCPROPERTYSET('0cubwMha9Ccp$yqeOnPqza',#37,'Pset_ReinforcementBarPitchOfSlab',$,(#5057));
#5059=IFCPROPERTYSINGLEVALUE('PitchAngle',$,IFCPLANEANGLEMEASURE(11.962051397666249),$);
#5060=IFCPROPERTYSET('2X9mHUJDsxGDC4wJguswQR',#37,'Pset_SlabCommon',$,(#4877,#4886,#5059));
#5061=IFCPROPERTYSET('3qfd1GSikdLhjNksTBAS9t',#37,'Pset_QuantityTakeOff',$,(#4886));
#5062=IFCPROPERTYSINGLEVALUE('ProjectedArea',$,IFCAREAMEASURE(4.1592433433136113),$);
#5063=IFCPROPERTYSINGLEVALUE('TotalArea',$,IFCAREAMEASURE(4.2106287797465969),$);
#5064=IFCPROPERTYSET('0nyBt5lPPZv9t$sA7Pz1GU',#37,'Pset_RoofCommon',$,(#4877,#4886,#5062,#5063));
#5065=IFCRELDEFINESBYPROPERTIES('1MEo_5MkIYPupUYUqm4Jip',#37,$,$,(#4123),#5066);
#5066=IFCPROPERTYSET('09L81tw_b2huGBk2iNCtlZ',#37,'Pset_QuantityTakeOff',$,(#4886));
#5067=IFCRELDEFINESBYPROPERTIES('2cSemYvNT7Om64hQzQWW_3',#37,$,$,(#4123),#5068);
#5068=IFCPROPERTYSET('3OwDpThZu7kUXJptVkHg8t',#37,'Pset_ReinforcementBarPitchOfSlab',$,(#5069));
#5069=IFCPROPERTYSINGLEVALUE('Reference',$,IFCLABEL('\X2\C77CBC18\X0\ - 400mm'),$);
#5070=IFCRELDEFINESBYPROPERTIES('2s5C3lbW7us4y$FUYPB1F5',#37,$,$,(#4123),#5071);
#5071=IFCPROPERTYSET('2u30Hzq$HdSoYacu9RVh28',#37,'Pset_SlabCommon',$,(#4877,#4886,#5072));
#5072=IFCPROPERTYSINGLEVALUE('PitchAngle',$,IFCPLANEANGLEMEASURE(4.0569873567528534),$);
#5073=IFCRELDEFINESBYPROPERTIES('2dOea8MwtpVDm1m3MNEHUU',#37,$,$,(#4141),#5056);
#5074=IFCRELDEFINESBYPROPERTIES('1cHzXdfM366Pctu3F_o5fM',#37,$,$,(#4141),#5058);
#5075=IFCRELDEFINESBYPROPERTIES('0Ym2to9cYA4SWHu1wH0kTh',#37,$,$,(#4141),#5060);
#5076=IFCRELDEFINESBYPROPERTIES('3hzHcavXFV11ah$Fm3ozmz',#37,$,$,(#4155),#5061);
#5077=IFCRELDEFINESBYPROPERTIES('3idHwNdOiDguPL5$ec7Jwo',#37,$,$,(#4155),#5064);
#5079=IFCPRESENTATIONSTYLEASSIGNMENT((#5080));
#5080=IFCSURFACESTYLE('\X2\AE30BCF8\X0\ \X2\BCBD\X0\',.BOTH.,(#5081));
#5081=IFCSURFACESTYLERENDERING(#5082,0.,$,$,$,$,IFCNORMALISEDRATIOMEASURE(0.5),IFCSPECULAREXPONENT(64.),.NOTDEFINED.);
#5082=IFCCOLOURRGB($,0.50196078431372548,0.50196078431372548,0.50196078431372548);
#5083=IFCPROPERTYSET('2SKOkruFEEMS$XhxgoVRLt',#37,'Pset_QuantityTakeOff',$,(#5041));
#5084=IFCPROPERTYSINGLEVALUE('Reference',$,IFCLABEL('\X2\C77CBC18\X0\ - 200mm'),$);
#5085=IFCPROPERTYSET('058qlwOfOCLi8QE8pc9ieJ',#37,'Pset_ReinforcementBarPitchOfWall',$,(#5084));
#5086=IFCPROPERTYSET('3c3iOcrZa_4y1GWmzsqitN',#37,'Pset_WallCommon',$,(#5041,#4877,#5045,#4994));
#5087=IFCRELDEFINESBYPROPERTIES('2xW4Ir20aKWecTL6rftcDL',#37,$,$,(#224),#5083);
#5088=IFCRELDEFINESBYPROPERTIES('1WS452l9dVPb$MRvKqrUqc',#37,$,$,(#224),#5085);
#5089=IFCRELDEFINESBYPROPERTIES('2CU2m6P6ILlz_$qzv8ZQw7',#37,$,$,(#224),#5086);
#5090=IFCCARTESIANPOINT((671.51514827818562,-7274.3420126071887,0.));
#5091=IFCAXIS2PLACEMENT3D(#5090,#15,#108);
#5092=IFCPROPERTYSET('2IqbRvwfNwIDvv4wD_RLAn',#37,'Pset_DoorCommon',$,(#5093,#4750));
#5093=IFCPROPERTYSINGLEVALUE('Reference',$,IFCIDENTIFIER('0915 x 2134mm'),$);
#5094=IFCPROPERTYSET('2XQg4uaNo1c8jKUvMmdmop',#37,'Pset_QuantityTakeOff',$,(#5093));
#5095=IFCRELDEFINESBYPROPERTIES('2GNK4jVtO3b63ZsBIBrzkp',#37,$,$,(#236),#5092);
#5096=IFCRELDEFINESBYPROPERTIES('3rPyGsbwkEqhB5ITD6P$E6',#37,$,$,(#236),#5094);
#5098=IFCPROPERTYSINGLEVALUE('ProjectedArea',$,IFCAREAMEASURE(4.3292421426667671),$);
#5099=IFCPROPERTYSINGLEVALUE('TotalArea',$,IFCAREAMEASURE(4.522103539681245),$);
#5100=IFCPROPERTYSET('1ychhTTVGvxNRUwtLGGGGh',#37,'Pset_RoofCommon',$,(#4877,#4886,#5098,#5099));
#5101=IFCRELDEFINESBYPROPERTIES('1BHNh$voRW9xid2uMz8bHl',#37,$,$,(#4061),#5102);
#5102=IFCPROPERTYSET('1yADgy$d2mMHEAfa6ew9vA',#37,'Pset_QuantityTakeOff',$,(#4886));
#5103=IFCRELDEFINESBYPROPERTIES('1mXP_O4js45m0_l1s2QsdH',#37,$,$,(#4061),#5104);
#5104=IFCPROPERTYSET('0WXd8aypxobds6kM3Byef$',#37,'Pset_ReinforcementBarPitchOfSlab',$,(#5105));
#5105=IFCPROPERTYSINGLEVALUE('Reference',$,IFCLABEL('\X2\C77CBC18\X0\ - 400mm'),$);
#5106=IFCRELDEFINESBYPROPERTIES('0r5$zAdp3TKBdO9Lo5NlCN',#37,$,$,(#4061),#5107);
#5107=IFCPROPERTYSET('29V8VxkfJ1lZyqYHsOXuNN',#37,'Pset_SlabCommon',$,(#4877,#4886,#5108));
#5108=IFCPROPERTYSINGLEVALUE('PitchAngle',$,IFCPLANEANGLEMEASURE(1.7585454246559831),$);
#5109=IFCRELDEFINESBYPROPERTIES('3FUSFNTVGwSE2agr4rYaYa',#37,$,$,(#4079),#5110);
#5110=IFCPROPERTYSET('0FYN47FNK0pM$uO1oiNcDT',#37,'Pset_QuantityTakeOff',$,(#4886));
#5111=IFCRELDEFINESBYPROPERTIES('1OhliC$6TBaWFYCIbqOML5',#37,$,$,(#4079),#5112);
#5112=IFCPROPERTYSET('1yoSzkK_UESa1xlqFCNUl5',#37,'Pset_ReinforcementBarPitchOfSlab',$,(#5113));
#5113=IFCPROPERTYSINGLEVALUE('Reference',$,IFCLABEL('\X2\C77CBC18\X0\ - 400mm'),$);
#5114=IFCRELDEFINESBYPROPERTIES('29kCW425PdDMUD1iA0fPy9',#37,$,$,(#4079),#5115);
#5115=IFCPROPERTYSET('1kkIxiHYfnexsWcEZIa_yq',#37,'Pset_SlabCommon',$,(#4877,#4886,#5116));
#5116=IFCPROPERTYSINGLEVALUE('PitchAngle',$,IFCPLANEANGLEMEASURE(8.2463208144685343),$);
#5117=IFCRELDEFINESBYPROPERTIES('07Mw2xWwbJ4GYxiG7gtKlg',#37,$,$,(#4093),#5118);
#5118=IFCPROPERTYSET('1w1wWmvzAlLn7LS_ubAtku',#37,'Pset_QuantityTakeOff',$,(#4886));
#5119=IFCRELDEFINESBYPROPERTIES('1wtT_9yZhnqYJHdrk8lP7i',#37,$,$,(#4093),#5120);
#5120=IFCPROPERTYSET('3wViRabtvfUl9E4nymEE99',#37,'Pset_ReinforcementBarPitchOfSlab',$,(#5121));
#5121=IFCPROPERTYSINGLEVALUE('Reference',$,IFCLABEL('\X2\C77CBC18\X0\ - 400mm'),$);
#5122=IFCRELDEFINESBYPROPERTIES('1weGQUOogG4uP4eULfesK8',#37,$,$,(#4093),#5123);
#5123=IFCPROPERTYSET('0kNwsVIW$T9rQzbNgkZmlE',#37,'Pset_SlabCommon',$,(#4877,#4886,#5124));
#5124=IFCPROPERTYSINGLEVALUE('PitchAngle',$,IFCPLANEANGLEMEASURE(18.330103963627334),$);
#5125=IFCRELDEFINESBYPROPERTIES('0u8TWQ$Jcl08Vtcm$6ZIhX',#37,$,$,(#4107),#5126);
#5126=IFCPROPERTYSET('0DUVMMgNENQ0iIhXAtrekQ',#37,'Pset_QuantityTakeOff',$,(#4886));
#5127=IFCRELDEFINESBYPROPERTIES('0VvXgpEQkPATUfkfVhdH_b',#37,$,$,(#4107),#5128);
#5128=IFCPROPERTYSET('0LFRqC$7HMo1LcbNM7S_kI',#37,'Pset_ReinforcementBarPitchOfSlab',$,(#5129));
#5129=IFCPROPERTYSINGLEVALUE('Reference',$,IFCLABEL('\X2\C77CBC18\X0\ - 400mm'),$);
#5130=IFCRELDEFINESBYPROPERTIES('357L3B1GHO_BSrIZo7Z2Iy',#37,$,$,(#4107),#5131);
#5131=IFCPROPERTYSET('0RvfiAQr14d0CyC1hYgLwa',#37,'Pset_SlabCommon',$,(#4877,#4886,#5132));
#5132=IFCPROPERTYSINGLEVALUE('PitchAngle',$,IFCPLANEANGLEMEASURE(45.),$);
#5133=IFCRELDEFINESBYPROPERTIES('1bUMQGL1hfrmmOQiUjuocN',#37,$,$,(#4122),#5134);
#5134=IFCPROPERTYSET('1ecXLSQ44YAChPaGLcQq1A',#37,'Pset_QuantityTakeOff',$,(#4886));
#5135=IFCRELDEFINESBYPROPERTIES('3sEG0cky$ijgPhe$mkUloZ',#37,$,$,(#4122),#5100);
#5136=IFCAXIS2PLACEMENT3D(#2,$,$);
#5138=IFCAXIS2PLACEMENT3D(#2,$,$);
#5139=IFCAXIS2PLACEMENT3D(#2,$,$);
#5141=IFCAXIS2PLACEMENT3D(#2,$,$);
#5142=IFCRELAGGREGATES('2PNheqCBH0KlUZ5qMMUKcC',#37,$,$,#4155,(#4123,#4141));
#5143=IFCAXIS2PLACEMENT3D(#2,$,$);
#5144=IFCAXIS2PLACEMENT3D(#2,$,$);
#5146=IFCAXIS2PLACEMENT3D(#2,$,$);
#5147=IFCAXIS2PLACEMENT3D(#2,$,$);
#5149=IFCAXIS2PLACEMENT3D(#2,$,$);
#5150=IFCRELAGGREGATES('3sztCJU7dJ0LvhNwrlMs5t',#37,$,$,#4122,(#4061,#4079,#4093,#4107));
#5152=IFCPRESENTATIONSTYLEASSIGNMENT((#4928));
#5153=IFCSTYLEDITEM($,(#5152),$);
#5154=IFCSTYLEDREPRESENTATION(#19,'Style','Material',(#5153));
#5155=IFCMATERIALDEFINITIONREPRESENTATION($,$,(#5154),#4250);
#5156=IFCPROPERTYSET('1wu_l3HZNABQ7_A3spB$n3',#37,'Pset_QuantityTakeOff',$,(#4886));
#5157=IFCPROPERTYSINGLEVALUE('ProjectedArea',$,IFCAREAMEASURE(58.838626499110411),$);
#5158=IFCPROPERTYSINGLEVALUE('TotalArea',$,IFCAREAMEASURE(65.414803815735752),$);
#5159=IFCPROPERTYSET('3ae85ZXwst6wfkFCEZD$AU',#37,'Pset_RoofCommon',$,(#4877,#4886,#5157,#5158));
#5160=IFCRELDEFINESBYPROPERTIES('2VxkFBaDaRPv1siGwP5CxR',#37,$,$,(#2334),#5156);
#5161=IFCRELDEFINESBYPROPERTIES('3SLHzU3OgW8bmnCP1PDoO8',#37,$,$,(#2334),#5159);
#5162=IFCAXIS2PLACEMENT3D(#2,$,$);
#5164=IFCAXIS2PLACEMENT3D(#2,$,$);
#5165=IFCAXIS2PLACEMENT3D(#2,$,$);
#5167=IFCPROPERTYSINGLEVALUE('Finish',$,IFCTEXT('\X2\C11DACE0\X0\ \X2\BCBD\X0\ \X2\BCF4B4DC\X0\;'),$);
#5168=IFCPROPERTYSET('1wbc5jpARprjVWNLqSbxvT',#37,'Pset_CoveringCommon',$,(#5003,#5167));
#5169=IFCPROPERTYSET('1sMUbkKtfZ5OQk8$bMmy9s',#37,'Pset_QuantityTakeOff',$,(#5003));
#5170=IFCRELDEFINESBYPROPERTIES('0Ri4Ok1Y857UAsZcx0FeMx',#37,$,$,(#956),#5168);
#5171=IFCRELDEFINESBYPROPERTIES('37kP1eDOxFuAG_ovLkluj3',#37,$,$,(#956),#5169);
#5172=IFCSTYLEDITEM(#930,(#4997),$);
#5173=IFCPRESENTATIONSTYLEASSIGNMENT((#4998));
#5174=IFCSTYLEDITEM($,(#6008),$);
#5175=IFCSTYLEDREPRESENTATION(#19,'Style','Material',(#5174));
#5176=IFCMATERIALDEFINITIONREPRESENTATION($,$,(#5175),#952);
#5177=IFCCOLOURRGB($,0.97647058823529409,0.97647058823529409,0.97647058823529409);
#5178=IFCSURFACESTYLERENDERING(#5177,0.,$,$,$,$,IFCNORMALISEDRATIOMEASURE(0.5),IFCSPECULAREXPONENT(128.),.NOTDEFINED.);
#5179=IFCSURFACESTYLE('\X2\C11DACE0\X0\ \X2\BCBD\X0\ \X2\BCF4B4DC\X0\',.BOTH.,(#5178));
#5180=IFCPRESENTATIONSTYLEASSIGNMENT((#5179));
#5181=IFCSTYLEDITEM($,(#6008),$);
#5182=IFCSTYLEDREPRESENTATION(#19,'Style','Material',(#5181));
#5183=IFCMATERIALDEFINITIONREPRESENTATION($,$,(#5182),#954);
#5184=IFCPROPERTYSINGLEVALUE('Finish',$,IFCTEXT('\X2\C11DACE0\X0\ \X2\BCBD\X0\ \X2\BCF4B4DC\X0\;'),$);
#5185=IFCPROPERTYSET('2jNs9Z3dc3xOn1NMbcWf$o',#37,'Pset_CoveringCommon',$,(#5003,#5184));
#5186=IFCPROPERTYSET('3$WBlM0VDxWkM_m1Lc2Tjs',#37,'Pset_QuantityTakeOff',$,(#5003));
#5187=IFCRELDEFINESBYPROPERTIES('3xU9kr3h_SmSITgyWhu$Dq',#37,$,$,(#925),#5185);
#5188=IFCRELDEFINESBYPROPERTIES('2Ck7cbM1v6vfwNjL0RNYxh',#37,$,$,(#925),#5186);
#5189=IFCSTYLEDITEM(#961,(#4997),$);
#5190=IFCPROPERTYSET('1kXYO_GrqzJFMc$B65m$C8',#37,'Pset_WallCommon',$,(#5041,#4877,#5045,#4994));
#5191=IFCRELDEFINESBYPROPERTIES('0pb1zgxabMU_9CoHJ8sgsq',#37,$,$,(#758),#5192);
#5192=IFCPROPERTYSET('2iEBZPPikjVFYQPSktOTSr',#37,'Pset_QuantityTakeOff',$,(#5041));
#5193=IFCRELDEFINESBYPROPERTIES('35dJoUBgMy2yO38hsfD19z',#37,$,$,(#758),#5194);
#5194=IFCPROPERTYSET('3t1UpbB0VfyUGXXCF2$xbl',#37,'Pset_ReinforcementBarPitchOfWall',$,(#5195));
#5195=IFCPROPERTYSINGLEVALUE('Reference',$,IFCLABEL('\X2\C77CBC18\X0\ - 200mm'),$);
#5196=IFCRELDEFINESBYPROPERTIES('3KTa6yFTbFzwvrB0xF7AZG',#37,$,$,(#758),#5190);
#5198=IFCPROPERTYSET('0ciPlXm3FGlFfxJF7Ngk40',#37,'Pset_QuantityTakeOff',$,(#5041));
#5199=IFCPROPERTYSINGLEVALUE('Reference',$,IFCLABEL('\X2\C77CBC18\X0\ - 200mm'),$);
#5200=IFCPROPERTYSET('2pEXqEZb4iFAUyfsDlK$hW',#37,'Pset_ReinforcementBarPitchOfWall',$,(#5199));
#5201=IFCPROPERTYSET('2MrrhdV9jzhft_Uv0Z9TkD',#37,'Pset_WallCommon',$,(#5041,#4877,#5045,#4994));
#5202=IFCRELDEFINESBYPROPERTIES('2LJV9CvbDD8$zTk4$1sEWN',#37,$,$,(#773),#5198);
#5203=IFCRELDEFINESBYPROPERTIES('0GxEV1CLnOYWhDY9bI2Ln3',#37,$,$,(#773),#5200);
#5204=IFCRELDEFINESBYPROPERTIES('1pOXrjVQwTiKRhf76bD417',#37,$,$,(#773),#5201);
#5206=IFCPROPERTYSET('0A5rGhz$pC2dtMQMC2RpWo',#37,'Pset_QuantityTakeOff',$,(#5041));
#5207=IFCPROPERTYSINGLEVALUE('Reference',$,IFCLABEL('\X2\C77CBC18\X0\ - 200mm'),$);
#5208=IFCPROPERTYSET('1wEVPdsAdzdLagFJcr3dUc',#37,'Pset_ReinforcementBarPitchOfWall',$,(#5207));
#5209=IFCPROPERTYSET('3iJFZ3fAeZP2bLB8Wha3zu',#37,'Pset_WallCommon',$,(#5041,#4877,#5045,#4994));
#5210=IFCRELDEFINESBYPROPERTIES('3qpZq6gNhkDphUr51R7lNM',#37,$,$,(#803),#5206);
#5211=IFCRELDEFINESBYPROPERTIES('1NfEwezH_eYEYkG2Blizbx',#37,$,$,(#803),#5208);
#5212=IFCRELDEFINESBYPROPERTIES('17btU6wrPPwbFjevNCuyx4',#37,$,$,(#803),#5209);
#5214=IFCPROPERTYSET('2u5ppDvQ_e$kuSGy$SIfAD',#37,'Pset_QuantityTakeOff',$,(#5041));
#5215=IFCPROPERTYSINGLEVALUE('Reference',$,IFCLABEL('\X2\C77CBC18\X0\ - 200mm'),$);
#5216=IFCPROPERTYSET('3ykFqWPB44P8CwNOULjZVV',#37,'Pset_ReinforcementBarPitchOfWall',$,(#5215));
#5217=IFCPROPERTYSET('0TTko$CdQ4INBsxMmHXxlA',#37,'Pset_WallCommon',$,(#5041,#4877,#5045,#4994));
#5218=IFCRELDEFINESBYPROPERTIES('3rJW5V49zOoC6RBAZm2Tx1',#37,$,$,(#120),#5214);
#5219=IFCRELDEFINESBYPROPERTIES('1gd4yWnuDxt2EEyQDY9ptZ',#37,$,$,(#120),#5216);
#5220=IFCRELDEFINESBYPROPERTIES('3whL3OwCOb1l05gZAJAamV',#37,$,$,(#120),#5217);
#5222=IFCPROPERTYSET('3yWQD73iVtn4S0orHTtuIn',#37,'Pset_QuantityTakeOff',$,(#5041));
#5223=IFCPROPERTYSINGLEVALUE('Reference',$,IFCLABEL('\X2\C77CBC18\X0\ - 200mm'),$);
#5224=IFCPROPERTYSET('32ZioEylf0IkoVHA7CCPA_',#37,'Pset_ReinforcementBarPitchOfWall',$,(#5223));
#5225=IFCPROPERTYSET('1SfEYQz$hHclmM7CU05cBz',#37,'Pset_WallCommon',$,(#5041,#4877,#5045,#4994));
#5226=IFCRELDEFINESBYPROPERTIES('3f44mi_7T_K2tKbsDlpepd',#37,$,$,(#743),#5222);
#5227=IFCRELDEFINESBYPROPERTIES('0WaZH2jhu4tr$d344lii02',#37,$,$,(#743),#5224);
#5228=IFCRELDEFINESBYPROPERTIES('0kocvS4g6zhouiHhaYu7za',#37,$,$,(#743),#5225);
#5230=IFCPROPERTYSINGLEVALUE('Reference',$,IFCLABEL('\X2\C77CBC18\X0\ - 200mm'),$);
#5231=IFCPROPERTYSET('3sS6EfX7M_uXFCQN2hPVDb',#37,'Pset_ReinforcementBarPitchOfWall',$,(#5230));
#5232=IFCPROPERTYSET('2QgCvYO6KpMN9JTdjD7dUz',#37,'Pset_WallCommon',$,(#5041,#4877,#5045,#4994));
#5233=IFCRELDEFINESBYPROPERTIES('1he58lNTtKlgmzTbQa7yvH',#37,$,$,(#710),#5234);
#5234=IFCPROPERTYSET('15coFNfb09KQZ$WEJZBjtv',#37,'Pset_QuantityTakeOff',$,(#5041));
#5235=IFCRELDEFINESBYPROPERTIES('2Rg7HiPS5iqqwzVWagwScn',#37,$,$,(#710),#5231);
#5236=IFCRELDEFINESBYPROPERTIES('3uEJRE13u$O$5dn0S$Jyp3',#37,$,$,(#710),#5232);
#5238=IFCPROPERTYSET('2nCAi6rDnmSpqjHDaMdkiC',#37,'Pset_QuantityTakeOff',$,(#5041));
#5239=IFCPROPERTYSINGLEVALUE('Reference',$,IFCLABEL('\X2\C77CBC18\X0\ - 200mm'),$);
#5240=IFCPROPERTYSET('0wn9ltbmQpErUHB9sG_Wpe',#37,'Pset_ReinforcementBarPitchOfWall',$,(#5239));
#5241=IFCPROPERTYSET('3tY67pNh5PEaTz1wfU5kYQ',#37,'Pset_WallCommon',$,(#5041,#4877,#5045,#4994));
#5242=IFCRELDEFINESBYPROPERTIES('1XZd2O0dEIJl56PQ2U24Tm',#37,$,$,(#725),#5238);
#5243=IFCRELDEFINESBYPROPERTIES('3FZ_nAOB$olJB$znGZBmH6',#37,$,$,(#725),#5240);
#5244=IFCRELDEFINESBYPROPERTIES('17YVHnttHGsoUqLTnebvB8',#37,$,$,(#725),#5241);
#5246=IFCPROPERTYSET('0g0EaGhRmKfYnfeoZpfYbv',#37,'Pset_QuantityTakeOff',$,(#5041));
#5247=IFCPROPERTYSINGLEVALUE('Reference',$,IFCLABEL('\X2\C77CBC18\X0\ - 200mm'),$);
#5248=IFCPROPERTYSET('3CVhcRlPJMNWLAknk6HENJ',#37,'Pset_ReinforcementBarPitchOfWall',$,(#5247));
#5249=IFCPROPERTYSET('2n_nXfdaafUf$pOV0o7mhv',#37,'Pset_WallCommon',$,(#5041,#4877,#5045,#4994));
#5250=IFCRELDEFINESBYPROPERTIES('286fnfmd0SLChg5oYPRC9z',#37,$,$,(#44),#5246);
#5251=IFCRELDEFINESBYPROPERTIES('3Vf2wO9gz5V7hJLwI9LXvo',#37,$,$,(#44),#5248);
#5252=IFCRELDEFINESBYPROPERTIES('1SarfxoAkEYQBY6PhmK0RL',#37,$,$,(#44),#5249);
#5253=IFCCARTESIANPOINT((2086.5151482781853,-8974.3420126072033,0.));
#5254=IFCAXIS2PLACEMENT3D(#5253,#15,#62);
#5255=IFCPROPERTYSET('1jE28krG_t$C9IO$VuJyFm',#37,'Pset_DoorCommon',$,(#5093,#4750));
#5256=IFCPROPERTYSET('3w6QmZlOhz7Zzx9iAcakFj',#37,'Pset_QuantityTakeOff',$,(#5093));
#5257=IFCRELDEFINESBYPROPERTIES('0SVr$x8$SDD7UWsYdDflkg',#37,$,$,(#59),#5255);
#5258=IFCRELDEFINESBYPROPERTIES('3fTofZUAzlnpG7aejlBe_L',#37,$,$,(#59),#5256);
#5259=IFCRELDEFINESBYPROPERTIES('14paGC1IWdFa3LJN8hv_EW',#37,$,$,(#4634),#5260);
#5260=IFCPROPERTYSET('2J5PV_IJm6Z3aZvZeNmxrB',#37,'Pset_WallCommon',$,(#5041,#4877,#5045,#4994));
#5262=IFCPROPERTYSET('3ei9LCiHSx5zagAmW9pRuk',#37,'Pset_QuantityTakeOff',$,(#5041));
#5263=IFCPROPERTYSINGLEVALUE('Reference',$,IFCLABEL('\X2\C77CBC18\X0\ - 200mm'),$);
#5264=IFCPROPERTYSET('2u8X4w89zVAHaroTKBAWGr',#37,'Pset_ReinforcementBarPitchOfWall',$,(#5263));
#5265=IFCPROPERTYSET('3$uW$1Vffc9MKTsnn2hSEC',#37,'Pset_WallCommon',$,(#5041,#4877,#5045,#4994));
#5266=IFCRELDEFINESBYPROPERTIES('0he5Ibn7bmELaGkP7qxbjl',#37,$,$,(#4648),#5262);
#5267=IFCRELDEFINESBYPROPERTIES('3bsG4S8BJrY5SPKu3a3WQU',#37,$,$,(#4648),#5264);
#5268=IFCRELDEFINESBYPROPERTIES('2FoB6iF5IjTPM9A7Z013rS',#37,$,$,(#4648),#5265);
#5270=IFCPROPERTYSET('32D40$mmOC0Xfaw$l8kaE0',#37,'Pset_QuantityTakeOff',$,(#5041));
#5271=IFCPROPERTYSINGLEVALUE('Reference',$,IFCLABEL('\X2\C77CBC18\X0\ - 200mm'),$);
#5272=IFCPROPERTYSET('3fjAGIjw76puXQepM0ndKz',#37,'Pset_ReinforcementBarPitchOfWall',$,(#5271));
#5273=IFCPROPERTYSET('00VAPxJWnpsYXTsO_OnqM3',#37,'Pset_WallCommon',$,(#5041,#4877,#5045,#4994));
#5274=IFCRELDEFINESBYPROPERTIES('1MupRwnAdG8_m1K5pi1EzN',#37,$,$,(#4662),#5270);
#5275=IFCRELDEFINESBYPROPERTIES('1ZU5EwDFxD_xKnqMi0YqHo',#37,$,$,(#4662),#5272);
#5276=IFCRELDEFINESBYPROPERTIES('0$gn5VxmJNSvXajL_pyWJj',#37,$,$,(#4662),#5273);
#5279=IFCPROPERTYSET('3K7wL_uF$CSgM8WnlsBw8S',#37,'Pset_QuantityTakeOff',$,(#5041));
#5280=IFCPROPERTYSINGLEVALUE('Reference',$,IFCLABEL('\X2\C77CBC18\X0\ - 200mm'),$);
#5281=IFCPROPERTYSET('3He83rNdFUq2tSnfui2mr4',#37,'Pset_ReinforcementBarPitchOfWall',$,(#5280));
#5282=IFCPROPERTYSET('2WobQUk3MiFxKpSysByBay',#37,'Pset_WallCommon',$,(#5041,#4877,#5045,#4994));
#5283=IFCRELDEFINESBYPROPERTIES('2HvBu5ICgxTs3zsrH_4W4h',#37,$,$,(#436),#5279);
#5284=IFCRELDEFINESBYPROPERTIES('0ygRGJn0iUKFjXqGWqjaee',#37,$,$,(#436),#5281);
#5285=IFCRELDEFINESBYPROPERTIES('1mWGmf5fDDiuDE0dRt0TOg',#37,$,$,(#436),#5282);
#5287=IFCPROPERTYSET('2BpsQ8XpzEviVHC8TQKEpI',#37,'Pset_QuantityTakeOff',$,(#5041));
#5288=IFCPROPERTYSINGLEVALUE('Reference',$,IFCLABEL('\X2\C77CBC18\X0\ - 200mm'),$);
#5289=IFCPROPERTYSET('3kJjhVskggFJ9OmPdnGooL',#37,'Pset_ReinforcementBarPitchOfWall',$,(#5288));
#5290=IFCPROPERTYSET('2elV_7K0sizchJ8fq8c2YN',#37,'Pset_WallCommon',$,(#5041,#4877,#5045,#4994));
#5291=IFCRELDEFINESBYPROPERTIES('2L7zF6GNU7JxbxMt4wVo14',#37,$,$,(#469),#5287);
#5292=IFCRELDEFINESBYPROPERTIES('0dNPcmQDinp0ykn14xj1So',#37,$,$,(#469),#5289);
#5293=IFCRELDEFINESBYPROPERTIES('0SHOb0ChlaEKsxddVR9ZSO',#37,$,$,(#469),#5290);
#5295=IFCPROPERTYSET('0dRIL1z41CIVzBnIbhEwoZ',#37,'Pset_QuantityTakeOff',$,(#5041));
#5296=IFCPROPERTYSINGLEVALUE('Reference',$,IFCLABEL('\X2\C77CBC18\X0\ - 200mm'),$);
#5297=IFCPROPERTYSET('2CBjvfQ__YIRmszHonqM$_',#37,'Pset_ReinforcementBarPitchOfWall',$,(#5296));
#5298=IFCRELDEFINESBYPROPERTIES('1rJxr043VBhG5FYpidB1CO',#37,$,$,(#4634),#5295);
#5299=IFCRELDEFINESBYPROPERTIES('3kiY9$QA4S2UFPpEe0Vtgy',#37,$,$,(#4634),#5297);
#5301=IFCPROPERTYSET('2lScoN8P7dGQwGWzPxoyXP',#37,'Pset_QuantityTakeOff',$,(#5041));
#5302=IFCPROPERTYSINGLEVALUE('Reference',$,IFCLABEL('\X2\C77CBC18\X0\ - 200mm'),$);
#5303=IFCPROPERTYSET('2dGl0EJO0R_2WM8BEt0dZl',#37,'Pset_ReinforcementBarPitchOfWall',$,(#5302));
#5304=IFCPROPERTYSET('0E1IfQWtbJl_eRbcua47pw',#37,'Pset_WallCommon',$,(#5041,#4877,#5045,#4994));
#5305=IFCRELDEFINESBYPROPERTIES('2mjoq3NtgKPjf45agUcS6M',#37,$,$,(#4592),#5301);
#5306=IFCRELDEFINESBYPROPERTIES('2CV3r_GCHz$N30DSk05kLY',#37,$,$,(#4592),#5303);
#5307=IFCRELDEFINESBYPROPERTIES('1FYREO1OEaxGDpucdYRRzb',#37,$,$,(#4592),#5304);
#5309=IFCPROPERTYSET('16TikxBij5zhwjVos8IpsI',#37,'Pset_QuantityTakeOff',$,(#5041));
#5310=IFCPROPERTYSINGLEVALUE('Reference',$,IFCLABEL('\X2\C77CBC18\X0\ - 200mm'),$);
#5311=IFCPROPERTYSET('3IAQF0Rica1N7LH9tDNYvZ',#37,'Pset_ReinforcementBarPitchOfWall',$,(#5310));
#5312=IFCPROPERTYSET('3XAlZdzbj13hR6yVNhjGzC',#37,'Pset_WallCommon',$,(#5041,#4877,#5045,#4994));
#5313=IFCRELDEFINESBYPROPERTIES('2XCocw_ZAEmlc7$K9ROL9a',#37,$,$,(#4606),#5309);
#5314=IFCRELDEFINESBYPROPERTIES('1GYWylTs9xynvYNnYGRqiD',#37,$,$,(#4606),#5311);
#5315=IFCRELDEFINESBYPROPERTIES('0hd3Lj89Sj9vZdbtYrzu8$',#37,$,$,(#4606),#5312);
#5317=IFCPROPERTYSET('0VuUWVcJyNH3fppXMnHUNj',#37,'Pset_QuantityTakeOff',$,(#5041));
#5318=IFCPROPERTYSINGLEVALUE('Reference',$,IFCLABEL('\X2\C77CBC18\X0\ - 200mm'),$);
#5319=IFCPROPERTYSET('2G2z2WHtIjgZb0fLYG0f7K',#37,'Pset_ReinforcementBarPitchOfWall',$,(#5318));
#5320=IFCPROPERTYSET('3CXUjpWn3LTxcnQnd3tQoV',#37,'Pset_WallCommon',$,(#5041,#4877,#5045,#4994));
#5321=IFCRELDEFINESBYPROPERTIES('314DQL6sAyeHKKPfMnDLJ6',#37,$,$,(#4620),#5317);
#5322=IFCRELDEFINESBYPROPERTIES('197$yO4hsIoiJe36_ztGgp',#37,$,$,(#4620),#5319);
#5323=IFCRELDEFINESBYPROPERTIES('0RWlGwGlkYPLjsyq7n4CH3',#37,$,$,(#4620),#5320);
#5324=IFCCARTESIANPOINT((-8134.2616478203026,-4644.6438757782671,0.));
#5325=IFCAXIS2PLACEMENT3D(#5324,#15,#108);
#5326=IFCPROPERTYSET('3e0nZz5ZL6aO0_OUepqTwN',#37,'Pset_QuantityTakeOff',$,(#4875));
#5327=IFCPROPERTYSET('122yUcvGT3gl_lRF8R9$n5',#37,'Pset_WindowCommon',$,(#4877,#4875));
#5328=IFCRELDEFINESBYPROPERTIES('0HyYcA0ENWd03xYXLHC1Un',#37,$,$,(#880),#5326);
#5329=IFCRELDEFINESBYPROPERTIES('3DJGbF8qWIiqpQLTgdFgtT',#37,$,$,(#880),#5327);
#5330=IFCCARTESIANPOINT((-8134.2616478203136,-6564.6438757782671,0.));
#5331=IFCAXIS2PLACEMENT3D(#5330,#15,#108);
#5332=IFCPROPERTYSET('1h6RFh1zOoH1fFUuEoofP3',#37,'Pset_QuantityTakeOff',$,(#4875));
#5333=IFCPROPERTYSET('3d5dJSRxS5pD3rG$nnKJc$',#37,'Pset_WindowCommon',$,(#4877,#4875));
#5334=IFCRELDEFINESBYPROPERTIES('0AxsC$0N0UO9cDv6Cfu2Mg',#37,$,$,(#861),#5332);
#5335=IFCRELDEFINESBYPROPERTIES('1DsNeqYHgbZfBnKJT24HFi',#37,$,$,(#861),#5333);
#5336=IFCCARTESIANPOINT((5690.5208465132619,-12206.963893809363,915.));
#5337=IFCAXIS2PLACEMENT3D(#5336,#15,#108);
#5338=IFCPROPERTYSET('1ILnGZgzmWuLGLPF7DdIv6',#37,'Pset_QuantityTakeOff',$,(#5339));
#5339=IFCPROPERTYSINGLEVALUE('Reference',$,IFCIDENTIFIER('0406 x 1220mm'),$);
#5340=IFCPROPERTYSET('2uKSpIGBydRmy3IsnLdgm2',#37,'Pset_WindowCommon',$,(#4877,#5339));
#5341=IFCRELDEFINESBYPROPERTIES('2RugwoaruMOH60NHbz4aaE',#37,$,$,(#552),#5338);
#5342=IFCRELDEFINESBYPROPERTIES('2MgtyncJnqpGcekm6kRQCE',#37,$,$,(#552),#5340);
#5343=IFCCARTESIANPOINT((5490.5208465132619,-12954.963893809367,915.));
#5344=IFCAXIS2PLACEMENT3D(#5343,#15,#14);
#5345=IFCPROPERTYSET('07Uw_kw$$vPjQiV0TBl_M5',#37,'Pset_QuantityTakeOff',$,(#5339));
#5346=IFCPROPERTYSET('0X1NF7xWE4ojLzqM5DCato',#37,'Pset_WindowCommon',$,(#4877,#5339));
#5347=IFCRELDEFINESBYPROPERTIES('0h6P3IcHc6WKGMB9xEYg$m',#37,$,$,(#533),#5345);
#5348=IFCRELDEFINESBYPROPERTIES('0XGVWYLrvd3R8jdBGZgZ9U',#37,$,$,(#533),#5346);
#5349=IFCCARTESIANPOINT((-4348.4848517218252,-13064.643875778283,0.));
#5350=IFCAXIS2PLACEMENT3D(#5349,#15,#108);
#5351=IFCPROPERTYSET('3gc6ydXdZ6Y1U4tAJRWw2x',#37,'Pset_QuantityTakeOff',$,(#4875));
#5352=IFCPROPERTYSET('2oBOwAAH3k$loEJ5YQsKoW',#37,'Pset_WindowCommon',$,(#4877,#4875));
#5353=IFCRELDEFINESBYPROPERTIES('0kEHiU8JchrSJPLEnu2EP0',#37,$,$,(#899),#5351);
#5354=IFCRELDEFINESBYPROPERTIES('2XALSCxn4yM2fNkiTYFpZ1',#37,$,$,(#899),#5352);
#5355=IFCSTYLEDITEM(#305,(#5356),$);
#5356=IFCPRESENTATIONSTYLEASSIGNMENT((#5357));
#5357=IFCSURFACESTYLE('\X2\C720B9AC\X0\',.BOTH.,(#5358));
#5358=IFCSURFACESTYLERENDERING(#5359,0.90000000000000002,$,$,$,$,IFCNORMALISEDRATIOMEASURE(0.5),IFCSPECULAREXPONENT(12.),.NOTDEFINED.);
#5359=IFCCOLOURRGB($,0.,0.50196078431372548,0.75294117647058822);
#5360=IFCSTYLEDITEM(#311,(#5361),$);
#5361=IFCPRESENTATIONSTYLEASSIGNMENT((#5362));
#5362=IFCSURFACESTYLE('\X2\C100C2DC\X0\',.BOTH.,(#5363));
#5363=IFCSURFACESTYLERENDERING(#5364,0.,$,$,$,$,IFCNORMALISEDRATIOMEASURE(0.5),IFCSPECULAREXPONENT(128.),.NOTDEFINED.);
#5364=IFCCOLOURRGB($,0.8784313725490196,0.69803921568627447,0.49411764705882355);
#5365=IFCSTYLEDITEM(#325,(#5361),$);
#5366=IFCSTYLEDITEM(#339,(#5361),$);
#5367=IFCCARTESIANPOINT((8390.5208465132655,-7280.6943708726867,915.));
#5368=IFCAXIS2PLACEMENT3D(#5367,#15,#108);
#5369=IFCPROPERTYSET('2VbfWPhAJJ_ieswrRDo2sN',#37,'Pset_QuantityTakeOff',$,(#5339));
#5370=IFCPROPERTYSET('0slrfWZkgwWJ8VpifvCmsM',#37,'Pset_WindowCommon',$,(#4877,#5339));
#5371=IFCRELDEFINESBYPROPERTIES('1sGSJ9fFQQOLGdEHeH5Pvd',#37,$,$,(#571),#5369);
#5372=IFCRELDEFINESBYPROPERTIES('21bC2lQiarzol2cPf73FJ5',#37,$,$,(#571),#5370);
#5373=IFCCARTESIANPOINT((8190.5208465132682,-3264.6438757783517,915.));
#5374=IFCAXIS2PLACEMENT3D(#5373,#15,#14);
#5375=IFCPROPERTYSET('1UnIQ7LvbefPFrenB9ZE3H',#37,'Pset_QuantityTakeOff',$,(#5339));
#5376=IFCPROPERTYSET('3AWxrhgZ9R4GphfRpgBwJp',#37,'Pset_WindowCommon',$,(#4877,#5339));
#5377=IFCRELDEFINESBYPROPERTIES('36ltrRWmVkwI6kh4M1VkvY',#37,$,$,(#587),#5375);
#5378=IFCRELDEFINESBYPROPERTIES('0jivnhvs1HAjSa1T_Fp8g6',#37,$,$,(#587),#5376);
#5379=IFCCARTESIANPOINT((8190.5208465132673,-4884.7448659670272,915.));
#5380=IFCAXIS2PLACEMENT3D(#5379,#15,#14);
#5381=IFCPROPERTYSET('2cW98sUBc036ZNDpUpNTOJ',#37,'Pset_QuantityTakeOff',$,(#5339));
#5382=IFCPROPERTYSET('3pPbFgYgKUs1uicrNRpIKm',#37,'Pset_WindowCommon',$,(#4877,#5339));
#5383=IFCRELDEFINESBYPROPERTIES('2Z$QapCKjWJmYXzglsoWGp',#37,$,$,(#296),#5381);
#5384=IFCRELDEFINESBYPROPERTIES('02eeNaH67w1GpSoDoMI8LJ',#37,$,$,(#296),#5382);
#5385=IFCPROPERTYSINGLEVALUE('Reference',$,IFCIDENTIFIER('190mm \X2\CD5CB300\X0\ \X2\CC4CD310\X0\ 250mm \X2\C9C4D589\X0\'),$);
#5386=IFCPROPERTYSET('354s$Yq7sEk1fIEeUb98x0',#37,'Pset_QuantityTakeOff',$,(#5385));
#5387=IFCPROPERTYSINGLEVALUE('NumberOfRiser',$,IFCCOUNTMEASURE(12.),$);
#5388=IFCPROPERTYSINGLEVALUE('NumberOfTreads',$,IFCCOUNTMEASURE(11.),$);
#5389=IFCPROPERTYSINGLEVALUE('RiserHeight',$,IFCPOSITIVELENGTHMEASURE(178.57142857142858),$);
#5390=IFCPROPERTYSINGLEVALUE('TreadLength',$,IFCPOSITIVELENGTHMEASURE(249.99999999999997),$);
#5391=IFCPROPERTYSET('0c83XGekYFdf13amwVcLaX',#37,'Pset_StairCommon',$,(#4750,#5385,#5387,#5388,#5389,#5390));
#5392=IFCPROPERTYSINGLEVALUE('Reference',$,IFCIDENTIFIER('50mm \X2\B514B524D310\X0\ 12mm \X2\CC4CD310\X0\'),$);
#5393=IFCPROPERTYSET('3JCwT$STwzmpDSFb7Qogqp',#37,'Pset_QuantityTakeOff',$,(#5392));
#5394=IFCPROPERTYSINGLEVALUE('NumberOfRiser',$,IFCCOUNTMEASURE(12.),$);
#5395=IFCPROPERTYSINGLEVALUE('NumberOfTreads',$,IFCCOUNTMEASURE(11.),$);
#5396=IFCPROPERTYSINGLEVALUE('RiserHeight',$,IFCPOSITIVELENGTHMEASURE(178.57142857142858),$);
#5397=IFCPROPERTYSINGLEVALUE('TreadLength',$,IFCPOSITIVELENGTHMEASURE(249.99999999999997),$);
#5398=IFCPROPERTYSINGLEVALUE('NosingLength',$,IFCLENGTHMEASURE(0.),$);
#5399=IFCPROPERTYSINGLEVALUE('WalkingLineOffset',$,IFCPOSITIVELENGTHMEASURE(2.6246719160104988),$);
#5400=IFCPROPERTYSINGLEVALUE('TreadLengthAtOffset',$,IFCPOSITIVELENGTHMEASURE(249.99999999999997),$);
#5401=IFCPROPERTYSINGLEVALUE('TreadLengthAtInnerSide',$,IFCPOSITIVELENGTHMEASURE(249.99999999999997),$);
#5402=IFCPROPERTYSET('32azKnurgD_yFvqYlCLv2Y',#37,'Pset_StairFlightCommon',$,(#5392,#5394,#5395,#5396,#5397,#5398,#5399,#5400,#5401));
#5403=IFCPROPERTYSINGLEVALUE('Reference',$,IFCIDENTIFIER('\X2\ACC4B2E8C606D310\X0\ - 50mm \X2\D3ED\X0\'),$);
#5404=IFCPROPERTYSINGLEVALUE('Slope',$,IFCPLANEANGLEMEASURE(35.537677791974417),$);
#5405=IFCPROPERTYSET('2iVdO07QrszIxL3JS5eEWQ',#37,'Pset_MemberCommon',$,(#4750,#5403,#5404));
#5406=IFCPROPERTYSET('1M4r3wczt9Yo9y$Q43JqEy',#37,'Pset_QuantityTakeOff',$,(#5403));
#5407=IFCPROPERTYSINGLEVALUE('Slope',$,IFCPLANEANGLEMEASURE(35.537677791974417),$);
#5408=IFCPROPERTYSET('0fLUJBCkTHHvbuWhvEHt2P',#37,'Pset_MemberCommon',$,(#4750,#5403,#5407));
#5409=IFCPROPERTYSET('1pxwU_bcCIxQUsUypoXMpi',#37,'Pset_QuantityTakeOff',$,(#5403));
#5410=IFCRELDEFINESBYPROPERTIES('02rZSAjgPmPbFlb$uzgDnw',#37,$,$,(#4694),#5386);
#5411=IFCRELDEFINESBYPROPERTIES('387WUkDfBCzdpx2Nk6C1hi',#37,$,$,(#4694),#5391);
#5412=IFCRELDEFINESBYPROPERTIES('0VgvNIMw$27x6nTbbajPun',#37,$,$,(#1085),#5393);
#5413=IFCRELDEFINESBYPROPERTIES('1SHGT0jFg$7VkKWyS111hB',#37,$,$,(#1085),#5402);
#5414=IFCRELDEFINESBYPROPERTIES('1im3GX6D1b8EJprpGjud_Z',#37,$,$,(#1230),#5405);
#5415=IFCRELDEFINESBYPROPERTIES('2HS2GwfmzSC6Th_Blu6gMA',#37,$,$,(#1230),#5406);
#5416=IFCRELDEFINESBYPROPERTIES('2TS3rIP0lfwIYu$_ae3sNl',#37,$,$,(#1245),#5408);
#5417=IFCRELDEFINESBYPROPERTIES('1VhMj3fnkVCCuDQzAU0$vR',#37,$,$,(#1245),#5409);
#5419=IFCPROPERTYSET('1lWEnRSPNYCuv0WmV5LDYM',#37,'Pset_QuantityTakeOff',$,(#5041));
#5420=IFCPROPERTYSINGLEVALUE('Reference',$,IFCLABEL('\X2\C77CBC18\X0\ - 200mm'),$);
#5421=IFCPROPERTYSET('1HEXrmaC7D74jBqYIzIxq2',#37,'Pset_ReinforcementBarPitchOfWall',$,(#5420));
#5422=IFCPROPERTYSET('27__CHqx7UV4k7uCEVyExf',#37,'Pset_WallCommon',$,(#5041,#4877,#5045,#4994));
#5423=IFCRELDEFINESBYPROPERTIES('2wP1cGKIvgLJA2zXoVH_rg',#37,$,$,(#4578),#5419);
#5424=IFCRELDEFINESBYPROPERTIES('31$ijFtIA4o7PLfvzvgmYD',#37,$,$,(#4578),#5421);
#5425=IFCRELDEFINESBYPROPERTIES('2swHv$a9dbx$BD8Wy3Da6T',#37,$,$,(#4578),#5422);
#5426=IFCSTYLEDITEM(#162,(#5361),$);
#5427=IFCSTYLEDITEM(#176,(#5361),$);
#5428=IFCPRESENTATIONSTYLEASSIGNMENT((#5357));
#5429=IFCSTYLEDITEM($,(#5428),$);
#5430=IFCSTYLEDREPRESENTATION(#19,'Style','Material',(#5429));
#5431=IFCMATERIALDEFINITIONREPRESENTATION($,$,(#5430),#4846);
#5432=IFCPRESENTATIONSTYLEASSIGNMENT((#5362));
#5433=IFCSTYLEDITEM($,(#5432),$);
#5434=IFCSTYLEDREPRESENTATION(#19,'Style','Material',(#5433));
#5435=IFCMATERIALDEFINITIONREPRESENTATION($,$,(#5434),#4847);
#5436=IFCCARTESIANPOINT((-4348.4848517218215,-11164.643875778285,0.));
#5437=IFCAXIS2PLACEMENT3D(#5436,#15,#108);
#5438=IFCPROPERTYSET('2DJliXRbS9gKKxCBO2ftoT',#37,'Pset_QuantityTakeOff',$,(#4875));
#5439=IFCPROPERTYSET('33ndO34xt2uTaIDwY06CmN',#37,'Pset_WindowCommon',$,(#4877,#4875));
#5440=IFCRELDEFINESBYPROPERTIES('1xwoyaglzdOr1C9ylKhv0H',#37,$,$,(#618),#5438);
#5441=IFCRELDEFINESBYPROPERTIES('2IxgMFojY7Fwxrc51dRu6n',#37,$,$,(#618),#5439);
#5443=IFCPROPERTYSET('2Z2RNt7NCIY8OSIr$basil',#37,'Pset_QuantityTakeOff',$,(#5041));
#5444=IFCPROPERTYSINGLEVALUE('Reference',$,IFCLABEL('\X2\C77CBC18\X0\ - 200mm'),$);
#5445=IFCPROPERTYSET('09eOlunOWB6jbNztcD78kI',#37,'Pset_ReinforcementBarPitchOfWall',$,(#5444));
#5446=IFCPROPERTYSET('3e37A9bfcghKt8bb8rIuow',#37,'Pset_WallCommon',$,(#5041,#4877,#5045,#4994));
#5447=IFCRELDEFINESBYPROPERTIES('2C_OBp2uuoqeVO5IYzGeD1',#37,$,$,(#4564),#5443);
#5448=IFCRELDEFINESBYPROPERTIES('3S5J1E84N1RMVzGPA6hpvQ',#37,$,$,(#4564),#5445);
#5449=IFCRELDEFINESBYPROPERTIES('1LX7keR7EwmsOcy6lNj2vG',#37,$,$,(#4564),#5446);
#5450=IFCPROPERTYSET('0dV33I8L1nC9jZwpLwdEsn',#37,'Pset_DoorCommon',$,(#5093,#4750));
#5451=IFCPROPERTYSET('0D9fS2c3QAi61VZXuF6aXc',#37,'Pset_QuantityTakeOff',$,(#5093));
#5452=IFCRELDEFINESBYPROPERTIES('0S97TEQIKhscm3QsbGWfHz',#37,$,$,(#703),#5450);
#5453=IFCRELDEFINESBYPROPERTIES('0XS0TzH8_RYaLDKQyK9Zrg',#37,$,$,(#703),#5451);
#5454=IFCSTYLEDITEM(#141,(#5356),$);
#5455=IFCSTYLEDITEM(#147,(#5361),$);
#5456=IFCCARTESIANPOINT((5665.7383521797155,-5155.7448659670226,0.));
#5457=IFCAXIS2PLACEMENT3D(#5456,#15,#14);
#5458=IFCPROPERTYSET('0MIHB_aiG6oCcqKmBRZJXS',#37,'Pset_DoorCommon',$,(#5093,#4750));
#5459=IFCPROPERTYSET('3cmyNqNlhkUKhsyndx3ngF',#37,'Pset_QuantityTakeOff',$,(#5093));
#5460=IFCRELDEFINESBYPROPERTIES('1xnWK33JHY16FgKt_J_Saw',#37,$,$,(#380),#5458);
#5461=IFCRELDEFINESBYPROPERTIES('1Dy2rm1bAEpx_F3p_O4_iM',#37,$,$,(#380),#5459);
#5463=IFCPRESENTATIONSTYLEASSIGNMENT((#5464));
#5464=IFCSURFACESTYLE('\X2\BB38\X0\ - \X2\D504B808C784\X0\',.BOTH.,(#5465));
#5465=IFCSURFACESTYLERENDERING(#5466,0.,$,$,$,$,IFCNORMALISEDRATIOMEASURE(0.5),IFCSPECULAREXPONENT(128.),.NOTDEFINED.);
#5466=IFCCOLOURRGB($,0.46274509803921571,0.27450980392156865,0.20000000000000001);
#5469=IFCPRESENTATIONSTYLEASSIGNMENT((#5470));
#5470=IFCSURFACESTYLE('\X2\BB38\X0\ - \X2\D328B110\X0\',.BOTH.,(#5471));
#5471=IFCSURFACESTYLERENDERING(#5472,0.,$,$,$,$,IFCNORMALISEDRATIOMEASURE(0.5),IFCSPECULAREXPONENT(128.),.NOTDEFINED.);
#5472=IFCCOLOURRGB($,0.82352941176470584,0.62352941176470589,0.37254901960784315);
#5473=IFCCARTESIANPOINT((4590.5208465132646,-13860.963893809365,0.));
#5474=IFCAXIS2PLACEMENT3D(#5473,#15,#62);
#5478=IFCPRESENTATIONSTYLEASSIGNMENT((#5464));
#5479=IFCSTYLEDITEM($,(#5478),$);
#5480=IFCSTYLEDREPRESENTATION(#19,'Style','Material',(#5479));
#5481=IFCMATERIALDEFINITIONREPRESENTATION($,$,(#5480),#4842);
#5482=IFCPRESENTATIONSTYLEASSIGNMENT((#5470));
#5483=IFCSTYLEDITEM($,(#5482),$);
#5484=IFCSTYLEDREPRESENTATION(#19,'Style','Material',(#5483));
#5485=IFCMATERIALDEFINITIONREPRESENTATION($,$,(#5484),#4843);
#5486=IFCCARTESIANPOINT((5490.5208465132637,-6769.6438757783544,0.));
#5487=IFCAXIS2PLACEMENT3D(#5486,#15,#14);
#5488=IFCPROPERTYSET('2byrvtFQPOhJi3Zikpb$2S',#37,'Pset_DoorCommon',$,(#5093,#4750));
#5489=IFCPROPERTYSET('3QDsWY988oSG5aGRabC_Rp',#37,'Pset_QuantityTakeOff',$,(#5093));
#5490=IFCRELDEFINESBYPROPERTIES('2mv1ZtIKviTHr7D_aEfqTR',#37,$,$,(#514),#5488);
#5491=IFCRELDEFINESBYPROPERTIES('0cH0lZ9co0v51BErZ2Gpnw',#37,$,$,(#514),#5489);
#5492=IFCRELDEFINESBYPROPERTIES('3hNkcftrAhVq7QDAMNDC24',#37,$,$,(#284),#5493);
#5493=IFCPROPERTYSET('1ynpNBdHSJIC5r_mG$IDRE',#37,'Pset_QuantityTakeOff',$,(#5041));
#5494=IFCRELDEFINESBYPROPERTIES('3Ky5tRnlDcC53MJ6BV5K$m',#37,$,$,(#284),#5495);
#5495=IFCPROPERTYSET('3b0ZJeOEQrZh_S2lLzCqH8',#37,'Pset_ReinforcementBarPitchOfWall',$,(#5496));
#5496=IFCPROPERTYSINGLEVALUE('Reference',$,IFCLABEL('\X2\C77CBC18\X0\ - 200mm'),$);
#5497=IFCRELDEFINESBYPROPERTIES('2uLHwYXPEP1bu4NgOXm8ta',#37,$,$,(#284),#5498);
#5498=IFCPROPERTYSET('2luw7dCZS_iuJl5EaQo812',#37,'Pset_WallCommon',$,(#5041,#4877,#5045,#4994));
#5500=IFCPROPERTYSET('0bkoz5TiWWt7hk_TVYwc3T',#37,'Pset_QuantityTakeOff',$,(#5041));
#5501=IFCPROPERTYSINGLEVALUE('Reference',$,IFCLABEL('\X2\C77CBC18\X0\ - 200mm'),$);
#5502=IFCPROPERTYSET('2hUUApqnsESneZ9y3y7mNA',#37,'Pset_ReinforcementBarPitchOfWall',$,(#5501));
#5503=IFCPROPERTYSET('3z8eA__htgveRsfQ9ZWPhK',#37,'Pset_WallCommon',$,(#5041,#4877,#5045,#4994));
#5504=IFCRELDEFINESBYPROPERTIES('0ka24l6vACh$_pJ1qVXn9v',#37,$,$,(#4550),#5500);
#5505=IFCRELDEFINESBYPROPERTIES('17Q5JBXmQB6FNGxeGcHVh_',#37,$,$,(#4550),#5502);
#5506=IFCRELDEFINESBYPROPERTIES('0RPHR2EyAkrkd8eH3dvByc',#37,$,$,(#4550),#5503);
#5508=IFCPROPERTYSET('3kfKkREmw_YiAmH0WRx4hb',#37,'Pset_QuantityTakeOff',$,(#5041));
#5509=IFCPROPERTYSINGLEVALUE('Reference',$,IFCLABEL('\X2\C77CBC18\X0\ - 200mm'),$);
#5510=IFCPROPERTYSET('3DHLSUwWHVHnkUUt2UFHIq',#37,'Pset_ReinforcementBarPitchOfWall',$,(#5509));
#5511=IFCPROPERTYSET('2vXW53Gvnj_b5N_n0jwOlw',#37,'Pset_WallCommon',$,(#5041,#4877,#5045,#4994));
#5512=IFCRELDEFINESBYPROPERTIES('0zG82GvxkyNealVBiZ86qM',#37,$,$,(#368),#5508);
#5513=IFCRELDEFINESBYPROPERTIES('2azxeyL$g13bpI5LZcqMAG',#37,$,$,(#368),#5510);
#5514=IFCRELDEFINESBYPROPERTIES('3hNTwwZJ1$QeRiKYCVQplb',#37,$,$,(#368),#5511);
#5516=IFCPROPERTYSET('2Ndcuop1LF1cwwGFHQhDEy',#37,'Pset_QuantityTakeOff',$,(#5041));
#5517=IFCPROPERTYSINGLEVALUE('Reference',$,IFCLABEL('\X2\C77CBC18\X0\ - 200mm'),$);
#5518=IFCPROPERTYSET('3EHBYR084KC84q7IhtsJmp',#37,'Pset_ReinforcementBarPitchOfWall',$,(#5517));
#5519=IFCPROPERTYSET('0ho8$lXkJJQlAayL0T$nUW',#37,'Pset_WallCommon',$,(#5041,#4877,#5045,#4994));
#5520=IFCRELDEFINESBYPROPERTIES('2gfzWMCgZKDBF6LXDHCEK3',#37,$,$,(#502),#5516);
#5521=IFCRELDEFINESBYPROPERTIES('26ohCGtrMJWsHk0Zdmrolw',#37,$,$,(#502),#5518);
#5522=IFCRELDEFINESBYPROPERTIES('0$c1qfw8TvGSAYjvMxPIaF',#37,$,$,(#502),#5519);
#5524=IFCPROPERTYSET('12wTtIPHaTFfiI1VDK_SH_',#37,'Pset_QuantityTakeOff',$,(#5041));
#5525=IFCPROPERTYSINGLEVALUE('Reference',$,IFCLABEL('\X2\C77CBC18\X0\ - 200mm'),$);
#5526=IFCPROPERTYSET('3K_P2_nwJXHB0ltrbRqBVX',#37,'Pset_ReinforcementBarPitchOfWall',$,(#5525));
#5527=IFCPROPERTYSET('3LW8bHCc$PsS9_0aqb_X7s',#37,'Pset_WallCommon',$,(#5041,#4877,#5045,#4994));
#5528=IFCRELDEFINESBYPROPERTIES('3rqN7t_ep_455oy48vpMqM',#37,$,$,(#4536),#5524);
#5529=IFCRELDEFINESBYPROPERTIES('09NTp_8emMFMQWNt_mJbB9',#37,$,$,(#4536),#5526);
#5530=IFCRELDEFINESBYPROPERTIES('0_bWruQb9H3e_pR_UxZ4vB',#37,$,$,(#4536),#5527);
#5533=IFCPROPERTYSET('08GheN6uunPCRoZljQavpR',#37,'Pset_QuantityTakeOff',$,(#5041));
#5534=IFCPROPERTYSINGLEVALUE('Reference',$,IFCLABEL('\X2\C77CBC18\X0\ - 200mm'),$);
#5535=IFCPROPERTYSET('24yOxJAgZdeRjYUM2tTrqS',#37,'Pset_ReinforcementBarPitchOfWall',$,(#5534));
#5536=IFCPROPERTYSET('2lSHpRm7g2ImNIWl5dvWv9',#37,'Pset_WallCommon',$,(#5041,#4877,#5045,#4994));
#5537=IFCRELDEFINESBYPROPERTIES('29_pvlbTyncrE96mNEZf4K',#37,$,$,(#639),#5533);
#5538=IFCRELDEFINESBYPROPERTIES('2BunGAZLX$rAJeZnaCqC7e',#37,$,$,(#639),#5535);
#5539=IFCRELDEFINESBYPROPERTIES('3NsuQ7HrpSltCcqbyhGUBP',#37,$,$,(#639),#5536);
#5541=IFCPROPERTYSET('2cHRRGi2Hoi0xImuPz8o0H',#37,'Pset_QuantityTakeOff',$,(#5041));
#5542=IFCPROPERTYSINGLEVALUE('Reference',$,IFCLABEL('\X2\C77CBC18\X0\ - 200mm'),$);
#5543=IFCPROPERTYSET('2tTCabw3PERYcpFFoM03Hz',#37,'Pset_ReinforcementBarPitchOfWall',$,(#5542));
#5544=IFCPROPERTYSET('1h5vgAcSxbR$czsaEWhwu$',#37,'Pset_WallCommon',$,(#5041,#4877,#5045,#4994));
#5545=IFCRELDEFINESBYPROPERTIES('3zXdHzthJG_Wx3$9QbIcBV',#37,$,$,(#4522),#5541);
#5546=IFCRELDEFINESBYPROPERTIES('3WhYjo87d9AbmvjBmqIvJr',#37,$,$,(#4522),#5543);
#5547=IFCRELDEFINESBYPROPERTIES('3dcQkv6LWUwVehI7LhJQf6',#37,$,$,(#4522),#5544);
#5549=IFCPROPERTYSET('2_OSYaZMWGyCjJJT5GHd3E',#37,'Pset_QuantityTakeOff',$,(#5041));
#5550=IFCPROPERTYSINGLEVALUE('Reference',$,IFCLABEL('\X2\C77CBC18\X0\ - 200mm'),$);
#5551=IFCPROPERTYSET('2c71OGncnxWSkpu_EPgkhN',#37,'Pset_ReinforcementBarPitchOfWall',$,(#5550));
#5552=IFCPROPERTYSET('2_rHpy57XQcIrEhNVrrxvl',#37,'Pset_WallCommon',$,(#5041,#4877,#5045,#4994));
#5553=IFCRELDEFINESBYPROPERTIES('3M2n1dd6YNIIzJyTQp1T_R',#37,$,$,(#691),#5549);
#5554=IFCRELDEFINESBYPROPERTIES('2Ila_AC06uBAkKBo6RBfOg',#37,$,$,(#691),#5551);
#5555=IFCRELDEFINESBYPROPERTIES('2Vz6BCo1WOplQB8ST04pJ2',#37,$,$,(#691),#5552);
#5557=IFCPROPERTYSET('3NYjAJyT_LILaGsTSHANH5',#37,'Pset_QuantityTakeOff',$,(#5041));
#5558=IFCPROPERTYSINGLEVALUE('Reference',$,IFCLABEL('\X2\C77CBC18\X0\ - 200mm'),$);
#5559=IFCPROPERTYSET('2zAUYoMRHX8zOX_aRzxN5h',#37,'Pset_ReinforcementBarPitchOfWall',$,(#5558));
#5560=IFCPROPERTYSET('3O6o$aM_lcRS5rOvvbA30$',#37,'Pset_WallCommon',$,(#5041,#4877,#5045,#4994));
#5561=IFCRELDEFINESBYPROPERTIES('1VMP2KEZfBZCVKQmHZITgf',#37,$,$,(#4480),#5557);
#5562=IFCRELDEFINESBYPROPERTIES('0wjnatEXwEfVmMjC2rDzvD',#37,$,$,(#4480),#5559);
#5563=IFCRELDEFINESBYPROPERTIES('3Gt7uF6sK6NDF86O8Ksda3',#37,$,$,(#4480),#5560);
#5565=IFCPROPERTYSET('3MWvEfqlMuagTQEGEeJD7a',#37,'Pset_QuantityTakeOff',$,(#5041));
#5566=IFCPROPERTYSINGLEVALUE('Reference',$,IFCLABEL('\X2\C77CBC18\X0\ - 200mm'),$);
#5567=IFCPROPERTYSET('2SgB1WiLJ2vX8PVWxi_19$',#37,'Pset_ReinforcementBarPitchOfWall',$,(#5566));
#5568=IFCPROPERTYSET('13Z43j7S6HhLERdzWaQ_JJ',#37,'Pset_WallCommon',$,(#5041,#4877,#5045,#4994));
#5569=IFCRELDEFINESBYPROPERTIES('2eKdplBMZQxjofRz5gAsk2',#37,$,$,(#4494),#5565);
#5570=IFCRELDEFINESBYPROPERTIES('2_scImWZLpJQ6S2w29lbjr',#37,$,$,(#4494),#5567);
#5571=IFCRELDEFINESBYPROPERTIES('1Pf8_LjMyUZyopQcvmYP$F',#37,$,$,(#4494),#5568);
#5573=IFCPROPERTYSET('0b$gs6ovIqWV_ZMGO7_yf1',#37,'Pset_QuantityTakeOff',$,(#5041));
#5574=IFCPROPERTYSINGLEVALUE('Reference',$,IFCLABEL('\X2\C77CBC18\X0\ - 200mm'),$);
#5575=IFCPROPERTYSET('0EK$91PlXatVxvBxg0hjz9',#37,'Pset_ReinforcementBarPitchOfWall',$,(#5574));
#5576=IFCPROPERTYSET('0IHBnXH2IfCWYXwWhOb1KM',#37,'Pset_WallCommon',$,(#5041,#4877,#5045,#4994));
#5577=IFCRELDEFINESBYPROPERTIES('0Z7gLEuptN6YVvukSxMyy7',#37,$,$,(#4508),#5573);
#5578=IFCRELDEFINESBYPROPERTIES('2jykWm2YWs1vX3GyuTvOKE',#37,$,$,(#4508),#5575);
#5579=IFCRELDEFINESBYPROPERTIES('3pPxjUdmqq8PDAtH70v_wu',#37,$,$,(#4508),#5576);
#5580=IFCPROPERTYSET('2fsBW_WKEaKRj9YtE7w0D3',#37,'Pset_ReinforcementBarPitchOfWall',$,(#5581));
#5581=IFCPROPERTYSINGLEVALUE('Reference',$,IFCLABEL('\X2\C77CBC18\X0\ - 200mm'),$);
#5582=IFCPROPERTYSET('2gUMsh6W4cb5hm3e4RxGHg',#37,'Pset_WallCommon',$,(#5041,#4877,#5045,#4994));
#5583=IFCRELDEFINESBYPROPERTIES('3R9rS3DpdPWls2MWwOdqBZ',#37,$,$,(#4452),#5584);
#5584=IFCPROPERTYSET('2j1PzgGVOsn1idgPTqAno6',#37,'Pset_QuantityTakeOff',$,(#5041));
#5585=IFCRELDEFINESBYPROPERTIES('1ddTeWC1wwp0aZoIHb5kgl',#37,$,$,(#4452),#5580);
#5586=IFCRELDEFINESBYPROPERTIES('3Trc6gwWvxIxLcsnXm7PlZ',#37,$,$,(#4452),#5582);
#5588=IFCPROPERTYSET('3V5Ro$PPczi9n2O_NawhiY',#37,'Pset_QuantityTakeOff',$,(#5041));
#5589=IFCPROPERTYSINGLEVALUE('Reference',$,IFCLABEL('\X2\C77CBC18\X0\ - 200mm'),$);
#5590=IFCPROPERTYSET('0c4fUYvmQ6aPQA_aD7AoM$',#37,'Pset_ReinforcementBarPitchOfWall',$,(#5589));
#5591=IFCPROPERTYSET('3bggMlyZlRmTWLbNgj1x9v',#37,'Pset_WallCommon',$,(#5041,#4877,#5045,#4994));
#5592=IFCRELDEFINESBYPROPERTIES('17yMKb4vF8FZg842G665sC',#37,$,$,(#4466),#5588);
#5593=IFCRELDEFINESBYPROPERTIES('2Aff59_qBUNbjF9$6_r4uc',#37,$,$,(#4466),#5590);
#5594=IFCRELDEFINESBYPROPERTIES('0eb3blunZELG4gujvT3QuF',#37,$,$,(#4466),#5591);
#5596=IFCPROPERTYSET('0SbaGsoEy1s1svBBlssJY2',#37,'Pset_QuantityTakeOff',$,(#5041));
#5597=IFCPROPERTYSINGLEVALUE('Reference',$,IFCLABEL('\X2\C77CBC18\X0\ - 200mm'),$);
#5598=IFCPROPERTYSET('1soIFGE0rQyan7kFOjZs9T',#37,'Pset_ReinforcementBarPitchOfWall',$,(#5597));
#5599=IFCPROPERTYSET('2GMAvLCO3hGM27oNaVxP6W',#37,'Pset_WallCommon',$,(#5041,#4877,#5045,#4994));
#5600=IFCRELDEFINESBYPROPERTIES('2Jcjli5ZvTU_sWAiWIDqFh',#37,$,$,(#606),#5596);
#5601=IFCRELDEFINESBYPROPERTIES('3pb_gj3tjLk3kBoaA2kwce',#37,$,$,(#606),#5598);
#5602=IFCRELDEFINESBYPROPERTIES('0LmySWI0zbovEH5AVf_Pe6',#37,$,$,(#606),#5599);
#5604=IFCPROPERTYSET('0cFrUOvJotd2uZnBTzuK5O',#37,'Pset_QuantityTakeOff',$,(#5041));
#5605=IFCPROPERTYSINGLEVALUE('Reference',$,IFCLABEL('\X2\C77CBC18\X0\ - 200mm'),$);
#5606=IFCPROPERTYSET('3UN5pgLKFB6WcUSiZtics4',#37,'Pset_ReinforcementBarPitchOfWall',$,(#5605));
#5607=IFCPROPERTYSET('0Y8N3zrLRX3XKuR3Z5roH0',#37,'Pset_WallCommon',$,(#5041,#4877,#5045,#4994));
#5608=IFCRELDEFINESBYPROPERTIES('3ROJ$Orb7dlubTfw$5A2Ry',#37,$,$,(#4438),#5604);
#5609=IFCRELDEFINESBYPROPERTIES('2fHs9aq8Gec82O$9bWgeUr',#37,$,$,(#4438),#5606);
#5610=IFCRELDEFINESBYPROPERTIES('3rwMVLSAADPXN2Ch7V9b4y',#37,$,$,(#4438),#5607);
#5612=IFCPROPERTYSET('2GfmjhhsI5nGnCycOgNSYN',#37,'Pset_QuantityTakeOff',$,(#5041));
#5613=IFCPROPERTYSINGLEVALUE('Reference',$,IFCLABEL('\X2\C77CBC18\X0\ - 200mm'),$);
#5614=IFCPROPERTYSET('1MVTpaen3cXoOJ$DZzbxHO',#37,'Pset_ReinforcementBarPitchOfWall',$,(#5613));
#5615=IFCPROPERTYSET('0NFXjqaQfF$qThZ40OeCSE',#37,'Pset_WallCommon',$,(#5041,#4877,#5045,#4994));
#5616=IFCRELDEFINESBYPROPERTIES('0VjOvWqmCgVhlPngcmXGTC',#37,$,$,(#849),#5612);
#5617=IFCRELDEFINESBYPROPERTIES('2M7wBLJhf8eqBl31TLWo$8',#37,$,$,(#849),#5614);
#5618=IFCRELDEFINESBYPROPERTIES('0pH8ARHssIUFswS4euWts1',#37,$,$,(#849),#5615);
#5621=IFCPRESENTATIONSTYLEASSIGNMENT((#5080));
#5622=IFCSTYLEDITEM($,(#5979),$);
#5623=IFCSTYLEDREPRESENTATION(#19,'Style','Material',(#5622));
#5624=IFCMATERIALDEFINITIONREPRESENTATION($,$,(#5623),#909);
#5625=IFCPROPERTYSET('3bNskxppgu63q121NOCmIW',#37,'Pset_QuantityTakeOff',$,(#5041));
#5626=IFCPROPERTYSINGLEVALUE('Reference',$,IFCLABEL('\X2\C77CBC18\X0\ - 200mm'),$);
#5627=IFCPROPERTYSET('1ufvlecbNEox9Hxy6fncQJ',#37,'Pset_ReinforcementBarPitchOfWall',$,(#5626));
#5628=IFCPROPERTYSET('3WiJK1H31ijjyxGxMl8KmI',#37,'Pset_WallCommon',$,(#5041,#4877,#5045,#4994));
#5629=IFCRELDEFINESBYPROPERTIES('2K3NmlheOMIT9mBy79IdLd',#37,$,$,(#789),#5625);
#5630=IFCRELDEFINESBYPROPERTIES('31kbHbOnjqmbBHju5ayOBS',#37,$,$,(#789),#5627);
#5631=IFCRELDEFINESBYPROPERTIES('04KuGevUgLty2zlUVJCCwX',#37,$,$,(#789),#5628);
#5633=IFCPROPERTYSET('0eaYQmykD6v0chC$8Cj6Np',#37,'Pset_QuantityTakeOff',$,(#5041));
#5634=IFCPROPERTYSINGLEVALUE('Reference',$,IFCLABEL('\X2\C77CBC18\X0\ - 200mm'),$);
#5635=IFCPROPERTYSET('1AvvNG0hbSKqGdj7sTuLjy',#37,'Pset_ReinforcementBarPitchOfWall',$,(#5634));
#5636=IFCPROPERTYSET('2XMaCYNmPZxZNAUrQkDZvQ',#37,'Pset_WallCommon',$,(#5041,#4877,#5045,#4994));
#5637=IFCRELDEFINESBYPROPERTIES('1dDlB3iTl57jTSR9QQmiPQ',#37,$,$,(#4424),#5633);
#5638=IFCRELDEFINESBYPROPERTIES('3nlIg3b4EnWCK_5Komku13',#37,$,$,(#4424),#5635);
#5639=IFCRELDEFINESBYPROPERTIES('2eMACiSw39uFgrJhl$6G85',#37,$,$,(#4424),#5636);
#5640=IFCPROPERTYSINGLEVALUE('Reference',$,IFCIDENTIFIER('\X2\ACF5AC04\X0\ 7'),$);
#5641=IFCPROPERTYSET('2xwUnYC4WqFdQNvCnwUhRP',#37,'Pset_SpaceCommon',$,(#5640));
#5642=IFCRELDEFINESBYPROPERTIES('3Sn5hgFXjVMYQuX0$S725Y',#37,$,$,(#4363),#5641);
#5643=IFCPROPERTYSINGLEVALUE('Reference',$,IFCIDENTIFIER('\X2\ACF5AC04\X0\ 8'),$);
#5644=IFCPROPERTYSET('3dOyhXBOXSjhGuXSQSJLQw',#37,'Pset_SpaceCommon',$,(#5643));
#5645=IFCRELDEFINESBYPROPERTIES('3xgShjFuGDu6VJNcx2dgda',#37,$,$,(#4393),#5644);
#5646=IFCPROPERTYSINGLEVALUE('Reference',$,IFCIDENTIFIER('\X2\ACF5AC04\X0\ 9'),$);
#5647=IFCPROPERTYSET('2KKM742k9Cgs0HfMWb_h3V',#37,'Pset_SpaceCommon',$,(#5646));
#5648=IFCRELDEFINESBYPROPERTIES('0qo3snet$F9ANg2J$LduZY',#37,$,$,(#4404),#5647);
#5649=IFCPROPERTYSINGLEVALUE('Reference',$,IFCIDENTIFIER('\X2\ACF5AC04\X0\ 4'),$);
#5650=IFCPROPERTYSET('11XzsBm6jNncKFVWchKJbV',#37,'Pset_SpaceCommon',$,(#5649));
#5651=IFCRELDEFINESBYPROPERTIES('0AhODw1zZ7$ahQT5f1UlDu',#37,$,$,(#4297),#5650);
#5652=IFCPROPERTYSINGLEVALUE('Reference',$,IFCIDENTIFIER('\X2\ACF5AC04\X0\ 5'),$);
#5653=IFCPROPERTYSET('0zWTrGnjzSkuWWPz5B1fMI',#37,'Pset_SpaceCommon',$,(#5652));
#5654=IFCRELDEFINESBYPROPERTIES('1s7sWDZBiopki94m3GX2va',#37,$,$,(#4322),#5653);
#5655=IFCPROPERTYSINGLEVALUE('Reference',$,IFCIDENTIFIER('\X2\ACF5AC04\X0\ 6'),$);
#5656=IFCPROPERTYSET('2jElcsFq2CWFg2vTzzcf88',#37,'Pset_SpaceCommon',$,(#5655));
#5657=IFCRELDEFINESBYPROPERTIES('0kZj5vMvf467Y7CllaUXxr',#37,$,$,(#4344),#5656);
#5658=IFCPROPERTYSINGLEVALUE('Reference',$,IFCIDENTIFIER('\X2\ACF5AC04\X0\ 1'),$);
#5659=IFCPROPERTYSET('37x4tIZ9f4MLC2F9mmrdUH',#37,'Pset_SpaceCommon',$,(#5658));
#5660=IFCRELDEFINESBYPROPERTIES('3n3NoQZX8hvLuy44qJxiis',#37,$,$,(#4256),#5659);
#5661=IFCPROPERTYSINGLEVALUE('Reference',$,IFCIDENTIFIER('\X2\ACF5AC04\X0\ 2'),$);
#5662=IFCPROPERTYSET('0jfGaqozhWduH4V3StbqfH',#37,'Pset_SpaceCommon',$,(#5661));
#5663=IFCRELDEFINESBYPROPERTIES('2mXWzHeOSJ5rvkosrtEhik',#37,$,$,(#4275),#5662);
#5664=IFCPROPERTYSINGLEVALUE('Reference',$,IFCIDENTIFIER('\X2\ACF5AC04\X0\ 3'),$);
#5665=IFCPROPERTYSET('0fjA0ajvVyF1S3EWG0xXwH',#37,'Pset_SpaceCommon',$,(#5664));
#5666=IFCRELDEFINESBYPROPERTIES('1_AiQFPDt7gcal9YoLS0E8',#37,$,$,(#4286),#5665);
#5667=IFCGEOMETRICREPRESENTATIONSUBCONTEXT('Box','Model',*,*,*,*,#19,$,.MODEL_VIEW.,$);
#5668=IFCGEOMETRICREPRESENTATIONSUBCONTEXT('FootPrint','Model',*,*,*,*,#19,$,.MODEL_VIEW.,$);
#5669=IFCCOLOURRGB($,0.90980392156862744,0.50196078431372548,0.54509803921568623);
#5670=IFCSURFACESTYLERENDERING(#5669,$,$,$,$,$,$,$,.FLAT.);
#5671=IFCSURFACESTYLE($,.BOTH.,(#5670));
#5672=IFCPRESENTATIONSTYLEASSIGNMENT((#5671));
#5673=IFCSTYLEDITEM(#4166,(#5672),$);
#5674=IFCCOLOURRGB($,0.90980392156862744,0.50196078431372548,0.54509803921568623);
#5675=IFCSURFACESTYLERENDERING(#5674,$,$,$,$,$,$,$,.FLAT.);
#5676=IFCSURFACESTYLE($,.BOTH.,(#5675));
#5677=IFCPRESENTATIONSTYLEASSIGNMENT((#5676));
#5678=IFCSTYLEDITEM(#4181,(#5677),$);
#5679=IFCCOLOURRGB($,0.90980392156862744,0.50196078431372548,0.54509803921568623);
#5680=IFCSURFACESTYLERENDERING(#5679,$,$,$,$,$,$,$,.FLAT.);
#5681=IFCSURFACESTYLE($,.BOTH.,(#5680));
#5682=IFCPRESENTATIONSTYLEASSIGNMENT((#5681));
#5683=IFCSTYLEDITEM(#4195,(#5682),$);
#5684=IFCCOLOURRGB($,0.90980392156862744,0.50196078431372548,0.54509803921568623);
#5685=IFCSURFACESTYLERENDERING(#5684,$,$,$,$,$,$,$,.FLAT.);
#5686=IFCSURFACESTYLE($,.BOTH.,(#5685));
#5687=IFCPRESENTATIONSTYLEASSIGNMENT((#5686));
#5688=IFCSTYLEDITEM(#4209,(#5687),$);
#5689=IFCCOLOURRGB($,0.90980392156862744,0.50196078431372548,0.54509803921568623);
#5690=IFCSURFACESTYLERENDERING(#5689,$,$,$,$,$,$,$,.FLAT.);
#5691=IFCSURFACESTYLE($,.BOTH.,(#5690));
#5692=IFCPRESENTATIONSTYLEASSIGNMENT((#5691));
#5693=IFCSTYLEDITEM(#4221,(#5692),$);
#5694=IFCCOLOURRGB($,0.90980392156862744,0.50196078431372548,0.54509803921568623);
#5695=IFCSURFACESTYLERENDERING(#5694,$,$,$,$,$,$,$,.FLAT.);
#5696=IFCSURFACESTYLE($,.BOTH.,(#5695));
#5697=IFCPRESENTATIONSTYLEASSIGNMENT((#5696));
#5698=IFCSTYLEDITEM(#4236,(#5697),$);
#5699=IFCCOLOURRGB($,0.90980392156862744,0.50196078431372548,0.54509803921568623);
#5700=IFCSURFACESTYLERENDERING(#5699,$,$,$,$,$,$,$,.FLAT.);
#5701=IFCSURFACESTYLE($,.BOTH.,(#5700));
#5702=IFCPRESENTATIONSTYLEASSIGNMENT((#5701));
#5703=IFCSTYLEDITEM(#2340,(#5702),$);
#5704=IFCCOLOURRGB($,0.90980392156862744,0.50196078431372548,0.54509803921568623);
#5705=IFCSURFACESTYLERENDERING(#5704,$,$,$,$,$,$,$,.FLAT.);
#5706=IFCSURFACESTYLE($,.BOTH.,(#5705));
#5707=IFCPRESENTATIONSTYLEASSIGNMENT((#5706));
#5708=IFCCOLOURRGB($,0.90980392156862744,0.50196078431372548,0.54509803921568623);
#5709=IFCSURFACESTYLERENDERING(#5708,$,$,$,$,$,$,$,.FLAT.);
#5710=IFCSURFACESTYLE($,.BOTH.,(#5709));
#5711=IFCPRESENTATIONSTYLEASSIGNMENT((#5710));
#5712=IFCCOLOURRGB($,0.90980392156862744,0.50196078431372548,0.54509803921568623);
#5713=IFCSURFACESTYLERENDERING(#5712,$,$,$,$,$,$,$,.FLAT.);
#5714=IFCSURFACESTYLE($,.BOTH.,(#5713));
#5715=IFCPRESENTATIONSTYLEASSIGNMENT((#5714));
#5716=IFCSTYLEDITEM(#4083,(#5715),$);
#5717=IFCCOLOURRGB($,0.90980392156862744,0.50196078431372548,0.54509803921568623);
#5718=IFCSURFACESTYLERENDERING(#5717,$,$,$,$,$,$,$,.FLAT.);
#5719=IFCSURFACESTYLE($,.BOTH.,(#5718));
#5720=IFCPRESENTATIONSTYLEASSIGNMENT((#5719));
#5721=IFCSTYLEDITEM(#4097,(#5720),$);
#5722=IFCCOLOURRGB($,0.90980392156862744,0.50196078431372548,0.54509803921568623);
#5723=IFCSURFACESTYLERENDERING(#5722,$,$,$,$,$,$,$,.FLAT.);
#5724=IFCSURFACESTYLE($,.BOTH.,(#5723));
#5725=IFCPRESENTATIONSTYLEASSIGNMENT((#5724));
#5726=IFCSTYLEDITEM(#4111,(#5725),$);
#5727=IFCCOLOURRGB($,0.90980392156862744,0.50196078431372548,0.54509803921568623);
#5728=IFCSURFACESTYLERENDERING(#5727,$,$,$,$,$,$,$,.FLAT.);
#5729=IFCSURFACESTYLE($,.BOTH.,(#5728));
#5730=IFCPRESENTATIONSTYLEASSIGNMENT((#5729));
#5731=IFCSTYLEDITEM(#4068,(#5730),$);
#5732=IFCCOLOURRGB($,0.90980392156862744,0.50196078431372548,0.54509803921568623);
#5733=IFCSURFACESTYLERENDERING(#5732,$,$,$,$,$,$,$,.FLAT.);
#5734=IFCSURFACESTYLE($,.BOTH.,(#5733));
#5735=IFCPRESENTATIONSTYLEASSIGNMENT((#5734));
#5736=IFCSTYLEDITEM(#4130,(#5735),$);
#5737=IFCCOLOURRGB($,0.90980392156862744,0.50196078431372548,0.54509803921568623);
#5738=IFCSURFACESTYLERENDERING(#5737,$,$,$,$,$,$,$,.FLAT.);
#5739=IFCSURFACESTYLE($,.BOTH.,(#5738));
#5740=IFCPRESENTATIONSTYLEASSIGNMENT((#5739));
#5741=IFCSTYLEDITEM(#4145,(#5740),$);
#5742=IFCCOLOURRGB($,0.5725490196078431,0.90980392156862744,0.098039215686274508);
#5743=IFCSURFACESTYLERENDERING(#5742,$,$,$,$,$,$,$,.FLAT.);
#5744=IFCSURFACESTYLE($,.BOTH.,(#5743));
#5745=IFCPRESENTATIONSTYLEASSIGNMENT((#5744));
#5746=IFCSTYLEDITEM(#1039,(#5745),$);
#5747=IFCCOLOURRGB($,0.6588235294117647,0.40392156862745099,0.26666666666666666);
#5748=IFCSURFACESTYLERENDERING(#5747,$,$,$,$,$,$,$,.FLAT.);
#5749=IFCSURFACESTYLE($,.BOTH.,(#5748));
#5750=IFCPRESENTATIONSTYLEASSIGNMENT((#5749));
#5751=IFCSTYLEDITEM(#519,(#5750),$);
#5752=IFCCOLOURRGB($,0.6588235294117647,0.40392156862745099,0.26666666666666666);
#5753=IFCSURFACESTYLERENDERING(#5752,$,$,$,$,$,$,$,.FLAT.);
#5754=IFCSURFACESTYLE($,.BOTH.,(#5753));
#5755=IFCPRESENTATIONSTYLEASSIGNMENT((#5754));
#5756=IFCSTYLEDITEM(#385,(#5755),$);
#5757=IFCCOLOURRGB($,0.6588235294117647,0.40392156862745099,0.26666666666666666);
#5758=IFCSURFACESTYLERENDERING(#5757,$,$,$,$,$,$,$,.FLAT.);
#5759=IFCSURFACESTYLE($,.BOTH.,(#5758));
#5760=IFCPRESENTATIONSTYLEASSIGNMENT((#5759));
#5761=IFCSTYLEDITEM(#708,(#5760),$);
#5762=IFCCOLOURRGB($,0.6588235294117647,0.40392156862745099,0.26666666666666666);
#5763=IFCSURFACESTYLERENDERING(#5762,$,$,$,$,$,$,$,.FLAT.);
#5764=IFCSURFACESTYLE($,.BOTH.,(#5763));
#5765=IFCPRESENTATIONSTYLEASSIGNMENT((#5764));
#5766=IFCSTYLEDITEM(#65,(#5765),$);
#5767=IFCCOLOURRGB($,0.6588235294117647,0.40392156862745099,0.26666666666666666);
#5768=IFCSURFACESTYLERENDERING(#5767,$,$,$,$,$,$,$,.FLAT.);
#5769=IFCSURFACESTYLE($,.BOTH.,(#5768));
#5770=IFCPRESENTATIONSTYLEASSIGNMENT((#5769));
#5771=IFCSTYLEDITEM(#241,(#5770),$);
#5772=IFCCOLOURRGB($,0.6588235294117647,0.40392156862745099,0.26666666666666666);
#5773=IFCSURFACESTYLERENDERING(#5772,$,$,$,$,$,$,$,.FLAT.);
#5774=IFCSURFACESTYLE($,.BOTH.,(#5773));
#5775=IFCPRESENTATIONSTYLEASSIGNMENT((#5774));
#5776=IFCCOLOURRGB($,0.6588235294117647,0.40392156862745099,0.26666666666666666);
#5777=IFCSURFACESTYLERENDERING(#5776,$,$,$,$,$,$,$,.FLAT.);
#5778=IFCSURFACESTYLE($,.BOTH.,(#5777));
#5779=IFCPRESENTATIONSTYLEASSIGNMENT((#5778));
#5780=IFCCOLOURRGB($,0.6588235294117647,0.40392156862745099,0.26666666666666666);
#5781=IFCSURFACESTYLERENDERING(#5780,$,$,$,$,$,$,$,.FLAT.);
#5782=IFCSURFACESTYLE($,.BOTH.,(#5781));
#5783=IFCPRESENTATIONSTYLEASSIGNMENT((#5782));
#5784=IFCSTYLEDITEM(#69,(#5783),$);
#5785=IFCSTYLEDITEM(#82,(#5783),$);
#5786=IFCSTYLEDITEM(#96,(#5783),$);
#5787=IFCCOLOURRGB($,0.6588235294117647,0.40392156862745099,0.26666666666666666);
#5788=IFCSURFACESTYLERENDERING(#5787,$,$,$,$,$,$,$,.FLAT.);
#5789=IFCSURFACESTYLE($,.BOTH.,(#5788));
#5790=IFCPRESENTATIONSTYLEASSIGNMENT((#5789));
#5791=IFCSTYLEDITEM(#389,(#5790),$);
#5792=IFCSTYLEDITEM(#402,(#5790),$);
#5793=IFCSTYLEDITEM(#415,(#5790),$);
#5794=IFCCOLOURRGB($,0.87058823529411766,0.85098039215686272,0.85098039215686272);
#5795=IFCSURFACESTYLERENDERING(#5794,$,$,$,$,$,$,$,.FLAT.);
#5796=IFCSURFACESTYLE($,.BOTH.,(#5795));
#5797=IFCPRESENTATIONSTYLEASSIGNMENT((#5796));
#5874=IFCCOLOURRGB($,0.87058823529411766,0.85098039215686272,0.85098039215686272);
#5875=IFCSURFACESTYLERENDERING(#5874,$,$,$,$,$,$,$,.FLAT.);
#5876=IFCSURFACESTYLE($,.BOTH.,(#5875));
#5877=IFCPRESENTATIONSTYLEASSIGNMENT((#5876));
#5878=IFCSTYLEDITEM(#795,(#5877),$);
#5879=IFCSTYLEDITEM(#798,(#5877),$);
#5880=IFCSTYLEDITEM(#4430,(#5877),$);
#5881=IFCSTYLEDITEM(#4433,(#5877),$);
#5882=IFCSTYLEDITEM(#4444,(#5877),$);
#5883=IFCSTYLEDITEM(#4447,(#5877),$);
#5886=IFCSTYLEDITEM(#4458,(#5877),$);
#5887=IFCSTYLEDITEM(#4461,(#5877),$);
#5888=IFCSTYLEDITEM(#4472,(#5877),$);
#5889=IFCSTYLEDITEM(#4475,(#5877),$);
#5892=IFCSTYLEDITEM(#4486,(#5877),$);
#5893=IFCSTYLEDITEM(#4489,(#5877),$);
#5894=IFCSTYLEDITEM(#4500,(#5877),$);
#5895=IFCSTYLEDITEM(#4503,(#5877),$);
#5896=IFCSTYLEDITEM(#4514,(#5877),$);
#5897=IFCSTYLEDITEM(#4517,(#5877),$);
#5900=IFCSTYLEDITEM(#4528,(#5877),$);
#5901=IFCSTYLEDITEM(#4531,(#5877),$);
#5906=IFCSTYLEDITEM(#4542,(#5877),$);
#5907=IFCSTYLEDITEM(#4545,(#5877),$);
#5910=IFCSTYLEDITEM(#4556,(#5877),$);
#5911=IFCSTYLEDITEM(#4559,(#5877),$);
#5912=IFCSTYLEDITEM(#371,(#5877),$);
#5913=IFCSTYLEDITEM(#374,(#5877),$);
#5914=IFCSTYLEDITEM(#4570,(#5877),$);
#5915=IFCSTYLEDITEM(#4573,(#5877),$);
#5916=IFCSTYLEDITEM(#4584,(#5877),$);
#5917=IFCSTYLEDITEM(#4587,(#5877),$);
#5918=IFCSTYLEDITEM(#4598,(#5877),$);
#5919=IFCSTYLEDITEM(#4601,(#5877),$);
#5920=IFCSTYLEDITEM(#4612,(#5877),$);
#5921=IFCSTYLEDITEM(#4615,(#5877),$);
#5922=IFCSTYLEDITEM(#4626,(#5877),$);
#5923=IFCSTYLEDITEM(#4629,(#5877),$);
#5928=IFCSTYLEDITEM(#4640,(#5877),$);
#5929=IFCSTYLEDITEM(#4643,(#5877),$);
#5930=IFCSTYLEDITEM(#4654,(#5877),$);
#5931=IFCSTYLEDITEM(#4657,(#5877),$);
#5932=IFCSTYLEDITEM(#4668,(#5877),$);
#5933=IFCSTYLEDITEM(#4671,(#5877),$);
#5934=IFCSTYLEDITEM(#716,(#5877),$);
#5935=IFCSTYLEDITEM(#719,(#5877),$);
#5936=IFCSTYLEDITEM(#731,(#5877),$);
#5937=IFCSTYLEDITEM(#734,(#5877),$);
#5938=IFCSTYLEDITEM(#48,(#5877),$);
#5939=IFCSTYLEDITEM(#52,(#5877),$);
#5942=IFCSTYLEDITEM(#749,(#5877),$);
#5943=IFCSTYLEDITEM(#752,(#5877),$);
#5944=IFCSTYLEDITEM(#764,(#5877),$);
#5945=IFCSTYLEDITEM(#767,(#5877),$);
#5946=IFCSTYLEDITEM(#779,(#5877),$);
#5947=IFCSTYLEDITEM(#782,(#5877),$);
#5948=IFCSTYLEDITEM(#809,(#5877),$);
#5949=IFCSTYLEDITEM(#812,(#5877),$);
#5950=IFCSTYLEDITEM(#227,(#5877),$);
#5951=IFCSTYLEDITEM(#230,(#5877),$);
#5952=IFCSTYLEDITEM(#825,(#5877),$);
#5953=IFCSTYLEDITEM(#828,(#5877),$);
#5954=IFCCOLOURRGB($,0.87058823529411766,0.85098039215686272,0.85098039215686272);
#5955=IFCSURFACESTYLERENDERING(#5954,$,$,$,$,$,$,$,.FLAT.);
#5956=IFCSURFACESTYLE($,.BOTH.,(#5955));
#5957=IFCPRESENTATIONSTYLEASSIGNMENT((#5956));
#5976=IFCCOLOURRGB($,0.87058823529411766,0.85098039215686272,0.85098039215686272);
#5977=IFCSURFACESTYLERENDERING(#5976,$,$,$,$,$,$,$,.FLAT.);
#5978=IFCSURFACESTYLE($,.BOTH.,(#5977));
#5979=IFCPRESENTATIONSTYLEASSIGNMENT((#5978));
#5980=IFCSTYLEDITEM(#439,(#5979),$);
#5981=IFCSTYLEDITEM(#442,(#5979),$);
#5982=IFCSTYLEDITEM(#472,(#5979),$);
#5983=IFCSTYLEDITEM(#475,(#5979),$);
#5984=IFCSTYLEDITEM(#852,(#5979),$);
#5985=IFCSTYLEDITEM(#855,(#5979),$);
#5986=IFCSTYLEDITEM(#609,(#5979),$);
#5987=IFCSTYLEDITEM(#612,(#5979),$);
#5988=IFCSTYLEDITEM(#642,(#5979),$);
#5989=IFCSTYLEDITEM(#645,(#5979),$);
#5990=IFCSTYLEDITEM(#123,(#5979),$);
#5991=IFCSTYLEDITEM(#126,(#5979),$);
#5992=IFCSTYLEDITEM(#694,(#5979),$);
#5993=IFCSTYLEDITEM(#697,(#5979),$);
#5994=IFCSTYLEDITEM(#505,(#5979),$);
#5995=IFCSTYLEDITEM(#508,(#5979),$);
#5996=IFCSTYLEDITEM(#287,(#5979),$);
#5997=IFCSTYLEDITEM(#290,(#5979),$);
#5998=IFCDOCUMENTINFORMATION('X','BBIM_Cost_Documents','Bonsai internal document containing references to cost CSV files',$,$,$,$,$,$,$,$,$,$,$,$,$,$);
#5999=IFCACTORROLE(.USERDEFINED.,'CONTRIBUTOR',$);
#6000=IFCORGANIZATION('IfcOpenShell','IfcOpenShell','IfcOpenShell is an open source software library that helps users and software developers to work with IFC data.',(#5999),(#6001));
#6001=IFCTELECOMADDRESS(.USERDEFINED.,$,'WEBPAGE',$,$,$,$,'https://ifcopenshell.org',$);
#6002=IFCAPPLICATION(#6000,'0.8.5','Bonsai','Bonsai-0.8.5');
#6003=IFCOWNERHISTORY(#38,#6002,.READWRITE.,.ADDED.,1778722525,#38,#6002,1778722525);
#6004=IFCRELASSOCIATESDOCUMENT('1HvL1IS3DB78muOyXrWHek',#6003,$,$,(#4792),#5998);
#6005=IFCCOLOURRGB($,0.87058823529411766,0.85098039215686272,0.85098039215686272);
#6006=IFCSURFACESTYLERENDERING(#6005,$,$,$,$,$,$,$,.FLAT.);
#6007=IFCSURFACESTYLE($,.BOTH.,(#6006));
#6008=IFCPRESENTATIONSTYLEASSIGNMENT((#6007));
#6009=IFCSTYLEDITEM(#991,(#6008),$);
#6010=IFCCARTESIANPOINT((0.,0.,-99.999904632568359));
#6011=IFCDIRECTION((0.,0.,1.));
#6012=IFCDIRECTION((1.,0.,0.));
#6013=IFCAXIS2PLACEMENT3D(#6010,#6011,#6012);
#6014=IFCLOCALPLACEMENT(#266,#6013);
#6015=IFCOWNERHISTORY(#38,#41,$,.MODIFIED.,1778723658,#38,#6002,1778487490);
#6016=IFCCARTESIANPOINT((0.,0.,-99.999904632568359));
#6017=IFCDIRECTION((0.,0.,1.));
#6018=IFCDIRECTION((1.,0.,0.));
#6019=IFCAXIS2PLACEMENT3D(#6016,#6017,#6018);
#6020=IFCLOCALPLACEMENT(#266,#6019);
#6021=IFCOWNERHISTORY(#38,#41,$,.MODIFIED.,1778723658,#38,#6002,1778487490);
#6022=IFCCARTESIANPOINT((0.,0.,-99.999904632568359));
#6023=IFCDIRECTION((0.,0.,1.));
#6024=IFCDIRECTION((1.,0.,0.));
#6025=IFCAXIS2PLACEMENT3D(#6022,#6023,#6024);
#6026=IFCLOCALPLACEMENT(#27,#6025);
#6027=IFCOWNERHISTORY(#38,#41,$,.MODIFIED.,1778723658,#38,#6002,1778487490);
#6028=IFCRELSPACEBOUNDARY('1dTe0bJbLEMPaKm_XIgbTb',#37,'MasterBedroom-2znubWhPDD4wn7Fg4E20CS','Generated demo semantic boundary',#4256,#789,$,.PHYSICAL.,.INTERNAL.);
#6029=IFCRELSPACEBOUNDARY('2H4YlJAfj83w1GgY3gERKb',#37,'MasterBedroom-2QLDczdKX9Fg7Ur4rrIQBE','Generated demo semantic boundary',#4256,#803,$,.PHYSICAL.,.INTERNAL.);
#6030=IFCRELSPACEBOUNDARY('1i$TgPPIv33OLCHFD9zbPS',#37,'MasterBedroom-2znubWhPDD4wn7Fg4E23pi','Generated demo semantic boundary',#4256,#849,$,.PHYSICAL.,.INTERNAL.);
#6031=IFCRELSPACEBOUNDARY('23NBL7_lj3LAum4wJ2Cdtd',#37,'MasterBedroom-2znubWhPDD4wn7Fg4E23qH','Generated demo semantic boundary',#4256,#4452,$,.PHYSICAL.,.INTERNAL.);
#6032=IFCRELSPACEBOUNDARY('0BcWWxlELDVhS1R7hU8Hwn',#37,'MasterBedroom-2znubWhPDD4wn7Fg4E23rO','Generated demo semantic boundary',#4256,#4466,$,.PHYSICAL.,.INTERNAL.);
#6033=IFCRELSPACEBOUNDARY('1NCYCxnbrEP83$bGCuyNdu',#37,'Bathroom-2znubWhPDD4wn7Fg4E23JJ','Generated demo semantic boundary',#4275,#284,$,.PHYSICAL.,.INTERNAL.);
#6034=IFCRELSPACEBOUNDARY('2PeOvW1On0peWYbYrMhHFU',#37,'Bathroom-2znubWhPDD4wn7Fg4E23hO','Generated demo semantic boundary',#4275,#502,$,.PHYSICAL.,.INTERNAL.);
#6035=IFCRELSPACEBOUNDARY('12Vl0c$1DCpALP$ybrh7WR',#37,'Bathroom-2znubWhPDD4wn7Fg4E23Hi','Generated demo semantic boundary',#4275,#4536,$,.PHYSICAL.,.INTERNAL.);
#6036=IFCRELSPACEBOUNDARY('3pKoUV2yHFLhg4BPyRJ19T',#37,'Bathroom-2znubWhPDD4wn7Fg4E23Lp','Generated demo semantic boundary',#4275,#4550,$,.PHYSICAL.,.INTERNAL.);
#6037=IFCRELSPACEBOUNDARY('0Vgx3WxRH0GO7AYgedczCB',#37,'EntranceStairHall-2znubWhPDD4wn7Fg4E23JJ','Generated demo semantic boundary',#4286,#284,$,.PHYSICAL.,.INTERNAL.);
#6038=IFCRELSPACEBOUNDARY('1yp$QtP3n3xABtFozKjlxq',#37,'EntranceStairHall-2znubWhPDD4wn7Fg4E23Ru','Generated demo semantic boundary',#4286,#368,$,.PHYSICAL.,.INTERNAL.);
#6039=IFCRELSPACEBOUNDARY('2ryTgPxE54VPxFc0R9BYkS',#37,'EntranceStairHall-2znubWhPDD4wn7Fg4E23n1','Generated demo semantic boundary',#4286,#4438,$,.PHYSICAL.,.INTERNAL.);
#6040=IFCRELSPACEBOUNDARY('3_ld67oGv5Wh_KwBnXnVZ$',#37,'EntranceStairHall-2znubWhPDD4wn7Fg4E23Lp','Generated demo semantic boundary',#4286,#4550,$,.PHYSICAL.,.INTERNAL.);
#6041=IFCRELSPACEBOUNDARY('3WC2aCmhrAkxjxrsHroN9I',#37,'LivingRoom-2znubWhPDD4wn7Fg4E20CS','Generated demo semantic boundary',#4297,#789,$,.PHYSICAL.,.INTERNAL.);
#6042=IFCRELSPACEBOUNDARY('36kkPOifjCWQT$a6oXKxXq',#37,'LivingRoom-2QLDczdKX9Fg7Ur4rrIQBE','Generated demo semantic boundary',#4297,#803,$,.PHYSICAL.,.INTERNAL.);
#6043=IFCRELSPACEBOUNDARY('0Cc_ZPiEb8c9rLnErAvs4f',#37,'LivingRoom-2znubWhPDD4wn7Fg4E20D6','Generated demo semantic boundary',#4297,#4424,$,.PHYSICAL.,.INTERNAL.);
#6044=IFCRELSPACEBOUNDARY('3ZOlpRqtj0QOh3cnezM4V4',#37,'LivingRoom-2znubWhPDD4wn7Fg4E23rO','Generated demo semantic boundary',#4297,#4466,$,.PHYSICAL.,.INTERNAL.);
#6045=IFCRELSPACEBOUNDARY('2E3sMJcVv2QPaQot0p4VrR',#37,'LivingRoom-2znubWhPDD4wn7Fg4E23v3','Generated demo semantic boundary',#4297,#4480,$,.PHYSICAL.,.INTERNAL.);
#6046=IFCRELSPACEBOUNDARY('2ZKzsjUSj4oP1CcXiSnakZ',#37,'Kitchen-2znubWhPDD4wn7Fg4E23tS','Generated demo semantic boundary',#4322,#606,$,.PHYSICAL.,.INTERNAL.);
#6047=IFCRELSPACEBOUNDARY('31GLXURrvFLgdEAZbFcM6Q',#37,'Kitchen-2znubWhPDD4wn7Fg4E23_q','Generated demo semantic boundary',#4322,#639,$,.PHYSICAL.,.INTERNAL.);
#6048=IFCRELSPACEBOUNDARY('3uhv377MzEgvXaTEZi1jY2',#37,'Kitchen-2znubWhPDD4wn7Fg4E23qH','Generated demo semantic boundary',#4322,#4452,$,.PHYSICAL.,.INTERNAL.);
#6049=IFCRELSPACEBOUNDARY('3G0ln_OQP4$u6gD247k_a6',#37,'Kitchen-2znubWhPDD4wn7Fg4E23v3','Generated demo semantic boundary',#4322,#4480,$,.PHYSICAL.,.INTERNAL.);
#6050=IFCRELSPACEBOUNDARY('3RZvKpiFr1p94lX6_wyiga',#37,'Kitchen-2znubWhPDD4wn7Fg4E23zw','Generated demo semantic boundary',#4322,#4508,$,.PHYSICAL.,.INTERNAL.);
#6051=IFCRELSPACEBOUNDARY('0gnIBZZ0XCLuyXl8YKqf3I',#37,'Kitchen-2znubWhPDD4wn7Fg4E23Yb','Generated demo semantic boundary',#4322,#4522,$,.PHYSICAL.,.INTERNAL.);
#6052=IFCRELSPACEBOUNDARY('2pfNYYAzn4aQzg$_Hn7QQc',#37,'Corridor-2znubWhPDD4wn7Fg4E23Ru','Generated demo semantic boundary',#4344,#368,$,.PHYSICAL.,.INTERNAL.);
#6053=IFCRELSPACEBOUNDARY('2ididVRn91hxbg6WV3gvh4',#37,'Corridor-2znubWhPDD4wn7Fg4E20D6','Generated demo semantic boundary',#4344,#4424,$,.PHYSICAL.,.INTERNAL.);
#6054=IFCRELSPACEBOUNDARY('04dQ7hzPv9yAd1Ngjn1scW',#37,'Corridor-2znubWhPDD4wn7Fg4E23n1','Generated demo semantic boundary',#4344,#4438,$,.PHYSICAL.,.INTERNAL.);
#6055=IFCRELSPACEBOUNDARY('3XehlscaL3XB$NkLx27BZS',#37,'StairRoom-2znubWhPDD4wn7Fg4E23hO','Generated demo semantic boundary',#4363,#502,$,.PHYSICAL.,.INTERNAL.);
#6056=IFCRELSPACEBOUNDARY('2fKEA9qYXEnvRBjGL5RJML',#37,'StairRoom-2znubWhPDD4wn7Fg4E23fj','Generated demo semantic boundary',#4363,#691,$,.PHYSICAL.,.INTERNAL.);
#6057=IFCRELSPACEBOUNDARY('1eVJMHkUT7ue6R9SaQyBO_',#37,'StairRoom-2znubWhPDD4wn7Fg4E23xW','Generated demo semantic boundary',#4363,#4494,$,.PHYSICAL.,.INTERNAL.);
#6058=IFCRELSPACEBOUNDARY('2WkdqlSOz1FvEKxxFKs9Zb',#37,'StairRoom-2znubWhPDD4wn7Fg4E23zw','Generated demo semantic boundary',#4363,#4508,$,.PHYSICAL.,.INTERNAL.);
#6059=IFCRELSPACEBOUNDARY('1ukviJoe5Ef8VRVjOOAtnY',#37,'Bedroom-2QLDczdKX9Fg7Ur4rrIUPb','Generated demo semantic boundary',#4393,#224,$,.PHYSICAL.,.INTERNAL.);
#6060=IFCRELSPACEBOUNDARY('1j2acSCMb7lgcmjuHRgL$$',#37,'Bedroom-2znubWhPDD4wn7Fg4E25Bw','Generated demo semantic boundary',#4393,#436,$,.PHYSICAL.,.INTERNAL.);
#6061=IFCRELSPACEBOUNDARY('27aj0lnPn6FvkgIohcgD3A',#37,'Bedroom-2znubWhPDD4wn7Fg4E24rL','Generated demo semantic boundary',#4393,#469,$,.PHYSICAL.,.INTERNAL.);
#6062=IFCRELSPACEBOUNDARY('3kBkvpXkj4H90uiwHYBttM',#37,'Bedroom-2znubWhPDD4wn7Fg4E24$Z','Generated demo semantic boundary',#4393,#710,$,.PHYSICAL.,.INTERNAL.);
#6063=IFCRELSPACEBOUNDARY('0V6KScRYLETv_hnT9WeAqS',#37,'StudyBalcony-2znubWhPDD4wn7Fg4E24i6','Generated demo semantic boundary',#4404,#120,$,.PHYSICAL.,.INTERNAL.);
#6064=IFCRELSPACEBOUNDARY('1Djo0xp898wej1FuNgWoJ1',#37,'StudyBalcony-2znubWhPDD4wn7Fg4E24rL','Generated demo semantic boundary',#4404,#469,$,.PHYSICAL.,.INTERNAL.);
#6065=IFCRELSPACEBOUNDARY('1jgUiT4Iz5gwQ83hd34HhO',#37,'StudyBalcony-2znubWhPDD4wn7Fg4E24$Z','Generated demo semantic boundary',#4404,#710,$,.PHYSICAL.,.INTERNAL.);
#6066=IFCRELSPACEBOUNDARY('0TWQgDQ8jF7v5EzvO9KPls',#37,'StudyBalcony-2QLDczdKX9Fg7Ur4rrIUKm','Generated demo semantic boundary',#4404,#819,$,.PHYSICAL.,.INTERNAL.);
#6067=IFCRELSPACEBOUNDARY('2y0xUdbaXCVOphFcaum$So',#37,'StudyBalcony-2znubWhPDD4wn7Fg4E256U','Generated demo semantic boundary',#4404,#4606,$,.PHYSICAL.,.INTERNAL.);
ENDSEC;
END-ISO-10303-21;
